model,seed,split,class,precision,recall,f1,support
logistic_regression,7,validation,nod,0.8907563025210085,0.8833333333333333,0.8870292887029289,120
logistic_regression,7,validation,shake,0.853448275862069,0.825,0.8389830508474576,120
logistic_regression,7,validation,look_left_return,0.9545454545454546,0.875,0.9130434782608695,120
logistic_regression,7,validation,look_right_return,0.95,0.95,0.9500000000000001,120
logistic_regression,7,validation,still,0.7777777777777778,0.875,0.823529411764706,120
logistic_regression,7,test,nod,0.9173553719008265,0.925,0.9211618257261411,120
logistic_regression,7,test,shake,0.9122807017543859,0.8666666666666667,0.8888888888888888,120
logistic_regression,7,test,look_left_return,0.9658119658119658,0.9416666666666667,0.9535864978902954,120
logistic_regression,7,test,look_right_return,0.9732142857142857,0.9083333333333333,0.9396551724137931,120
logistic_regression,7,test,still,0.7647058823529411,0.8666666666666667,0.8125,120
random_forest,7,validation,nod,0.8547008547008547,0.8333333333333334,0.8438818565400844,120
random_forest,7,validation,shake,0.8403361344537815,0.8333333333333334,0.8368200836820084,120
random_forest,7,validation,look_left_return,0.8934426229508197,0.9083333333333333,0.9008264462809917,120
random_forest,7,validation,look_right_return,0.8842975206611571,0.8916666666666667,0.8879668049792532,120
random_forest,7,validation,still,0.8347107438016529,0.8416666666666667,0.8381742738589212,120
random_forest,7,test,nod,0.9099099099099099,0.8416666666666667,0.8744588744588745,120
random_forest,7,test,shake,0.9304347826086956,0.8916666666666667,0.9106382978723404,120
random_forest,7,test,look_left_return,0.9354838709677419,0.9666666666666667,0.9508196721311476,120
random_forest,7,test,look_right_return,0.9083333333333333,0.9083333333333333,0.9083333333333333,120
random_forest,7,test,still,0.8,0.8666666666666667,0.832,120
logistic_regression,17,validation,nod,0.8907563025210085,0.8833333333333333,0.8870292887029289,120
logistic_regression,17,validation,shake,0.853448275862069,0.825,0.8389830508474576,120
logistic_regression,17,validation,look_left_return,0.9545454545454546,0.875,0.9130434782608695,120
logistic_regression,17,validation,look_right_return,0.95,0.95,0.9500000000000001,120
logistic_regression,17,validation,still,0.7777777777777778,0.875,0.823529411764706,120
logistic_regression,17,test,nod,0.9173553719008265,0.925,0.9211618257261411,120
logistic_regression,17,test,shake,0.9122807017543859,0.8666666666666667,0.8888888888888888,120
logistic_regression,17,test,look_left_return,0.9658119658119658,0.9416666666666667,0.9535864978902954,120
logistic_regression,17,test,look_right_return,0.9732142857142857,0.9083333333333333,0.9396551724137931,120
logistic_regression,17,test,still,0.7647058823529411,0.8666666666666667,0.8125,120
random_forest,17,validation,nod,0.8292682926829268,0.85,0.8395061728395061,120
random_forest,17,validation,shake,0.8461538461538461,0.825,0.8354430379746836,120
random_forest,17,validation,look_left_return,0.8983050847457628,0.8833333333333333,0.8907563025210085,120
random_forest,17,validation,look_right_return,0.9,0.9,0.9,120
random_forest,17,validation,still,0.8278688524590164,0.8416666666666667,0.8347107438016529,120
random_forest,17,test,nod,0.9181818181818182,0.8416666666666667,0.8782608695652174,120
random_forest,17,test,shake,0.9166666666666666,0.9166666666666666,0.9166666666666666,120
random_forest,17,test,look_left_return,0.9354838709677419,0.9666666666666667,0.9508196721311476,120
random_forest,17,test,look_right_return,0.9243697478991597,0.9166666666666666,0.9205020920502092,120
random_forest,17,test,still,0.7952755905511811,0.8416666666666667,0.8178137651821863,120
logistic_regression,27,validation,nod,0.8907563025210085,0.8833333333333333,0.8870292887029289,120
logistic_regression,27,validation,shake,0.853448275862069,0.825,0.8389830508474576,120
logistic_regression,27,validation,look_left_return,0.9545454545454546,0.875,0.9130434782608695,120
logistic_regression,27,validation,look_right_return,0.95,0.95,0.9500000000000001,120
logistic_regression,27,validation,still,0.7777777777777778,0.875,0.823529411764706,120
logistic_regression,27,test,nod,0.9173553719008265,0.925,0.9211618257261411,120
logistic_regression,27,test,shake,0.9122807017543859,0.8666666666666667,0.8888888888888888,120
logistic_regression,27,test,look_left_return,0.9658119658119658,0.9416666666666667,0.9535864978902954,120
logistic_regression,27,test,look_right_return,0.9732142857142857,0.9083333333333333,0.9396551724137931,120
logistic_regression,27,test,still,0.7647058823529411,0.8666666666666667,0.8125,120
random_forest,27,validation,nod,0.8559322033898306,0.8416666666666667,0.8487394957983194,120
random_forest,27,validation,shake,0.8461538461538461,0.825,0.8354430379746836,120
random_forest,27,validation,look_left_return,0.8916666666666667,0.8916666666666667,0.8916666666666667,120
random_forest,27,validation,look_right_return,0.8934426229508197,0.9083333333333333,0.9008264462809917,120
random_forest,27,validation,still,0.8292682926829268,0.85,0.8395061728395061,120
random_forest,27,test,nod,0.9166666666666666,0.825,0.8684210526315789,120
random_forest,27,test,shake,0.9224137931034483,0.8916666666666667,0.9067796610169492,120
random_forest,27,test,look_left_return,0.9354838709677419,0.9666666666666667,0.9508196721311476,120
random_forest,27,test,look_right_return,0.9067796610169492,0.8916666666666667,0.8991596638655461,120
random_forest,27,test,still,0.7761194029850746,0.8666666666666667,0.8188976377952756,120
logistic_regression,37,validation,nod,0.8907563025210085,0.8833333333333333,0.8870292887029289,120
logistic_regression,37,validation,shake,0.853448275862069,0.825,0.8389830508474576,120
logistic_regression,37,validation,look_left_return,0.9545454545454546,0.875,0.9130434782608695,120
logistic_regression,37,validation,look_right_return,0.95,0.95,0.9500000000000001,120
logistic_regression,37,validation,still,0.7777777777777778,0.875,0.823529411764706,120
logistic_regression,37,test,nod,0.9173553719008265,0.925,0.9211618257261411,120
logistic_regression,37,test,shake,0.9122807017543859,0.8666666666666667,0.8888888888888888,120
logistic_regression,37,test,look_left_return,0.9658119658119658,0.9416666666666667,0.9535864978902954,120
logistic_regression,37,test,look_right_return,0.9732142857142857,0.9083333333333333,0.9396551724137931,120
logistic_regression,37,test,still,0.7647058823529411,0.8666666666666667,0.8125,120
random_forest,37,validation,nod,0.824,0.8583333333333333,0.8408163265306122,120
random_forest,37,validation,shake,0.8608695652173913,0.825,0.8425531914893616,120
random_forest,37,validation,look_left_return,0.905982905982906,0.8833333333333333,0.8945147679324895,120
random_forest,37,validation,look_right_return,0.8925619834710744,0.9,0.8962655601659751,120
random_forest,37,validation,still,0.8278688524590164,0.8416666666666667,0.8347107438016529,120
random_forest,37,test,nod,0.9166666666666666,0.825,0.8684210526315789,120
random_forest,37,test,shake,0.907563025210084,0.9,0.9037656903765691,120
random_forest,37,test,look_left_return,0.9354838709677419,0.9666666666666667,0.9508196721311476,120
random_forest,37,test,look_right_return,0.9083333333333333,0.9083333333333333,0.9083333333333333,120
random_forest,37,test,still,0.7984496124031008,0.8583333333333333,0.8273092369477911,120
logistic_regression,47,validation,nod,0.8907563025210085,0.8833333333333333,0.8870292887029289,120
logistic_regression,47,validation,shake,0.853448275862069,0.825,0.8389830508474576,120
logistic_regression,47,validation,look_left_return,0.9545454545454546,0.875,0.9130434782608695,120
logistic_regression,47,validation,look_right_return,0.95,0.95,0.9500000000000001,120
logistic_regression,47,validation,still,0.7777777777777778,0.875,0.823529411764706,120
logistic_regression,47,test,nod,0.9173553719008265,0.925,0.9211618257261411,120
logistic_regression,47,test,shake,0.9122807017543859,0.8666666666666667,0.8888888888888888,120
logistic_regression,47,test,look_left_return,0.9658119658119658,0.9416666666666667,0.9535864978902954,120
logistic_regression,47,test,look_right_return,0.9732142857142857,0.9083333333333333,0.9396551724137931,120
logistic_regression,47,test,still,0.7647058823529411,0.8666666666666667,0.8125,120
random_forest,47,validation,nod,0.808,0.8416666666666667,0.8244897959183675,120
random_forest,47,validation,shake,0.8448275862068966,0.8166666666666667,0.8305084745762712,120
random_forest,47,validation,look_left_return,0.9067796610169492,0.8916666666666667,0.8991596638655461,120
random_forest,47,validation,look_right_return,0.907563025210084,0.9,0.9037656903765691,120
random_forest,47,validation,still,0.819672131147541,0.8333333333333334,0.8264462809917356,120
random_forest,47,test,nod,0.9166666666666666,0.825,0.8684210526315789,120
random_forest,47,test,shake,0.9230769230769231,0.9,0.9113924050632911,120
random_forest,47,test,look_left_return,0.9508196721311475,0.9666666666666667,0.9586776859504132,120
random_forest,47,test,look_right_return,0.9152542372881356,0.9,0.9075630252100839,120
random_forest,47,test,still,0.7851851851851852,0.8833333333333333,0.8313725490196078,120
snn_64,7,validation,nod,0.896551724137931,0.8666666666666667,0.8813559322033899,120
snn_64,7,validation,shake,0.8165137614678899,0.7416666666666667,0.777292576419214,120
snn_64,7,validation,look_left_return,0.8842975206611571,0.8916666666666667,0.8879668049792532,120
snn_64,7,validation,look_right_return,0.9051724137931034,0.875,0.8898305084745763,120
snn_64,7,validation,still,0.7318840579710145,0.8416666666666667,0.7829457364341085,120
snn_64,7,test,nod,0.9090909090909091,0.8333333333333334,0.8695652173913043,120
snn_64,7,test,shake,0.8173076923076923,0.7083333333333334,0.7589285714285715,120
snn_64,7,test,look_left_return,0.8503937007874016,0.9,0.874493927125506,120
snn_64,7,test,look_right_return,0.8947368421052632,0.85,0.8717948717948718,120
snn_64,7,test,still,0.696551724137931,0.8416666666666667,0.7622641509433962,120
snn_64,17,validation,nod,0.9017857142857143,0.8416666666666667,0.8706896551724138,120
snn_64,17,validation,shake,0.8333333333333334,0.75,0.7894736842105262,120
snn_64,17,validation,look_left_return,0.8503937007874016,0.9,0.874493927125506,120
snn_64,17,validation,look_right_return,0.9008264462809917,0.9083333333333333,0.904564315352697,120
snn_64,17,validation,still,0.7727272727272727,0.85,0.8095238095238095,120
snn_64,17,test,nod,0.9090909090909091,0.8333333333333334,0.8695652173913043,120
snn_64,17,test,shake,0.9473684210526315,0.75,0.8372093023255814,120
snn_64,17,test,look_left_return,0.8692307692307693,0.9416666666666667,0.904,120
snn_64,17,test,look_right_return,0.859375,0.9166666666666666,0.8870967741935484,120
snn_64,17,test,still,0.7299270072992701,0.8333333333333334,0.7782101167315175,120
snn_64,27,validation,nod,0.9159663865546218,0.9083333333333333,0.9121338912133891,120
snn_64,27,validation,shake,0.8333333333333334,0.7916666666666666,0.811965811965812,120
snn_64,27,validation,look_left_return,0.8842975206611571,0.8916666666666667,0.8879668049792532,120
snn_64,27,validation,look_right_return,0.9,0.9,0.9,120
snn_64,27,validation,still,0.7777777777777778,0.8166666666666667,0.7967479674796747,120
snn_64,27,test,nod,0.896551724137931,0.8666666666666667,0.8813559322033899,120
snn_64,27,test,shake,0.864406779661017,0.85,0.8571428571428572,120
snn_64,27,test,look_left_return,0.9256198347107438,0.9333333333333333,0.9294605809128631,120
snn_64,27,test,look_right_return,0.9067796610169492,0.8916666666666667,0.8991596638655461,120
snn_64,27,test,still,0.7480314960629921,0.7916666666666666,0.7692307692307694,120
snn_32,7,validation,nod,0.8898305084745762,0.875,0.8823529411764707,120
snn_32,7,validation,shake,0.8877551020408163,0.725,0.7981651376146789,120
snn_32,7,validation,look_left_return,0.8760330578512396,0.8833333333333333,0.8796680497925311,120
snn_32,7,validation,look_right_return,0.8943089430894309,0.9166666666666666,0.9053497942386831,120
snn_32,7,validation,still,0.7428571428571429,0.8666666666666667,0.8,120
snn_32,7,test,nod,0.9043478260869565,0.8666666666666667,0.8851063829787233,120
snn_32,7,test,shake,0.8653846153846154,0.75,0.8035714285714286,120
snn_32,7,test,look_left_return,0.9166666666666666,0.9166666666666666,0.9166666666666666,120
snn_32,7,test,look_right_return,0.9008264462809917,0.9083333333333333,0.904564315352697,120
snn_32,7,test,still,0.7571428571428571,0.8833333333333333,0.8153846153846154,120
snn_32,17,validation,nod,0.9423076923076923,0.8166666666666667,0.8749999999999999,120
snn_32,17,validation,shake,0.8482142857142857,0.7916666666666666,0.8189655172413793,120
snn_32,17,validation,look_left_return,0.8527131782945736,0.9166666666666666,0.8835341365461846,120
snn_32,17,validation,look_right_return,0.9298245614035088,0.8833333333333333,0.905982905982906,120
snn_32,17,validation,still,0.7659574468085106,0.9,0.8275862068965516,120
snn_32,17,test,nod,0.9009009009009009,0.8333333333333334,0.8658008658008659,120
snn_32,17,test,shake,0.912621359223301,0.7833333333333333,0.8430493273542601,120
snn_32,17,test,look_left_return,0.9256198347107438,0.9333333333333333,0.9294605809128631,120
snn_32,17,test,look_right_return,0.8934426229508197,0.9083333333333333,0.9008264462809917,120
snn_32,17,test,still,0.7272727272727273,0.8666666666666667,0.790874524714829,120
snn_32,27,validation,nod,0.911504424778761,0.8583333333333333,0.8841201716738197,120
snn_32,27,validation,shake,0.8376068376068376,0.8166666666666667,0.8270042194092827,120
snn_32,27,validation,look_left_return,0.8842975206611571,0.8916666666666667,0.8879668049792532,120
snn_32,27,validation,look_right_return,0.9152542372881356,0.9,0.9075630252100839,120
snn_32,27,validation,still,0.7862595419847328,0.8583333333333333,0.8207171314741035,120
snn_32,27,test,nod,0.9433962264150944,0.8333333333333334,0.8849557522123894,120
snn_32,27,test,shake,0.8421052631578947,0.8,0.8205128205128205,120
snn_32,27,test,look_left_return,0.9112903225806451,0.9416666666666667,0.9262295081967212,120
snn_32,27,test,look_right_return,0.8916666666666667,0.8916666666666667,0.8916666666666667,120
snn_32,27,test,still,0.7058823529411765,0.8,0.7500000000000001,120
