detector,split,condition,amplitude_scale,speed_scale,frozen_threshold,planned_count,quality_valid_count,pre_tag_quality_blocked_count,legitimate_variant_flagged_count,legitimate_variant_unflagged_count,legitimate_variant_flag_rate,flag_rate_ci_low,flag_rate_ci_high,interpretation
anomaly_logistic_regression_seed6007,validation,nod_variant,0.1,0.75,0.5431098819766053,120,120,0,7,113,0.058333333333333334,0.02377202379051946,0.11649837964561313,flag frequency on legitimate synthetic motion; not adversarial detection recall
anomaly_logistic_regression_seed6017,validation,nod_variant,0.1,0.75,0.5431098819766053,120,120,0,7,113,0.058333333333333334,0.02377202379051946,0.11649837964561313,flag frequency on legitimate synthetic motion; not adversarial detection recall
anomaly_logistic_regression_seed6027,validation,nod_variant,0.1,0.75,0.5431098819766053,120,120,0,7,113,0.058333333333333334,0.02377202379051946,0.11649837964561313,flag frequency on legitimate synthetic motion; not adversarial detection recall
anomaly_random_forest_seed6007,validation,nod_variant,0.1,0.75,0.9063113697586315,120,120,0,3,117,0.025,0.005185574958321393,0.07132319415690433,flag frequency on legitimate synthetic motion; not adversarial detection recall
anomaly_random_forest_seed6017,validation,nod_variant,0.1,0.75,0.9054505494505495,120,120,0,3,117,0.025,0.005185574958321393,0.07132319415690433,flag frequency on legitimate synthetic motion; not adversarial detection recall
anomaly_random_forest_seed6027,validation,nod_variant,0.1,0.75,0.9077944139194141,120,120,0,3,117,0.025,0.005185574958321393,0.07132319415690433,flag frequency on legitimate synthetic motion; not adversarial detection recall
anomaly_logistic_regression_seed6007,test,nod_variant,0.1,0.75,0.5431098819766053,120,120,0,4,116,0.03333333333333333,0.009155505556836863,0.0831487214285094,flag frequency on legitimate synthetic motion; not adversarial detection recall
anomaly_logistic_regression_seed6017,test,nod_variant,0.1,0.75,0.5431098819766053,120,120,0,4,116,0.03333333333333333,0.009155505556836863,0.0831487214285094,flag frequency on legitimate synthetic motion; not adversarial detection recall
anomaly_logistic_regression_seed6027,test,nod_variant,0.1,0.75,0.5431098819766053,120,120,0,4,116,0.03333333333333333,0.009155505556836863,0.0831487214285094,flag frequency on legitimate synthetic motion; not adversarial detection recall
anomaly_random_forest_seed6007,test,nod_variant,0.1,0.75,0.9063113697586315,120,120,0,5,115,0.041666666666666664,0.01366538411678997,0.09455879997593644,flag frequency on legitimate synthetic motion; not adversarial detection recall
anomaly_random_forest_seed6017,test,nod_variant,0.1,0.75,0.9054505494505495,120,120,0,4,116,0.03333333333333333,0.009155505556836863,0.0831487214285094,flag frequency on legitimate synthetic motion; not adversarial detection recall
anomaly_random_forest_seed6027,test,nod_variant,0.1,0.75,0.9077944139194141,120,120,0,3,117,0.025,0.005185574958321393,0.07132319415690433,flag frequency on legitimate synthetic motion; not adversarial detection recall
anomaly_logistic_regression_seed6007,validation,nod_variant,0.1,1.0,0.5431098819766053,120,120,0,7,113,0.058333333333333334,0.02377202379051946,0.11649837964561313,flag frequency on legitimate synthetic motion; not adversarial detection recall
anomaly_logistic_regression_seed6017,validation,nod_variant,0.1,1.0,0.5431098819766053,120,120,0,7,113,0.058333333333333334,0.02377202379051946,0.11649837964561313,flag frequency on legitimate synthetic motion; not adversarial detection recall
anomaly_logistic_regression_seed6027,validation,nod_variant,0.1,1.0,0.5431098819766053,120,120,0,7,113,0.058333333333333334,0.02377202379051946,0.11649837964561313,flag frequency on legitimate synthetic motion; not adversarial detection recall
anomaly_random_forest_seed6007,validation,nod_variant,0.1,1.0,0.9063113697586315,120,120,0,4,116,0.03333333333333333,0.009155505556836863,0.0831487214285094,flag frequency on legitimate synthetic motion; not adversarial detection recall
anomaly_random_forest_seed6017,validation,nod_variant,0.1,1.0,0.9054505494505495,120,120,0,2,118,0.016666666666666666,0.0020248223376930774,0.05890921946702635,flag frequency on legitimate synthetic motion; not adversarial detection recall
anomaly_random_forest_seed6027,validation,nod_variant,0.1,1.0,0.9077944139194141,120,120,0,3,117,0.025,0.005185574958321393,0.07132319415690433,flag frequency on legitimate synthetic motion; not adversarial detection recall
anomaly_logistic_regression_seed6007,test,nod_variant,0.1,1.0,0.5431098819766053,120,120,0,5,115,0.041666666666666664,0.01366538411678997,0.09455879997593644,flag frequency on legitimate synthetic motion; not adversarial detection recall
anomaly_logistic_regression_seed6017,test,nod_variant,0.1,1.0,0.5431098819766053,120,120,0,5,115,0.041666666666666664,0.01366538411678997,0.09455879997593644,flag frequency on legitimate synthetic motion; not adversarial detection recall
anomaly_logistic_regression_seed6027,test,nod_variant,0.1,1.0,0.5431098819766053,120,120,0,5,115,0.041666666666666664,0.01366538411678997,0.09455879997593644,flag frequency on legitimate synthetic motion; not adversarial detection recall
anomaly_random_forest_seed6007,test,nod_variant,0.1,1.0,0.9063113697586315,120,120,0,4,116,0.03333333333333333,0.009155505556836863,0.0831487214285094,flag frequency on legitimate synthetic motion; not adversarial detection recall
anomaly_random_forest_seed6017,test,nod_variant,0.1,1.0,0.9054505494505495,120,120,0,4,116,0.03333333333333333,0.009155505556836863,0.0831487214285094,flag frequency on legitimate synthetic motion; not adversarial detection recall
anomaly_random_forest_seed6027,test,nod_variant,0.1,1.0,0.9077944139194141,120,120,0,3,117,0.025,0.005185574958321393,0.07132319415690433,flag frequency on legitimate synthetic motion; not adversarial detection recall
anomaly_logistic_regression_seed6007,validation,nod_variant,0.1,1.25,0.5431098819766053,120,120,0,8,112,0.06666666666666667,0.029219184313796998,0.12713674823921145,flag frequency on legitimate synthetic motion; not adversarial detection recall
anomaly_logistic_regression_seed6017,validation,nod_variant,0.1,1.25,0.5431098819766053,120,120,0,8,112,0.06666666666666667,0.029219184313796998,0.12713674823921145,flag frequency on legitimate synthetic motion; not adversarial detection recall
anomaly_logistic_regression_seed6027,validation,nod_variant,0.1,1.25,0.5431098819766053,120,120,0,8,112,0.06666666666666667,0.029219184313796998,0.12713674823921145,flag frequency on legitimate synthetic motion; not adversarial detection recall
anomaly_random_forest_seed6007,validation,nod_variant,0.1,1.25,0.9063113697586315,120,120,0,3,117,0.025,0.005185574958321393,0.07132319415690433,flag frequency on legitimate synthetic motion; not adversarial detection recall
anomaly_random_forest_seed6017,validation,nod_variant,0.1,1.25,0.9054505494505495,120,120,0,2,118,0.016666666666666666,0.0020248223376930774,0.05890921946702635,flag frequency on legitimate synthetic motion; not adversarial detection recall
anomaly_random_forest_seed6027,validation,nod_variant,0.1,1.25,0.9077944139194141,120,120,0,3,117,0.025,0.005185574958321393,0.07132319415690433,flag frequency on legitimate synthetic motion; not adversarial detection recall
anomaly_logistic_regression_seed6007,test,nod_variant,0.1,1.25,0.5431098819766053,120,120,0,5,115,0.041666666666666664,0.01366538411678997,0.09455879997593644,flag frequency on legitimate synthetic motion; not adversarial detection recall
anomaly_logistic_regression_seed6017,test,nod_variant,0.1,1.25,0.5431098819766053,120,120,0,5,115,0.041666666666666664,0.01366538411678997,0.09455879997593644,flag frequency on legitimate synthetic motion; not adversarial detection recall
anomaly_logistic_regression_seed6027,test,nod_variant,0.1,1.25,0.5431098819766053,120,120,0,5,115,0.041666666666666664,0.01366538411678997,0.09455879997593644,flag frequency on legitimate synthetic motion; not adversarial detection recall
anomaly_random_forest_seed6007,test,nod_variant,0.1,1.25,0.9063113697586315,120,120,0,4,116,0.03333333333333333,0.009155505556836863,0.0831487214285094,flag frequency on legitimate synthetic motion; not adversarial detection recall
anomaly_random_forest_seed6017,test,nod_variant,0.1,1.25,0.9054505494505495,120,120,0,4,116,0.03333333333333333,0.009155505556836863,0.0831487214285094,flag frequency on legitimate synthetic motion; not adversarial detection recall
anomaly_random_forest_seed6027,test,nod_variant,0.1,1.25,0.9077944139194141,120,120,0,4,116,0.03333333333333333,0.009155505556836863,0.0831487214285094,flag frequency on legitimate synthetic motion; not adversarial detection recall
anomaly_logistic_regression_seed6007,validation,nod_variant,0.25,0.75,0.5431098819766053,120,120,0,7,113,0.058333333333333334,0.02377202379051946,0.11649837964561313,flag frequency on legitimate synthetic motion; not adversarial detection recall
anomaly_logistic_regression_seed6017,validation,nod_variant,0.25,0.75,0.5431098819766053,120,120,0,7,113,0.058333333333333334,0.02377202379051946,0.11649837964561313,flag frequency on legitimate synthetic motion; not adversarial detection recall
anomaly_logistic_regression_seed6027,validation,nod_variant,0.25,0.75,0.5431098819766053,120,120,0,7,113,0.058333333333333334,0.02377202379051946,0.11649837964561313,flag frequency on legitimate synthetic motion; not adversarial detection recall
anomaly_random_forest_seed6007,validation,nod_variant,0.25,0.75,0.9063113697586315,120,120,0,3,117,0.025,0.005185574958321393,0.07132319415690433,flag frequency on legitimate synthetic motion; not adversarial detection recall
anomaly_random_forest_seed6017,validation,nod_variant,0.25,0.75,0.9054505494505495,120,120,0,3,117,0.025,0.005185574958321393,0.07132319415690433,flag frequency on legitimate synthetic motion; not adversarial detection recall
anomaly_random_forest_seed6027,validation,nod_variant,0.25,0.75,0.9077944139194141,120,120,0,3,117,0.025,0.005185574958321393,0.07132319415690433,flag frequency on legitimate synthetic motion; not adversarial detection recall
anomaly_logistic_regression_seed6007,test,nod_variant,0.25,0.75,0.5431098819766053,120,120,0,2,118,0.016666666666666666,0.0020248223376930774,0.05890921946702635,flag frequency on legitimate synthetic motion; not adversarial detection recall
anomaly_logistic_regression_seed6017,test,nod_variant,0.25,0.75,0.5431098819766053,120,120,0,2,118,0.016666666666666666,0.0020248223376930774,0.05890921946702635,flag frequency on legitimate synthetic motion; not adversarial detection recall
anomaly_logistic_regression_seed6027,test,nod_variant,0.25,0.75,0.5431098819766053,120,120,0,2,118,0.016666666666666666,0.0020248223376930774,0.05890921946702635,flag frequency on legitimate synthetic motion; not adversarial detection recall
anomaly_random_forest_seed6007,test,nod_variant,0.25,0.75,0.9063113697586315,120,120,0,4,116,0.03333333333333333,0.009155505556836863,0.0831487214285094,flag frequency on legitimate synthetic motion; not adversarial detection recall
anomaly_random_forest_seed6017,test,nod_variant,0.25,0.75,0.9054505494505495,120,120,0,3,117,0.025,0.005185574958321393,0.07132319415690433,flag frequency on legitimate synthetic motion; not adversarial detection recall
anomaly_random_forest_seed6027,test,nod_variant,0.25,0.75,0.9077944139194141,120,120,0,2,118,0.016666666666666666,0.0020248223376930774,0.05890921946702635,flag frequency on legitimate synthetic motion; not adversarial detection recall
anomaly_logistic_regression_seed6007,validation,nod_variant,0.25,1.0,0.5431098819766053,120,120,0,7,113,0.058333333333333334,0.02377202379051946,0.11649837964561313,flag frequency on legitimate synthetic motion; not adversarial detection recall
anomaly_logistic_regression_seed6017,validation,nod_variant,0.25,1.0,0.5431098819766053,120,120,0,7,113,0.058333333333333334,0.02377202379051946,0.11649837964561313,flag frequency on legitimate synthetic motion; not adversarial detection recall
anomaly_logistic_regression_seed6027,validation,nod_variant,0.25,1.0,0.5431098819766053,120,120,0,7,113,0.058333333333333334,0.02377202379051946,0.11649837964561313,flag frequency on legitimate synthetic motion; not adversarial detection recall
anomaly_random_forest_seed6007,validation,nod_variant,0.25,1.0,0.9063113697586315,120,120,0,3,117,0.025,0.005185574958321393,0.07132319415690433,flag frequency on legitimate synthetic motion; not adversarial detection recall
anomaly_random_forest_seed6017,validation,nod_variant,0.25,1.0,0.9054505494505495,120,120,0,2,118,0.016666666666666666,0.0020248223376930774,0.05890921946702635,flag frequency on legitimate synthetic motion; not adversarial detection recall
anomaly_random_forest_seed6027,validation,nod_variant,0.25,1.0,0.9077944139194141,120,120,0,3,117,0.025,0.005185574958321393,0.07132319415690433,flag frequency on legitimate synthetic motion; not adversarial detection recall
anomaly_logistic_regression_seed6007,test,nod_variant,0.25,1.0,0.5431098819766053,120,120,0,4,116,0.03333333333333333,0.009155505556836863,0.0831487214285094,flag frequency on legitimate synthetic motion; not adversarial detection recall
anomaly_logistic_regression_seed6017,test,nod_variant,0.25,1.0,0.5431098819766053,120,120,0,4,116,0.03333333333333333,0.009155505556836863,0.0831487214285094,flag frequency on legitimate synthetic motion; not adversarial detection recall
anomaly_logistic_regression_seed6027,test,nod_variant,0.25,1.0,0.5431098819766053,120,120,0,4,116,0.03333333333333333,0.009155505556836863,0.0831487214285094,flag frequency on legitimate synthetic motion; not adversarial detection recall
anomaly_random_forest_seed6007,test,nod_variant,0.25,1.0,0.9063113697586315,120,120,0,3,117,0.025,0.005185574958321393,0.07132319415690433,flag frequency on legitimate synthetic motion; not adversarial detection recall
anomaly_random_forest_seed6017,test,nod_variant,0.25,1.0,0.9054505494505495,120,120,0,4,116,0.03333333333333333,0.009155505556836863,0.0831487214285094,flag frequency on legitimate synthetic motion; not adversarial detection recall
anomaly_random_forest_seed6027,test,nod_variant,0.25,1.0,0.9077944139194141,120,120,0,2,118,0.016666666666666666,0.0020248223376930774,0.05890921946702635,flag frequency on legitimate synthetic motion; not adversarial detection recall
anomaly_logistic_regression_seed6007,validation,nod_variant,0.25,1.25,0.5431098819766053,120,120,0,8,112,0.06666666666666667,0.029219184313796998,0.12713674823921145,flag frequency on legitimate synthetic motion; not adversarial detection recall
anomaly_logistic_regression_seed6017,validation,nod_variant,0.25,1.25,0.5431098819766053,120,120,0,8,112,0.06666666666666667,0.029219184313796998,0.12713674823921145,flag frequency on legitimate synthetic motion; not adversarial detection recall
anomaly_logistic_regression_seed6027,validation,nod_variant,0.25,1.25,0.5431098819766053,120,120,0,8,112,0.06666666666666667,0.029219184313796998,0.12713674823921145,flag frequency on legitimate synthetic motion; not adversarial detection recall
anomaly_random_forest_seed6007,validation,nod_variant,0.25,1.25,0.9063113697586315,120,120,0,3,117,0.025,0.005185574958321393,0.07132319415690433,flag frequency on legitimate synthetic motion; not adversarial detection recall
anomaly_random_forest_seed6017,validation,nod_variant,0.25,1.25,0.9054505494505495,120,120,0,2,118,0.016666666666666666,0.0020248223376930774,0.05890921946702635,flag frequency on legitimate synthetic motion; not adversarial detection recall
anomaly_random_forest_seed6027,validation,nod_variant,0.25,1.25,0.9077944139194141,120,120,0,2,118,0.016666666666666666,0.0020248223376930774,0.05890921946702635,flag frequency on legitimate synthetic motion; not adversarial detection recall
anomaly_logistic_regression_seed6007,test,nod_variant,0.25,1.25,0.5431098819766053,120,120,0,5,115,0.041666666666666664,0.01366538411678997,0.09455879997593644,flag frequency on legitimate synthetic motion; not adversarial detection recall
anomaly_logistic_regression_seed6017,test,nod_variant,0.25,1.25,0.5431098819766053,120,120,0,5,115,0.041666666666666664,0.01366538411678997,0.09455879997593644,flag frequency on legitimate synthetic motion; not adversarial detection recall
anomaly_logistic_regression_seed6027,test,nod_variant,0.25,1.25,0.5431098819766053,120,120,0,5,115,0.041666666666666664,0.01366538411678997,0.09455879997593644,flag frequency on legitimate synthetic motion; not adversarial detection recall
anomaly_random_forest_seed6007,test,nod_variant,0.25,1.25,0.9063113697586315,120,120,0,2,118,0.016666666666666666,0.0020248223376930774,0.05890921946702635,flag frequency on legitimate synthetic motion; not adversarial detection recall
anomaly_random_forest_seed6017,test,nod_variant,0.25,1.25,0.9054505494505495,120,120,0,3,117,0.025,0.005185574958321393,0.07132319415690433,flag frequency on legitimate synthetic motion; not adversarial detection recall
anomaly_random_forest_seed6027,test,nod_variant,0.25,1.25,0.9077944139194141,120,120,0,2,118,0.016666666666666666,0.0020248223376930774,0.05890921946702635,flag frequency on legitimate synthetic motion; not adversarial detection recall
anomaly_logistic_regression_seed6007,validation,nod_variant,0.5,0.75,0.5431098819766053,120,120,0,7,113,0.058333333333333334,0.02377202379051946,0.11649837964561313,flag frequency on legitimate synthetic motion; not adversarial detection recall
anomaly_logistic_regression_seed6017,validation,nod_variant,0.5,0.75,0.5431098819766053,120,120,0,7,113,0.058333333333333334,0.02377202379051946,0.11649837964561313,flag frequency on legitimate synthetic motion; not adversarial detection recall
anomaly_logistic_regression_seed6027,validation,nod_variant,0.5,0.75,0.5431098819766053,120,120,0,7,113,0.058333333333333334,0.02377202379051946,0.11649837964561313,flag frequency on legitimate synthetic motion; not adversarial detection recall
anomaly_random_forest_seed6007,validation,nod_variant,0.5,0.75,0.9063113697586315,120,120,0,3,117,0.025,0.005185574958321393,0.07132319415690433,flag frequency on legitimate synthetic motion; not adversarial detection recall
anomaly_random_forest_seed6017,validation,nod_variant,0.5,0.75,0.9054505494505495,120,120,0,3,117,0.025,0.005185574958321393,0.07132319415690433,flag frequency on legitimate synthetic motion; not adversarial detection recall
anomaly_random_forest_seed6027,validation,nod_variant,0.5,0.75,0.9077944139194141,120,120,0,3,117,0.025,0.005185574958321393,0.07132319415690433,flag frequency on legitimate synthetic motion; not adversarial detection recall
anomaly_logistic_regression_seed6007,test,nod_variant,0.5,0.75,0.5431098819766053,120,120,0,3,117,0.025,0.005185574958321393,0.07132319415690433,flag frequency on legitimate synthetic motion; not adversarial detection recall
anomaly_logistic_regression_seed6017,test,nod_variant,0.5,0.75,0.5431098819766053,120,120,0,3,117,0.025,0.005185574958321393,0.07132319415690433,flag frequency on legitimate synthetic motion; not adversarial detection recall
anomaly_logistic_regression_seed6027,test,nod_variant,0.5,0.75,0.5431098819766053,120,120,0,3,117,0.025,0.005185574958321393,0.07132319415690433,flag frequency on legitimate synthetic motion; not adversarial detection recall
anomaly_random_forest_seed6007,test,nod_variant,0.5,0.75,0.9063113697586315,120,120,0,3,117,0.025,0.005185574958321393,0.07132319415690433,flag frequency on legitimate synthetic motion; not adversarial detection recall
anomaly_random_forest_seed6017,test,nod_variant,0.5,0.75,0.9054505494505495,120,120,0,2,118,0.016666666666666666,0.0020248223376930774,0.05890921946702635,flag frequency on legitimate synthetic motion; not adversarial detection recall
anomaly_random_forest_seed6027,test,nod_variant,0.5,0.75,0.9077944139194141,120,120,0,4,116,0.03333333333333333,0.009155505556836863,0.0831487214285094,flag frequency on legitimate synthetic motion; not adversarial detection recall
anomaly_logistic_regression_seed6007,validation,nod_variant,0.5,1.0,0.5431098819766053,120,120,0,6,114,0.05,0.018567586782669565,0.1056538545187111,flag frequency on legitimate synthetic motion; not adversarial detection recall
anomaly_logistic_regression_seed6017,validation,nod_variant,0.5,1.0,0.5431098819766053,120,120,0,6,114,0.05,0.018567586782669565,0.1056538545187111,flag frequency on legitimate synthetic motion; not adversarial detection recall
anomaly_logistic_regression_seed6027,validation,nod_variant,0.5,1.0,0.5431098819766053,120,120,0,6,114,0.05,0.018567586782669565,0.1056538545187111,flag frequency on legitimate synthetic motion; not adversarial detection recall
anomaly_random_forest_seed6007,validation,nod_variant,0.5,1.0,0.9063113697586315,120,120,0,3,117,0.025,0.005185574958321393,0.07132319415690433,flag frequency on legitimate synthetic motion; not adversarial detection recall
anomaly_random_forest_seed6017,validation,nod_variant,0.5,1.0,0.9054505494505495,120,120,0,4,116,0.03333333333333333,0.009155505556836863,0.0831487214285094,flag frequency on legitimate synthetic motion; not adversarial detection recall
anomaly_random_forest_seed6027,validation,nod_variant,0.5,1.0,0.9077944139194141,120,120,0,3,117,0.025,0.005185574958321393,0.07132319415690433,flag frequency on legitimate synthetic motion; not adversarial detection recall
anomaly_logistic_regression_seed6007,test,nod_variant,0.5,1.0,0.5431098819766053,120,120,0,3,117,0.025,0.005185574958321393,0.07132319415690433,flag frequency on legitimate synthetic motion; not adversarial detection recall
anomaly_logistic_regression_seed6017,test,nod_variant,0.5,1.0,0.5431098819766053,120,120,0,3,117,0.025,0.005185574958321393,0.07132319415690433,flag frequency on legitimate synthetic motion; not adversarial detection recall
anomaly_logistic_regression_seed6027,test,nod_variant,0.5,1.0,0.5431098819766053,120,120,0,3,117,0.025,0.005185574958321393,0.07132319415690433,flag frequency on legitimate synthetic motion; not adversarial detection recall
anomaly_random_forest_seed6007,test,nod_variant,0.5,1.0,0.9063113697586315,120,120,0,3,117,0.025,0.005185574958321393,0.07132319415690433,flag frequency on legitimate synthetic motion; not adversarial detection recall
anomaly_random_forest_seed6017,test,nod_variant,0.5,1.0,0.9054505494505495,120,120,0,3,117,0.025,0.005185574958321393,0.07132319415690433,flag frequency on legitimate synthetic motion; not adversarial detection recall
anomaly_random_forest_seed6027,test,nod_variant,0.5,1.0,0.9077944139194141,120,120,0,4,116,0.03333333333333333,0.009155505556836863,0.0831487214285094,flag frequency on legitimate synthetic motion; not adversarial detection recall
anomaly_logistic_regression_seed6007,validation,nod_variant,0.5,1.25,0.5431098819766053,120,120,0,7,113,0.058333333333333334,0.02377202379051946,0.11649837964561313,flag frequency on legitimate synthetic motion; not adversarial detection recall
anomaly_logistic_regression_seed6017,validation,nod_variant,0.5,1.25,0.5431098819766053,120,120,0,7,113,0.058333333333333334,0.02377202379051946,0.11649837964561313,flag frequency on legitimate synthetic motion; not adversarial detection recall
anomaly_logistic_regression_seed6027,validation,nod_variant,0.5,1.25,0.5431098819766053,120,120,0,7,113,0.058333333333333334,0.02377202379051946,0.11649837964561313,flag frequency on legitimate synthetic motion; not adversarial detection recall
anomaly_random_forest_seed6007,validation,nod_variant,0.5,1.25,0.9063113697586315,120,120,0,5,115,0.041666666666666664,0.01366538411678997,0.09455879997593644,flag frequency on legitimate synthetic motion; not adversarial detection recall
anomaly_random_forest_seed6017,validation,nod_variant,0.5,1.25,0.9054505494505495,120,120,0,4,116,0.03333333333333333,0.009155505556836863,0.0831487214285094,flag frequency on legitimate synthetic motion; not adversarial detection recall
anomaly_random_forest_seed6027,validation,nod_variant,0.5,1.25,0.9077944139194141,120,120,0,4,116,0.03333333333333333,0.009155505556836863,0.0831487214285094,flag frequency on legitimate synthetic motion; not adversarial detection recall
anomaly_logistic_regression_seed6007,test,nod_variant,0.5,1.25,0.5431098819766053,120,120,0,2,118,0.016666666666666666,0.0020248223376930774,0.05890921946702635,flag frequency on legitimate synthetic motion; not adversarial detection recall
anomaly_logistic_regression_seed6017,test,nod_variant,0.5,1.25,0.5431098819766053,120,120,0,2,118,0.016666666666666666,0.0020248223376930774,0.05890921946702635,flag frequency on legitimate synthetic motion; not adversarial detection recall
anomaly_logistic_regression_seed6027,test,nod_variant,0.5,1.25,0.5431098819766053,120,120,0,2,118,0.016666666666666666,0.0020248223376930774,0.05890921946702635,flag frequency on legitimate synthetic motion; not adversarial detection recall
anomaly_random_forest_seed6007,test,nod_variant,0.5,1.25,0.9063113697586315,120,120,0,4,116,0.03333333333333333,0.009155505556836863,0.0831487214285094,flag frequency on legitimate synthetic motion; not adversarial detection recall
anomaly_random_forest_seed6017,test,nod_variant,0.5,1.25,0.9054505494505495,120,120,0,2,118,0.016666666666666666,0.0020248223376930774,0.05890921946702635,flag frequency on legitimate synthetic motion; not adversarial detection recall
anomaly_random_forest_seed6027,test,nod_variant,0.5,1.25,0.9077944139194141,120,120,0,4,116,0.03333333333333333,0.009155505556836863,0.0831487214285094,flag frequency on legitimate synthetic motion; not adversarial detection recall
anomaly_logistic_regression_seed6007,validation,nod_variant,0.75,0.75,0.5431098819766053,120,120,0,6,114,0.05,0.018567586782669565,0.1056538545187111,flag frequency on legitimate synthetic motion; not adversarial detection recall
anomaly_logistic_regression_seed6017,validation,nod_variant,0.75,0.75,0.5431098819766053,120,120,0,6,114,0.05,0.018567586782669565,0.1056538545187111,flag frequency on legitimate synthetic motion; not adversarial detection recall
anomaly_logistic_regression_seed6027,validation,nod_variant,0.75,0.75,0.5431098819766053,120,120,0,6,114,0.05,0.018567586782669565,0.1056538545187111,flag frequency on legitimate synthetic motion; not adversarial detection recall
anomaly_random_forest_seed6007,validation,nod_variant,0.75,0.75,0.9063113697586315,120,120,0,3,117,0.025,0.005185574958321393,0.07132319415690433,flag frequency on legitimate synthetic motion; not adversarial detection recall
anomaly_random_forest_seed6017,validation,nod_variant,0.75,0.75,0.9054505494505495,120,120,0,4,116,0.03333333333333333,0.009155505556836863,0.0831487214285094,flag frequency on legitimate synthetic motion; not adversarial detection recall
anomaly_random_forest_seed6027,validation,nod_variant,0.75,0.75,0.9077944139194141,120,120,0,4,116,0.03333333333333333,0.009155505556836863,0.0831487214285094,flag frequency on legitimate synthetic motion; not adversarial detection recall
anomaly_logistic_regression_seed6007,test,nod_variant,0.75,0.75,0.5431098819766053,120,120,0,4,116,0.03333333333333333,0.009155505556836863,0.0831487214285094,flag frequency on legitimate synthetic motion; not adversarial detection recall
anomaly_logistic_regression_seed6017,test,nod_variant,0.75,0.75,0.5431098819766053,120,120,0,4,116,0.03333333333333333,0.009155505556836863,0.0831487214285094,flag frequency on legitimate synthetic motion; not adversarial detection recall
anomaly_logistic_regression_seed6027,test,nod_variant,0.75,0.75,0.5431098819766053,120,120,0,4,116,0.03333333333333333,0.009155505556836863,0.0831487214285094,flag frequency on legitimate synthetic motion; not adversarial detection recall
anomaly_random_forest_seed6007,test,nod_variant,0.75,0.75,0.9063113697586315,120,120,0,3,117,0.025,0.005185574958321393,0.07132319415690433,flag frequency on legitimate synthetic motion; not adversarial detection recall
anomaly_random_forest_seed6017,test,nod_variant,0.75,0.75,0.9054505494505495,120,120,0,1,119,0.008333333333333333,0.00021095947812166393,0.04555551323359201,flag frequency on legitimate synthetic motion; not adversarial detection recall
anomaly_random_forest_seed6027,test,nod_variant,0.75,0.75,0.9077944139194141,120,120,0,2,118,0.016666666666666666,0.0020248223376930774,0.05890921946702635,flag frequency on legitimate synthetic motion; not adversarial detection recall
anomaly_logistic_regression_seed6007,validation,nod_variant,0.75,1.0,0.5431098819766053,120,120,0,6,114,0.05,0.018567586782669565,0.1056538545187111,flag frequency on legitimate synthetic motion; not adversarial detection recall
anomaly_logistic_regression_seed6017,validation,nod_variant,0.75,1.0,0.5431098819766053,120,120,0,6,114,0.05,0.018567586782669565,0.1056538545187111,flag frequency on legitimate synthetic motion; not adversarial detection recall
anomaly_logistic_regression_seed6027,validation,nod_variant,0.75,1.0,0.5431098819766053,120,120,0,6,114,0.05,0.018567586782669565,0.1056538545187111,flag frequency on legitimate synthetic motion; not adversarial detection recall
anomaly_random_forest_seed6007,validation,nod_variant,0.75,1.0,0.9063113697586315,120,120,0,3,117,0.025,0.005185574958321393,0.07132319415690433,flag frequency on legitimate synthetic motion; not adversarial detection recall
anomaly_random_forest_seed6017,validation,nod_variant,0.75,1.0,0.9054505494505495,120,120,0,4,116,0.03333333333333333,0.009155505556836863,0.0831487214285094,flag frequency on legitimate synthetic motion; not adversarial detection recall
anomaly_random_forest_seed6027,validation,nod_variant,0.75,1.0,0.9077944139194141,120,120,0,5,115,0.041666666666666664,0.01366538411678997,0.09455879997593644,flag frequency on legitimate synthetic motion; not adversarial detection recall
anomaly_logistic_regression_seed6007,test,nod_variant,0.75,1.0,0.5431098819766053,120,120,0,4,116,0.03333333333333333,0.009155505556836863,0.0831487214285094,flag frequency on legitimate synthetic motion; not adversarial detection recall
anomaly_logistic_regression_seed6017,test,nod_variant,0.75,1.0,0.5431098819766053,120,120,0,4,116,0.03333333333333333,0.009155505556836863,0.0831487214285094,flag frequency on legitimate synthetic motion; not adversarial detection recall
anomaly_logistic_regression_seed6027,test,nod_variant,0.75,1.0,0.5431098819766053,120,120,0,4,116,0.03333333333333333,0.009155505556836863,0.0831487214285094,flag frequency on legitimate synthetic motion; not adversarial detection recall
anomaly_random_forest_seed6007,test,nod_variant,0.75,1.0,0.9063113697586315,120,120,0,4,116,0.03333333333333333,0.009155505556836863,0.0831487214285094,flag frequency on legitimate synthetic motion; not adversarial detection recall
anomaly_random_forest_seed6017,test,nod_variant,0.75,1.0,0.9054505494505495,120,120,0,3,117,0.025,0.005185574958321393,0.07132319415690433,flag frequency on legitimate synthetic motion; not adversarial detection recall
anomaly_random_forest_seed6027,test,nod_variant,0.75,1.0,0.9077944139194141,120,120,0,2,118,0.016666666666666666,0.0020248223376930774,0.05890921946702635,flag frequency on legitimate synthetic motion; not adversarial detection recall
anomaly_logistic_regression_seed6007,validation,nod_variant,0.75,1.25,0.5431098819766053,120,120,0,9,111,0.075,0.034867390611962534,0.1376010578903662,flag frequency on legitimate synthetic motion; not adversarial detection recall
anomaly_logistic_regression_seed6017,validation,nod_variant,0.75,1.25,0.5431098819766053,120,120,0,9,111,0.075,0.034867390611962534,0.1376010578903662,flag frequency on legitimate synthetic motion; not adversarial detection recall
anomaly_logistic_regression_seed6027,validation,nod_variant,0.75,1.25,0.5431098819766053,120,120,0,9,111,0.075,0.034867390611962534,0.1376010578903662,flag frequency on legitimate synthetic motion; not adversarial detection recall
anomaly_random_forest_seed6007,validation,nod_variant,0.75,1.25,0.9063113697586315,120,120,0,7,113,0.058333333333333334,0.02377202379051946,0.11649837964561313,flag frequency on legitimate synthetic motion; not adversarial detection recall
anomaly_random_forest_seed6017,validation,nod_variant,0.75,1.25,0.9054505494505495,120,120,0,8,112,0.06666666666666667,0.029219184313796998,0.12713674823921145,flag frequency on legitimate synthetic motion; not adversarial detection recall
anomaly_random_forest_seed6027,validation,nod_variant,0.75,1.25,0.9077944139194141,120,120,0,7,113,0.058333333333333334,0.02377202379051946,0.11649837964561313,flag frequency on legitimate synthetic motion; not adversarial detection recall
anomaly_logistic_regression_seed6007,test,nod_variant,0.75,1.25,0.5431098819766053,120,120,0,4,116,0.03333333333333333,0.009155505556836863,0.0831487214285094,flag frequency on legitimate synthetic motion; not adversarial detection recall
anomaly_logistic_regression_seed6017,test,nod_variant,0.75,1.25,0.5431098819766053,120,120,0,4,116,0.03333333333333333,0.009155505556836863,0.0831487214285094,flag frequency on legitimate synthetic motion; not adversarial detection recall
anomaly_logistic_regression_seed6027,test,nod_variant,0.75,1.25,0.5431098819766053,120,120,0,4,116,0.03333333333333333,0.009155505556836863,0.0831487214285094,flag frequency on legitimate synthetic motion; not adversarial detection recall
anomaly_random_forest_seed6007,test,nod_variant,0.75,1.25,0.9063113697586315,120,120,0,4,116,0.03333333333333333,0.009155505556836863,0.0831487214285094,flag frequency on legitimate synthetic motion; not adversarial detection recall
anomaly_random_forest_seed6017,test,nod_variant,0.75,1.25,0.9054505494505495,120,120,0,2,118,0.016666666666666666,0.0020248223376930774,0.05890921946702635,flag frequency on legitimate synthetic motion; not adversarial detection recall
anomaly_random_forest_seed6027,test,nod_variant,0.75,1.25,0.9077944139194141,120,120,0,3,117,0.025,0.005185574958321393,0.07132319415690433,flag frequency on legitimate synthetic motion; not adversarial detection recall
anomaly_logistic_regression_seed6007,validation,nod_variant,1.0,0.75,0.5431098819766053,120,120,0,7,113,0.058333333333333334,0.02377202379051946,0.11649837964561313,flag frequency on legitimate synthetic motion; not adversarial detection recall
anomaly_logistic_regression_seed6017,validation,nod_variant,1.0,0.75,0.5431098819766053,120,120,0,7,113,0.058333333333333334,0.02377202379051946,0.11649837964561313,flag frequency on legitimate synthetic motion; not adversarial detection recall
anomaly_logistic_regression_seed6027,validation,nod_variant,1.0,0.75,0.5431098819766053,120,120,0,7,113,0.058333333333333334,0.02377202379051946,0.11649837964561313,flag frequency on legitimate synthetic motion; not adversarial detection recall
anomaly_random_forest_seed6007,validation,nod_variant,1.0,0.75,0.9063113697586315,120,120,0,4,116,0.03333333333333333,0.009155505556836863,0.0831487214285094,flag frequency on legitimate synthetic motion; not adversarial detection recall
anomaly_random_forest_seed6017,validation,nod_variant,1.0,0.75,0.9054505494505495,120,120,0,5,115,0.041666666666666664,0.01366538411678997,0.09455879997593644,flag frequency on legitimate synthetic motion; not adversarial detection recall
anomaly_random_forest_seed6027,validation,nod_variant,1.0,0.75,0.9077944139194141,120,120,0,4,116,0.03333333333333333,0.009155505556836863,0.0831487214285094,flag frequency on legitimate synthetic motion; not adversarial detection recall
anomaly_logistic_regression_seed6007,test,nod_variant,1.0,0.75,0.5431098819766053,120,120,0,4,116,0.03333333333333333,0.009155505556836863,0.0831487214285094,flag frequency on legitimate synthetic motion; not adversarial detection recall
anomaly_logistic_regression_seed6017,test,nod_variant,1.0,0.75,0.5431098819766053,120,120,0,4,116,0.03333333333333333,0.009155505556836863,0.0831487214285094,flag frequency on legitimate synthetic motion; not adversarial detection recall
anomaly_logistic_regression_seed6027,test,nod_variant,1.0,0.75,0.5431098819766053,120,120,0,4,116,0.03333333333333333,0.009155505556836863,0.0831487214285094,flag frequency on legitimate synthetic motion; not adversarial detection recall
anomaly_random_forest_seed6007,test,nod_variant,1.0,0.75,0.9063113697586315,120,120,0,6,114,0.05,0.018567586782669565,0.1056538545187111,flag frequency on legitimate synthetic motion; not adversarial detection recall
anomaly_random_forest_seed6017,test,nod_variant,1.0,0.75,0.9054505494505495,120,120,0,3,117,0.025,0.005185574958321393,0.07132319415690433,flag frequency on legitimate synthetic motion; not adversarial detection recall
anomaly_random_forest_seed6027,test,nod_variant,1.0,0.75,0.9077944139194141,120,120,0,4,116,0.03333333333333333,0.009155505556836863,0.0831487214285094,flag frequency on legitimate synthetic motion; not adversarial detection recall
anomaly_logistic_regression_seed6007,validation,nod_variant,1.0,1.0,0.5431098819766053,120,120,0,6,114,0.05,0.018567586782669565,0.1056538545187111,flag frequency on legitimate synthetic motion; not adversarial detection recall
anomaly_logistic_regression_seed6017,validation,nod_variant,1.0,1.0,0.5431098819766053,120,120,0,6,114,0.05,0.018567586782669565,0.1056538545187111,flag frequency on legitimate synthetic motion; not adversarial detection recall
anomaly_logistic_regression_seed6027,validation,nod_variant,1.0,1.0,0.5431098819766053,120,120,0,6,114,0.05,0.018567586782669565,0.1056538545187111,flag frequency on legitimate synthetic motion; not adversarial detection recall
anomaly_random_forest_seed6007,validation,nod_variant,1.0,1.0,0.9063113697586315,120,120,0,5,115,0.041666666666666664,0.01366538411678997,0.09455879997593644,flag frequency on legitimate synthetic motion; not adversarial detection recall
anomaly_random_forest_seed6017,validation,nod_variant,1.0,1.0,0.9054505494505495,120,120,0,6,114,0.05,0.018567586782669565,0.1056538545187111,flag frequency on legitimate synthetic motion; not adversarial detection recall
anomaly_random_forest_seed6027,validation,nod_variant,1.0,1.0,0.9077944139194141,120,120,0,5,115,0.041666666666666664,0.01366538411678997,0.09455879997593644,flag frequency on legitimate synthetic motion; not adversarial detection recall
anomaly_logistic_regression_seed6007,test,nod_variant,1.0,1.0,0.5431098819766053,120,120,0,6,114,0.05,0.018567586782669565,0.1056538545187111,flag frequency on legitimate synthetic motion; not adversarial detection recall
anomaly_logistic_regression_seed6017,test,nod_variant,1.0,1.0,0.5431098819766053,120,120,0,6,114,0.05,0.018567586782669565,0.1056538545187111,flag frequency on legitimate synthetic motion; not adversarial detection recall
anomaly_logistic_regression_seed6027,test,nod_variant,1.0,1.0,0.5431098819766053,120,120,0,6,114,0.05,0.018567586782669565,0.1056538545187111,flag frequency on legitimate synthetic motion; not adversarial detection recall
anomaly_random_forest_seed6007,test,nod_variant,1.0,1.0,0.9063113697586315,120,120,0,8,112,0.06666666666666667,0.029219184313796998,0.12713674823921145,flag frequency on legitimate synthetic motion; not adversarial detection recall
anomaly_random_forest_seed6017,test,nod_variant,1.0,1.0,0.9054505494505495,120,120,0,5,115,0.041666666666666664,0.01366538411678997,0.09455879997593644,flag frequency on legitimate synthetic motion; not adversarial detection recall
anomaly_random_forest_seed6027,test,nod_variant,1.0,1.0,0.9077944139194141,120,120,0,6,114,0.05,0.018567586782669565,0.1056538545187111,flag frequency on legitimate synthetic motion; not adversarial detection recall
anomaly_logistic_regression_seed6007,validation,nod_variant,1.0,1.25,0.5431098819766053,120,120,0,11,109,0.09166666666666666,0.046652269655248935,0.15809854119583266,flag frequency on legitimate synthetic motion; not adversarial detection recall
anomaly_logistic_regression_seed6017,validation,nod_variant,1.0,1.25,0.5431098819766053,120,120,0,11,109,0.09166666666666666,0.046652269655248935,0.15809854119583266,flag frequency on legitimate synthetic motion; not adversarial detection recall
anomaly_logistic_regression_seed6027,validation,nod_variant,1.0,1.25,0.5431098819766053,120,120,0,11,109,0.09166666666666666,0.046652269655248935,0.15809854119583266,flag frequency on legitimate synthetic motion; not adversarial detection recall
anomaly_random_forest_seed6007,validation,nod_variant,1.0,1.25,0.9063113697586315,120,120,0,9,111,0.075,0.034867390611962534,0.1376010578903662,flag frequency on legitimate synthetic motion; not adversarial detection recall
anomaly_random_forest_seed6017,validation,nod_variant,1.0,1.25,0.9054505494505495,120,120,0,8,112,0.06666666666666667,0.029219184313796998,0.12713674823921145,flag frequency on legitimate synthetic motion; not adversarial detection recall
anomaly_random_forest_seed6027,validation,nod_variant,1.0,1.25,0.9077944139194141,120,120,0,10,110,0.08333333333333333,0.0406861288680167,0.14791542933733415,flag frequency on legitimate synthetic motion; not adversarial detection recall
anomaly_logistic_regression_seed6007,test,nod_variant,1.0,1.25,0.5431098819766053,120,120,0,7,113,0.058333333333333334,0.02377202379051946,0.11649837964561313,flag frequency on legitimate synthetic motion; not adversarial detection recall
anomaly_logistic_regression_seed6017,test,nod_variant,1.0,1.25,0.5431098819766053,120,120,0,7,113,0.058333333333333334,0.02377202379051946,0.11649837964561313,flag frequency on legitimate synthetic motion; not adversarial detection recall
anomaly_logistic_regression_seed6027,test,nod_variant,1.0,1.25,0.5431098819766053,120,120,0,7,113,0.058333333333333334,0.02377202379051946,0.11649837964561313,flag frequency on legitimate synthetic motion; not adversarial detection recall
anomaly_random_forest_seed6007,test,nod_variant,1.0,1.25,0.9063113697586315,120,120,0,8,112,0.06666666666666667,0.029219184313796998,0.12713674823921145,flag frequency on legitimate synthetic motion; not adversarial detection recall
anomaly_random_forest_seed6017,test,nod_variant,1.0,1.25,0.9054505494505495,120,120,0,5,115,0.041666666666666664,0.01366538411678997,0.09455879997593644,flag frequency on legitimate synthetic motion; not adversarial detection recall
anomaly_random_forest_seed6027,test,nod_variant,1.0,1.25,0.9077944139194141,120,120,0,7,113,0.058333333333333334,0.02377202379051946,0.11649837964561313,flag frequency on legitimate synthetic motion; not adversarial detection recall
anomaly_logistic_regression_seed6007,validation,clean_still,,,0.5431098819766053,120,120,0,6,114,0.05,0.018567586782669565,0.1056538545187111,flag frequency on legitimate synthetic motion; not adversarial detection recall
anomaly_logistic_regression_seed6017,validation,clean_still,,,0.5431098819766053,120,120,0,6,114,0.05,0.018567586782669565,0.1056538545187111,flag frequency on legitimate synthetic motion; not adversarial detection recall
anomaly_logistic_regression_seed6027,validation,clean_still,,,0.5431098819766053,120,120,0,6,114,0.05,0.018567586782669565,0.1056538545187111,flag frequency on legitimate synthetic motion; not adversarial detection recall
anomaly_random_forest_seed6007,validation,clean_still,,,0.9063113697586315,120,120,0,2,118,0.016666666666666666,0.0020248223376930774,0.05890921946702635,flag frequency on legitimate synthetic motion; not adversarial detection recall
anomaly_random_forest_seed6017,validation,clean_still,,,0.9054505494505495,120,120,0,5,115,0.041666666666666664,0.01366538411678997,0.09455879997593644,flag frequency on legitimate synthetic motion; not adversarial detection recall
anomaly_random_forest_seed6027,validation,clean_still,,,0.9077944139194141,120,120,0,3,117,0.025,0.005185574958321393,0.07132319415690433,flag frequency on legitimate synthetic motion; not adversarial detection recall
anomaly_logistic_regression_seed6007,test,clean_still,,,0.5431098819766053,120,120,0,2,118,0.016666666666666666,0.0020248223376930774,0.05890921946702635,flag frequency on legitimate synthetic motion; not adversarial detection recall
anomaly_logistic_regression_seed6017,test,clean_still,,,0.5431098819766053,120,120,0,2,118,0.016666666666666666,0.0020248223376930774,0.05890921946702635,flag frequency on legitimate synthetic motion; not adversarial detection recall
anomaly_logistic_regression_seed6027,test,clean_still,,,0.5431098819766053,120,120,0,2,118,0.016666666666666666,0.0020248223376930774,0.05890921946702635,flag frequency on legitimate synthetic motion; not adversarial detection recall
anomaly_random_forest_seed6007,test,clean_still,,,0.9063113697586315,120,120,0,1,119,0.008333333333333333,0.00021095947812166393,0.04555551323359201,flag frequency on legitimate synthetic motion; not adversarial detection recall
anomaly_random_forest_seed6017,test,clean_still,,,0.9054505494505495,120,120,0,1,119,0.008333333333333333,0.00021095947812166393,0.04555551323359201,flag frequency on legitimate synthetic motion; not adversarial detection recall
anomaly_random_forest_seed6027,test,clean_still,,,0.9077944139194141,120,120,0,1,119,0.008333333333333333,0.00021095947812166393,0.04555551323359201,flag frequency on legitimate synthetic motion; not adversarial detection recall
