model,split,amplitude_scale,speed_scale,sample_count,nod_prediction_count,still_prediction_count,other_prediction_count,nod_recall,still_prediction_fraction,mean_observed_peak_rotation_deg,mean_observed_angular_speed_rms_deg_s,nod_recall_ci_low,nod_recall_ci_high,still_fraction_ci_low,still_fraction_ci_high
snn_seed_7,validation,0.1,0.75,120,9,107,4,0.075,0.8916666666666667,10.00940669379307,65.7440784046991,0.034867390611962534,0.1376010578903662,0.8218725616110583,0.9410416937709143
snn_seed_17,validation,0.1,0.75,120,11,99,10,0.09166666666666666,0.825,10.00940669379307,65.7440784046991,0.046652269655248935,0.15809854119583266,0.7450199724342726,0.8882856569062525
snn_seed_27,validation,0.1,0.75,120,10,100,10,0.08333333333333333,0.8333333333333334,10.00940669379307,65.7440784046991,0.0406861288680167,0.14791542933733415,0.7543999619226827,0.8951214980233364
logistic_regression_seed_7,validation,0.1,0.75,120,17,93,10,0.14166666666666666,0.775,10.00940669379307,65.7440784046991,0.08474472949451628,0.21710689824337565,0.6897766224360279,0.8461845355525828
random_forest_seed_7,validation,0.1,0.75,120,10,105,5,0.08333333333333333,0.875,10.00940669379307,65.7440784046991,0.0406861288680167,0.14791542933733415,0.8022235896481755,0.9283203231112471
logistic_regression_seed_17,validation,0.1,0.75,120,17,93,10,0.14166666666666666,0.775,10.00940669379307,65.7440784046991,0.08474472949451628,0.21710689824337565,0.6897766224360279,0.8461845355525828
random_forest_seed_17,validation,0.1,0.75,120,8,107,5,0.06666666666666667,0.8916666666666667,10.00940669379307,65.7440784046991,0.029219184313796998,0.12713674823921145,0.8218725616110583,0.9410416937709143
logistic_regression_seed_27,validation,0.1,0.75,120,17,93,10,0.14166666666666666,0.775,10.00940669379307,65.7440784046991,0.08474472949451628,0.21710689824337565,0.6897766224360279,0.8461845355525828
random_forest_seed_27,validation,0.1,0.75,120,11,104,5,0.09166666666666666,0.8666666666666667,10.00940669379307,65.7440784046991,0.046652269655248935,0.15809854119583266,0.7925216366655659,0.9218271851338218
snn_seed_7,test,0.1,0.75,120,8,111,1,0.06666666666666667,0.925,9.59976345377923,65.48046026076136,0.029219184313796998,0.12713674823921145,0.8623989421096339,0.9651326093880375
snn_seed_17,test,0.1,0.75,120,6,109,5,0.05,0.9083333333333333,9.59976345377923,65.48046026076136,0.018567586782669565,0.1056538545187111,0.8419014588041673,0.9533477303447511
snn_seed_27,test,0.1,0.75,120,9,107,4,0.075,0.8916666666666667,9.59976345377923,65.48046026076136,0.034867390611962534,0.1376010578903662,0.8218725616110583,0.9410416937709143
logistic_regression_seed_7,test,0.1,0.75,120,29,87,4,0.24166666666666667,0.725,9.59976345377923,65.48046026076136,0.16820856019806274,0.32829232087301274,0.6360159264005374,0.8025448721736059
random_forest_seed_7,test,0.1,0.75,120,14,104,2,0.11666666666666667,0.8666666666666667,9.59976345377923,65.48046026076136,0.06527215050994362,0.187995090386807,0.7925216366655659,0.9218271851338218
logistic_regression_seed_17,test,0.1,0.75,120,29,87,4,0.24166666666666667,0.725,9.59976345377923,65.48046026076136,0.16820856019806274,0.32829232087301274,0.6360159264005374,0.8025448721736059
random_forest_seed_17,test,0.1,0.75,120,14,104,2,0.11666666666666667,0.8666666666666667,9.59976345377923,65.48046026076136,0.06527215050994362,0.187995090386807,0.7925216366655659,0.9218271851338218
logistic_regression_seed_27,test,0.1,0.75,120,29,87,4,0.24166666666666667,0.725,9.59976345377923,65.48046026076136,0.16820856019806274,0.32829232087301274,0.6360159264005374,0.8025448721736059
random_forest_seed_27,test,0.1,0.75,120,15,104,1,0.125,0.8666666666666667,9.59976345377923,65.48046026076136,0.07167967688875287,0.19777641035182447,0.7925216366655659,0.9218271851338218
snn_seed_7,validation,0.1,1,120,10,106,4,0.08333333333333333,0.8833333333333333,10.084327757967799,65.81905076625186,0.0406861288680167,0.14791542933733415,0.8120049096131929,0.9347278494900564
snn_seed_17,validation,0.1,1,120,15,96,9,0.125,0.8,10.084327757967799,65.81905076625186,0.07167967688875287,0.19777641035182447,0.7171901091020615,0.8674524324552804
snn_seed_27,validation,0.1,1,120,11,102,7,0.09166666666666666,0.85,10.084327757967799,65.81905076625186,0.046652269655248935,0.15809854119583266,0.7733328565873726,0.9086104274717692
logistic_regression_seed_7,validation,0.1,1,120,15,95,10,0.125,0.7916666666666666,10.084327757967799,65.81905076625186,0.07167967688875287,0.19777641035182447,0.708008721879435,0.8604084551915832
random_forest_seed_7,validation,0.1,1,120,10,104,6,0.08333333333333333,0.8666666666666667,10.084327757967799,65.81905076625186,0.0406861288680167,0.14791542933733415,0.7925216366655659,0.9218271851338218
logistic_regression_seed_17,validation,0.1,1,120,15,95,10,0.125,0.7916666666666666,10.084327757967799,65.81905076625186,0.07167967688875287,0.19777641035182447,0.708008721879435,0.8604084551915832
random_forest_seed_17,validation,0.1,1,120,10,104,6,0.08333333333333333,0.8666666666666667,10.084327757967799,65.81905076625186,0.0406861288680167,0.14791542933733415,0.7925216366655659,0.9218271851338218
logistic_regression_seed_27,validation,0.1,1,120,15,95,10,0.125,0.7916666666666666,10.084327757967799,65.81905076625186,0.07167967688875287,0.19777641035182447,0.708008721879435,0.8604084551915832
random_forest_seed_27,validation,0.1,1,120,11,103,6,0.09166666666666666,0.8583333333333333,10.084327757967799,65.81905076625186,0.046652269655248935,0.15809854119583266,0.7828931017566243,0.9152552705054837
snn_seed_7,test,0.1,1,120,9,110,1,0.075,0.9166666666666666,9.647176719943104,65.50667169096639,0.034867390611962534,0.1376010578903662,0.8520845706626659,0.9593138711319833
snn_seed_17,test,0.1,1,120,7,108,5,0.058333333333333334,0.9,9.647176719943104,65.50667169096639,0.02377202379051946,0.11649837964561313,0.8318347872973351,0.9472522136099395
snn_seed_27,test,0.1,1,120,9,106,5,0.075,0.8833333333333333,9.647176719943104,65.50667169096639,0.034867390611962534,0.1376010578903662,0.8120049096131929,0.9347278494900564
logistic_regression_seed_7,test,0.1,1,120,28,86,6,0.23333333333333334,0.7166666666666667,9.647176719943104,65.50667169096639,0.16099168809646414,0.31927748928005883,0.62717946157829,0.7951443321364762
random_forest_seed_7,test,0.1,1,120,16,102,2,0.13333333333333333,0.85,9.647176719943104,65.50667169096639,0.07817281486617822,0.20747836333443415,0.7733328565873726,0.9086104274717692
logistic_regression_seed_17,test,0.1,1,120,28,86,6,0.23333333333333334,0.7166666666666667,9.647176719943104,65.50667169096639,0.16099168809646414,0.31927748928005883,0.62717946157829,0.7951443321364762
random_forest_seed_17,test,0.1,1,120,16,102,2,0.13333333333333333,0.85,9.647176719943104,65.50667169096639,0.07817281486617822,0.20747836333443415,0.7733328565873726,0.9086104274717692
logistic_regression_seed_27,test,0.1,1,120,28,86,6,0.23333333333333334,0.7166666666666667,9.647176719943104,65.50667169096639,0.16099168809646414,0.31927748928005883,0.62717946157829,0.7951443321364762
random_forest_seed_27,test,0.1,1,120,17,102,1,0.14166666666666666,0.85,9.647176719943104,65.50667169096639,0.08474472949451628,0.21710689824337565,0.7733328565873726,0.9086104274717692
snn_seed_7,validation,0.1,1.25,120,11,104,5,0.09166666666666666,0.8666666666666667,10.12148334129638,65.85688134725471,0.046652269655248935,0.15809854119583266,0.7925216366655659,0.9218271851338218
snn_seed_17,validation,0.1,1.25,120,16,95,9,0.13333333333333333,0.7916666666666666,10.12148334129638,65.85688134725471,0.07817281486617822,0.20747836333443415,0.708008721879435,0.8604084551915832
snn_seed_27,validation,0.1,1.25,120,12,101,7,0.1,0.8416666666666667,10.12148334129638,65.85688134725471,0.0527477863900605,0.168165212702665,0.7638364439717888,0.9018977052594075
logistic_regression_seed_7,validation,0.1,1.25,120,15,93,12,0.125,0.775,10.12148334129638,65.85688134725471,0.07167967688875287,0.19777641035182447,0.6897766224360279,0.8461845355525828
random_forest_seed_7,validation,0.1,1.25,120,10,104,6,0.08333333333333333,0.8666666666666667,10.12148334129638,65.85688134725471,0.0406861288680167,0.14791542933733415,0.7925216366655659,0.9218271851338218
logistic_regression_seed_17,validation,0.1,1.25,120,15,93,12,0.125,0.775,10.12148334129638,65.85688134725471,0.07167967688875287,0.19777641035182447,0.6897766224360279,0.8461845355525828
random_forest_seed_17,validation,0.1,1.25,120,9,105,6,0.075,0.875,10.12148334129638,65.85688134725471,0.034867390611962534,0.1376010578903662,0.8022235896481755,0.9283203231112471
logistic_regression_seed_27,validation,0.1,1.25,120,15,93,12,0.125,0.775,10.12148334129638,65.85688134725471,0.07167967688875287,0.19777641035182447,0.6897766224360279,0.8461845355525828
random_forest_seed_27,validation,0.1,1.25,120,10,103,7,0.08333333333333333,0.8583333333333333,10.12148334129638,65.85688134725471,0.0406861288680167,0.14791542933733415,0.7828931017566243,0.9152552705054837
snn_seed_7,test,0.1,1.25,120,10,109,1,0.08333333333333333,0.9083333333333333,9.65444224176294,65.60357586240684,0.0406861288680167,0.14791542933733415,0.8419014588041673,0.9533477303447511
snn_seed_17,test,0.1,1.25,120,8,105,7,0.06666666666666667,0.875,9.65444224176294,65.60357586240684,0.029219184313796998,0.12713674823921145,0.8022235896481755,0.9283203231112471
snn_seed_27,test,0.1,1.25,120,9,105,6,0.075,0.875,9.65444224176294,65.60357586240684,0.034867390611962534,0.1376010578903662,0.8022235896481755,0.9283203231112471
logistic_regression_seed_7,test,0.1,1.25,120,24,88,8,0.2,0.7333333333333333,9.65444224176294,65.60357586240684,0.13254756754471964,0.2828098908979385,0.6448859874929832,0.8099109272179061
random_forest_seed_7,test,0.1,1.25,120,15,103,2,0.125,0.8583333333333333,9.65444224176294,65.60357586240684,0.07167967688875287,0.19777641035182447,0.7828931017566243,0.9152552705054837
logistic_regression_seed_17,test,0.1,1.25,120,24,88,8,0.2,0.7333333333333333,9.65444224176294,65.60357586240684,0.13254756754471964,0.2828098908979385,0.6448859874929832,0.8099109272179061
random_forest_seed_17,test,0.1,1.25,120,17,102,1,0.14166666666666666,0.85,9.65444224176294,65.60357586240684,0.08474472949451628,0.21710689824337565,0.7733328565873726,0.9086104274717692
logistic_regression_seed_27,test,0.1,1.25,120,24,88,8,0.2,0.7333333333333333,9.65444224176294,65.60357586240684,0.13254756754471964,0.2828098908979385,0.6448859874929832,0.8099109272179061
random_forest_seed_27,test,0.1,1.25,120,17,102,1,0.14166666666666666,0.85,9.65444224176294,65.60357586240684,0.08474472949451628,0.21710689824337565,0.7733328565873726,0.9086104274717692
snn_seed_7,validation,0.25,0.75,120,28,84,8,0.23333333333333334,0.7,11.290110774045312,67.1333615039663,0.16099168809646414,0.31927748928005883,0.6096038905778628,0.7802435007594755
snn_seed_17,validation,0.25,0.75,120,29,79,12,0.24166666666666667,0.6583333333333333,11.290110774045312,67.1333615039663,0.16820856019806274,0.32829232087301274,0.5661994028150497,0.7424456523481331
snn_seed_27,validation,0.25,0.75,120,26,84,10,0.21666666666666667,0.7,11.290110774045312,67.1333615039663,0.1466814942921033,0.3011285130656679,0.6096038905778628,0.7802435007594755
logistic_regression_seed_7,validation,0.25,0.75,120,55,52,13,0.4583333333333333,0.43333333333333335,11.290110774045312,67.1333615039663,0.3670599277953155,0.5517119105053574,0.3431694917061159,0.5268664567657602
random_forest_seed_7,validation,0.25,0.75,120,35,81,4,0.2916666666666667,0.675,11.290110774045312,67.1333615039663,0.21228974821166324,0.38162428172887597,0.5834727542807285,0.7576549299334747
logistic_regression_seed_17,validation,0.25,0.75,120,55,52,13,0.4583333333333333,0.43333333333333335,11.290110774045312,67.1333615039663,0.3670599277953155,0.5517119105053574,0.3431694917061159,0.5268664567657602
random_forest_seed_17,validation,0.25,0.75,120,34,81,5,0.2833333333333333,0.675,11.290110774045312,67.1333615039663,0.20485566786352383,0.37282053842171003,0.5834727542807285,0.7576549299334747
logistic_regression_seed_27,validation,0.25,0.75,120,55,52,13,0.4583333333333333,0.43333333333333335,11.290110774045312,67.1333615039663,0.3670599277953155,0.5517119105053574,0.3431694917061159,0.5268664567657602
random_forest_seed_27,validation,0.25,0.75,120,35,81,4,0.2916666666666667,0.675,11.290110774045312,67.1333615039663,0.21228974821166324,0.38162428172887597,0.5834727542807285,0.7576549299334747
snn_seed_7,test,0.25,0.75,120,28,90,2,0.23333333333333334,0.75,11.298919996043304,66.98557149901463,0.16099168809646414,0.31927748928005883,0.6627307837080063,0.8245353809699423
snn_seed_17,test,0.25,0.75,120,26,89,5,0.21666666666666667,0.7416666666666667,11.298919996043304,66.98557149901463,0.1466814942921033,0.3011285130656679,0.6537905952887408,0.8172414698303403
snn_seed_27,test,0.25,0.75,120,30,84,6,0.25,0.7,11.298919996043304,66.98557149901463,0.17546461903005772,0.3372692162919937,0.6096038905778628,0.7802435007594755
logistic_regression_seed_7,test,0.25,0.75,120,56,57,7,0.4666666666666667,0.475,11.298919996043304,66.98557149901463,0.37507285852244254,0.5599444970380973,0.38311032820074264,0.5681526215574833
random_forest_seed_7,test,0.25,0.75,120,45,73,2,0.375,0.6083333333333333,11.298919996043304,66.98557149901463,0.28831367057013546,0.4680118617139808,0.5150437441570849,0.6961432994464467
logistic_regression_seed_17,test,0.25,0.75,120,56,57,7,0.4666666666666667,0.475,11.298919996043304,66.98557149901463,0.37507285852244254,0.5599444970380973,0.38311032820074264,0.5681526215574833
random_forest_seed_17,test,0.25,0.75,120,45,73,2,0.375,0.6083333333333333,11.298919996043304,66.98557149901463,0.28831367057013546,0.4680118617139808,0.5150437441570849,0.6961432994464467
logistic_regression_seed_27,test,0.25,0.75,120,56,57,7,0.4666666666666667,0.475,11.298919996043304,66.98557149901463,0.37507285852244254,0.5599444970380973,0.38311032820074264,0.5681526215574833
random_forest_seed_27,test,0.25,0.75,120,44,74,2,0.36666666666666664,0.6166666666666667,11.298919996043304,66.98557149901463,0.2805824076650387,0.4594998989224698,0.523502793811611,0.7039281144182719
snn_seed_7,validation,0.25,1,120,26,87,7,0.21666666666666667,0.725,11.250834760512687,67.52460761610232,0.1466814942921033,0.3011285130656679,0.6360159264005374,0.8025448721736059
snn_seed_17,validation,0.25,1,120,26,81,13,0.21666666666666667,0.675,11.250834760512687,67.52460761610232,0.1466814942921033,0.3011285130656679,0.5834727542807285,0.7576549299334747
snn_seed_27,validation,0.25,1,120,24,86,10,0.2,0.7166666666666667,11.250834760512687,67.52460761610232,0.13254756754471964,0.2828098908979385,0.62717946157829,0.7951443321364762
logistic_regression_seed_7,validation,0.25,1,120,46,59,15,0.38333333333333336,0.49166666666666664,11.250834760512687,67.52460761610232,0.29607188558172814,0.476497206188389,0.39925858253841096,0.5844957086346827
random_forest_seed_7,validation,0.25,1,120,34,80,6,0.2833333333333333,0.6666666666666666,11.250834760512687,67.52460761610232,0.20485566786352383,0.37282053842171003,0.5748217121636491,0.7500649106972843
logistic_regression_seed_17,validation,0.25,1,120,46,59,15,0.38333333333333336,0.49166666666666664,11.250834760512687,67.52460761610232,0.29607188558172814,0.476497206188389,0.39925858253841096,0.5844957086346827
random_forest_seed_17,validation,0.25,1,120,33,80,7,0.275,0.6666666666666666,11.250834760512687,67.52460761610232,0.19745512782639407,0.3639840735994626,0.5748217121636491,0.7500649106972843
logistic_regression_seed_27,validation,0.25,1,120,46,59,15,0.38333333333333336,0.49166666666666664,11.250834760512687,67.52460761610232,0.29607188558172814,0.476497206188389,0.39925858253841096,0.5844957086346827
random_forest_seed_27,validation,0.25,1,120,34,80,6,0.2833333333333333,0.6666666666666666,11.250834760512687,67.52460761610232,0.20485566786352383,0.37282053842171003,0.5748217121636491,0.7500649106972843
snn_seed_7,test,0.25,1,120,25,94,1,0.20833333333333334,0.7833333333333333,11.236266977244899,67.21857103339428,0.13959154480841685,0.291991278120565,0.6988714869343321,0.8533185057078967
snn_seed_17,test,0.25,1,120,23,91,6,0.19166666666666668,0.7583333333333333,11.236266977244899,67.21857103339428,0.12555172485646504,0.27358238273731805,0.6717076791269873,0.8317914398019373
snn_seed_27,test,0.25,1,120,27,87,6,0.225,0.725,11.236266977244899,67.21857103339428,0.15381546444741723,0.3102233775639721,0.6360159264005374,0.8025448721736059
logistic_regression_seed_7,test,0.25,1,120,52,60,8,0.43333333333333335,0.5,11.236266977244899,67.21857103339428,0.3431694917061159,0.5268664567657602,0.40736926744019897,0.592630732559801
random_forest_seed_7,test,0.25,1,120,44,73,3,0.36666666666666664,0.6083333333333333,11.236266977244899,67.21857103339428,0.2805824076650387,0.4594998989224698,0.5150437441570849,0.6961432994464467
logistic_regression_seed_17,test,0.25,1,120,52,60,8,0.43333333333333335,0.5,11.236266977244899,67.21857103339428,0.3431694917061159,0.5268664567657602,0.40736926744019897,0.592630732559801
random_forest_seed_17,test,0.25,1,120,45,73,2,0.375,0.6083333333333333,11.236266977244899,67.21857103339428,0.28831367057013546,0.4680118617139808,0.5150437441570849,0.6961432994464467
logistic_regression_seed_27,test,0.25,1,120,52,60,8,0.43333333333333335,0.5,11.236266977244899,67.21857103339428,0.3431694917061159,0.5268664567657602,0.40736926744019897,0.592630732559801
random_forest_seed_27,test,0.25,1,120,44,74,2,0.36666666666666664,0.6166666666666667,11.236266977244899,67.21857103339428,0.2805824076650387,0.4594998989224698,0.523502793811611,0.7039281144182719
snn_seed_7,validation,0.25,1.25,120,25,88,7,0.20833333333333334,0.7333333333333333,11.242301326780682,67.81228218907619,0.13959154480841685,0.291991278120565,0.6448859874929832,0.8099109272179061
snn_seed_17,validation,0.25,1.25,120,26,81,13,0.21666666666666667,0.675,11.242301326780682,67.81228218907619,0.1466814942921033,0.3011285130656679,0.5834727542807285,0.7576549299334747
snn_seed_27,validation,0.25,1.25,120,22,90,8,0.18333333333333332,0.75,11.242301326780682,67.81228218907619,0.11860642155680501,0.26430657116827005,0.6627307837080063,0.8245353809699423
logistic_regression_seed_7,validation,0.25,1.25,120,40,65,15,0.3333333333333333,0.5416666666666666,11.242301326780682,67.81228218907619,0.24993508930271569,0.4251782878363509,0.4482880894946426,0.6329400722046845
random_forest_seed_7,validation,0.25,1.25,120,33,80,7,0.275,0.6666666666666666,11.242301326780682,67.81228218907619,0.19745512782639407,0.3639840735994626,0.5748217121636491,0.7500649106972843
logistic_regression_seed_17,validation,0.25,1.25,120,40,65,15,0.3333333333333333,0.5416666666666666,11.242301326780682,67.81228218907619,0.24993508930271569,0.4251782878363509,0.4482880894946426,0.6329400722046845
random_forest_seed_17,validation,0.25,1.25,120,34,80,6,0.2833333333333333,0.6666666666666666,11.242301326780682,67.81228218907619,0.20485566786352383,0.37282053842171003,0.5748217121636491,0.7500649106972843
logistic_regression_seed_27,validation,0.25,1.25,120,40,65,15,0.3333333333333333,0.5416666666666666,11.242301326780682,67.81228218907619,0.24993508930271569,0.4251782878363509,0.4482880894946426,0.6329400722046845
random_forest_seed_27,validation,0.25,1.25,120,33,80,7,0.275,0.6666666666666666,11.242301326780682,67.81228218907619,0.19745512782639407,0.3639840735994626,0.5748217121636491,0.7500649106972843
snn_seed_7,test,0.25,1.25,120,24,96,0,0.2,0.8,11.123256397938071,67.6577260745445,0.13254756754471964,0.2828098908979385,0.7171901091020615,0.8674524324552804
snn_seed_17,test,0.25,1.25,120,26,88,6,0.21666666666666667,0.7333333333333333,11.123256397938071,67.6577260745445,0.1466814942921033,0.3011285130656679,0.6448859874929832,0.8099109272179061
snn_seed_27,test,0.25,1.25,120,25,88,7,0.20833333333333334,0.7333333333333333,11.123256397938071,67.6577260745445,0.13959154480841685,0.291991278120565,0.6448859874929832,0.8099109272179061
logistic_regression_seed_7,test,0.25,1.25,120,48,63,9,0.4,0.525,11.123256397938071,67.6577260745445,0.31166779371129927,0.4933893052790599,0.43184737844251675,0.6168896717992574
random_forest_seed_7,test,0.25,1.25,120,47,72,1,0.39166666666666666,0.6,11.123256397938071,67.6577260745445,0.3038567005535533,0.48495625584291513,0.5066106947209401,0.6883322062887007
logistic_regression_seed_17,test,0.25,1.25,120,48,63,9,0.4,0.525,11.123256397938071,67.6577260745445,0.31166779371129927,0.4933893052790599,0.43184737844251675,0.6168896717992574
random_forest_seed_17,test,0.25,1.25,120,47,72,1,0.39166666666666666,0.6,11.123256397938071,67.6577260745445,0.3038567005535533,0.48495625584291513,0.5066106947209401,0.6883322062887007
logistic_regression_seed_27,test,0.25,1.25,120,48,63,9,0.4,0.525,11.123256397938071,67.6577260745445,0.31166779371129927,0.4933893052790599,0.43184737844251675,0.6168896717992574
random_forest_seed_27,test,0.25,1.25,120,48,72,0,0.4,0.6,11.123256397938071,67.6577260745445,0.31166779371129927,0.4933893052790599,0.5066106947209401,0.6883322062887007
snn_seed_7,validation,0.5,0.75,120,66,46,8,0.55,0.38333333333333336,14.966836142868438,71.76946577270353,0.45654521973614837,0.640928362462071,0.29607188558172814,0.476497206188389
snn_seed_17,validation,0.5,0.75,120,71,39,10,0.5916666666666667,0.325,14.966836142868438,71.76946577270353,0.49820337837469064,0.6804951279342673,0.24234507006652528,0.41652724571927147
snn_seed_27,validation,0.5,0.75,120,70,43,7,0.5833333333333334,0.35833333333333334,14.966836142868438,71.76946577270353,0.4898215542022939,0.6726323299967203,0.27287848116840085,0.450960963819112
logistic_regression_seed_7,validation,0.5,0.75,120,89,23,8,0.7416666666666667,0.19166666666666668,14.966836142868438,71.76946577270353,0.6537905952887408,0.8172414698303403,0.12555172485646504,0.27358238273731805
random_forest_seed_7,validation,0.5,0.75,120,86,32,2,0.7166666666666667,0.26666666666666666,14.966836142868438,71.76946577270353,0.62717946157829,0.7951443321364762,0.19008907278209386,0.3551140125070168
logistic_regression_seed_17,validation,0.5,0.75,120,89,23,8,0.7416666666666667,0.19166666666666668,14.966836142868438,71.76946577270353,0.6537905952887408,0.8172414698303403,0.12555172485646504,0.27358238273731805
random_forest_seed_17,validation,0.5,0.75,120,88,30,2,0.7333333333333333,0.25,14.966836142868438,71.76946577270353,0.6448859874929832,0.8099109272179061,0.17546461903005772,0.3372692162919937
logistic_regression_seed_27,validation,0.5,0.75,120,89,23,8,0.7416666666666667,0.19166666666666668,14.966836142868438,71.76946577270353,0.6537905952887408,0.8172414698303403,0.12555172485646504,0.27358238273731805
random_forest_seed_27,validation,0.5,0.75,120,86,31,3,0.7166666666666667,0.25833333333333336,14.966836142868438,71.76946577270353,0.62717946157829,0.7951443321364762,0.1827585301696597,0.34620940471125916
snn_seed_7,test,0.5,0.75,120,73,47,0,0.6083333333333333,0.39166666666666666,15.450145611255948,71.83571969802667,0.5150437441570849,0.6961432994464467,0.3038567005535533,0.48495625584291513
snn_seed_17,test,0.5,0.75,120,72,43,5,0.6,0.35833333333333334,15.450145611255948,71.83571969802667,0.5066106947209401,0.6883322062887007,0.27287848116840085,0.450960963819112
snn_seed_27,test,0.5,0.75,120,72,45,3,0.6,0.375,15.450145611255948,71.83571969802667,0.5066106947209401,0.6883322062887007,0.28831367057013546,0.4680118617139808
logistic_regression_seed_7,test,0.5,0.75,120,86,26,8,0.7166666666666667,0.21666666666666667,15.450145611255948,71.83571969802667,0.62717946157829,0.7951443321364762,0.1466814942921033,0.3011285130656679
random_forest_seed_7,test,0.5,0.75,120,82,37,1,0.6833333333333333,0.30833333333333335,15.450145611255948,71.83571969802667,0.5921530675200328,0.7652151295210585,0.2272551196338326,0.39913676453195035
logistic_regression_seed_17,test,0.5,0.75,120,86,26,8,0.7166666666666667,0.21666666666666667,15.450145611255948,71.83571969802667,0.62717946157829,0.7951443321364762,0.1466814942921033,0.3011285130656679
random_forest_seed_17,test,0.5,0.75,120,80,38,2,0.6666666666666666,0.31666666666666665,15.450145611255948,71.83571969802667,0.5748217121636491,0.7500649106972843,0.23478487047894148,0.4078469324799672
logistic_regression_seed_27,test,0.5,0.75,120,86,26,8,0.7166666666666667,0.21666666666666667,15.450145611255948,71.83571969802667,0.62717946157829,0.7951443321364762,0.1466814942921033,0.3011285130656679
random_forest_seed_27,test,0.5,0.75,120,81,38,1,0.675,0.31666666666666665,15.450145611255948,71.83571969802667,0.5834727542807285,0.7576549299334747,0.23478487047894148,0.4078469324799672
snn_seed_7,validation,0.5,1,120,61,52,7,0.5083333333333333,0.43333333333333335,14.777658436692716,73.10326519598857,0.4155042913653173,0.600741417461589,0.3431694917061159,0.5268664567657602
snn_seed_17,validation,0.5,1,120,64,44,12,0.5333333333333333,0.36666666666666664,14.777658436692716,73.10326519598857,0.44005550296190266,0.6249271414775575,0.2805824076650387,0.4594998989224698
snn_seed_27,validation,0.5,1,120,64,47,9,0.5333333333333333,0.39166666666666666,14.777658436692716,73.10326519598857,0.44005550296190266,0.6249271414775575,0.3038567005535533,0.48495625584291513
logistic_regression_seed_7,validation,0.5,1,120,78,32,10,0.65,0.26666666666666666,14.777658436692716,73.10326519598857,0.5576053298889586,0.7347976904589049,0.19008907278209386,0.3551140125070168
random_forest_seed_7,validation,0.5,1,120,82,32,6,0.6833333333333333,0.26666666666666666,14.777658436692716,73.10326519598857,0.5921530675200328,0.7652151295210585,0.19008907278209386,0.3551140125070168
logistic_regression_seed_17,validation,0.5,1,120,78,32,10,0.65,0.26666666666666666,14.777658436692716,73.10326519598857,0.5576053298889586,0.7347976904589049,0.19008907278209386,0.3551140125070168
random_forest_seed_17,validation,0.5,1,120,84,29,7,0.7,0.24166666666666667,14.777658436692716,73.10326519598857,0.6096038905778628,0.7802435007594755,0.16820856019806274,0.32829232087301274
logistic_regression_seed_27,validation,0.5,1,120,78,32,10,0.65,0.26666666666666666,14.777658436692716,73.10326519598857,0.5576053298889586,0.7347976904589049,0.19008907278209386,0.3551140125070168
random_forest_seed_27,validation,0.5,1,120,80,31,9,0.6666666666666666,0.25833333333333336,14.777658436692716,73.10326519598857,0.5748217121636491,0.7500649106972843,0.1827585301696597,0.34620940471125916
snn_seed_7,test,0.5,1,120,72,48,0,0.6,0.4,15.32555415963438,72.73957374866214,0.5066106947209401,0.6883322062887007,0.31166779371129927,0.4933893052790599
snn_seed_17,test,0.5,1,120,71,43,6,0.5916666666666667,0.35833333333333334,15.32555415963438,72.73957374866214,0.49820337837469064,0.6804951279342673,0.27287848116840085,0.450960963819112
snn_seed_27,test,0.5,1,120,71,46,3,0.5916666666666667,0.38333333333333336,15.32555415963438,72.73957374866214,0.49820337837469064,0.6804951279342673,0.29607188558172814,0.476497206188389
logistic_regression_seed_7,test,0.5,1,120,80,32,8,0.6666666666666666,0.26666666666666666,15.32555415963438,72.73957374866214,0.5748217121636491,0.7500649106972843,0.19008907278209386,0.3551140125070168
random_forest_seed_7,test,0.5,1,120,80,39,1,0.6666666666666666,0.325,15.32555415963438,72.73957374866214,0.5748217121636491,0.7500649106972843,0.24234507006652528,0.41652724571927147
logistic_regression_seed_17,test,0.5,1,120,80,32,8,0.6666666666666666,0.26666666666666666,15.32555415963438,72.73957374866214,0.5748217121636491,0.7500649106972843,0.19008907278209386,0.3551140125070168
random_forest_seed_17,test,0.5,1,120,79,39,2,0.6583333333333333,0.325,15.32555415963438,72.73957374866214,0.5661994028150497,0.7424456523481331,0.24234507006652528,0.41652724571927147
logistic_regression_seed_27,test,0.5,1,120,80,32,8,0.6666666666666666,0.26666666666666666,15.32555415963438,72.73957374866214,0.5748217121636491,0.7500649106972843,0.19008907278209386,0.3551140125070168
random_forest_seed_27,test,0.5,1,120,80,39,1,0.6666666666666666,0.325,15.32555415963438,72.73957374866214,0.5748217121636491,0.7500649106972843,0.24234507006652528,0.41652724571927147
snn_seed_7,validation,0.5,1.25,120,57,53,10,0.475,0.44166666666666665,14.713503366298854,74.22312801227582,0.38311032820074264,0.5681526215574833,0.35110811060417246,0.5351730036835911
snn_seed_17,validation,0.5,1.25,120,59,48,13,0.49166666666666664,0.4,14.713503366298854,74.22312801227582,0.39925858253841096,0.5844957086346827,0.31166779371129927,0.4933893052790599
snn_seed_27,validation,0.5,1.25,120,59,53,8,0.49166666666666664,0.44166666666666665,14.713503366298854,74.22312801227582,0.39925858253841096,0.5844957086346827,0.35110811060417246,0.5351730036835911
logistic_regression_seed_7,validation,0.5,1.25,120,70,37,13,0.5833333333333334,0.30833333333333335,14.713503366298854,74.22312801227582,0.4898215542022939,0.6726323299967203,0.2272551196338326,0.39913676453195035
random_forest_seed_7,validation,0.5,1.25,120,80,32,8,0.6666666666666666,0.26666666666666666,14.713503366298854,74.22312801227582,0.5748217121636491,0.7500649106972843,0.19008907278209386,0.3551140125070168
logistic_regression_seed_17,validation,0.5,1.25,120,70,37,13,0.5833333333333334,0.30833333333333335,14.713503366298854,74.22312801227582,0.4898215542022939,0.6726323299967203,0.2272551196338326,0.39913676453195035
random_forest_seed_17,validation,0.5,1.25,120,80,32,8,0.6666666666666666,0.26666666666666666,14.713503366298854,74.22312801227582,0.5748217121636491,0.7500649106972843,0.19008907278209386,0.3551140125070168
logistic_regression_seed_27,validation,0.5,1.25,120,70,37,13,0.5833333333333334,0.30833333333333335,14.713503366298854,74.22312801227582,0.4898215542022939,0.6726323299967203,0.2272551196338326,0.39913676453195035
random_forest_seed_27,validation,0.5,1.25,120,79,32,9,0.6583333333333333,0.26666666666666666,14.713503366298854,74.22312801227582,0.5661994028150497,0.7424456523481331,0.19008907278209386,0.3551140125070168
snn_seed_7,test,0.5,1.25,120,70,50,0,0.5833333333333334,0.4166666666666667,15.16494325082685,74.14234730984057,0.4898215542022939,0.6726323299967203,0.3273676700032797,0.5101784457977061
snn_seed_17,test,0.5,1.25,120,65,48,7,0.5416666666666666,0.4,15.16494325082685,74.14234730984057,0.4482880894946426,0.6329400722046845,0.31166779371129927,0.4933893052790599
snn_seed_27,test,0.5,1.25,120,64,50,6,0.5333333333333333,0.4166666666666667,15.16494325082685,74.14234730984057,0.44005550296190266,0.6249271414775575,0.3273676700032797,0.5101784457977061
logistic_regression_seed_7,test,0.5,1.25,120,79,37,4,0.6583333333333333,0.30833333333333335,15.16494325082685,74.14234730984057,0.5661994028150497,0.7424456523481331,0.2272551196338326,0.39913676453195035
random_forest_seed_7,test,0.5,1.25,120,79,38,3,0.6583333333333333,0.31666666666666665,15.16494325082685,74.14234730984057,0.5661994028150497,0.7424456523481331,0.23478487047894148,0.4078469324799672
logistic_regression_seed_17,test,0.5,1.25,120,79,37,4,0.6583333333333333,0.30833333333333335,15.16494325082685,74.14234730984057,0.5661994028150497,0.7424456523481331,0.2272551196338326,0.39913676453195035
random_forest_seed_17,test,0.5,1.25,120,79,38,3,0.6583333333333333,0.31666666666666665,15.16494325082685,74.14234730984057,0.5661994028150497,0.7424456523481331,0.23478487047894148,0.4078469324799672
logistic_regression_seed_27,test,0.5,1.25,120,79,37,4,0.6583333333333333,0.30833333333333335,15.16494325082685,74.14234730984057,0.5661994028150497,0.7424456523481331,0.2272551196338326,0.39913676453195035
random_forest_seed_27,test,0.5,1.25,120,78,40,2,0.65,0.3333333333333333,15.16494325082685,74.14234730984057,0.5576053298889586,0.7347976904589049,0.24993508930271569,0.4251782878363509
snn_seed_7,validation,0.75,0.75,120,98,19,3,0.8166666666666667,0.15833333333333333,19.341476884984576,78.62861850080058,0.73569342883173,0.881393578443195,0.09810229474059251,0.23616355602821115
snn_seed_17,validation,0.75,0.75,120,87,26,7,0.725,0.21666666666666667,19.341476884984576,78.62861850080058,0.6360159264005374,0.8025448721736059,0.1466814942921033,0.3011285130656679
snn_seed_27,validation,0.75,0.75,120,95,22,3,0.7916666666666666,0.18333333333333332,19.341476884984576,78.62861850080058,0.708008721879435,0.8604084551915832,0.11860642155680501,0.26430657116827005
logistic_regression_seed_7,validation,0.75,0.75,120,103,12,5,0.8583333333333333,0.1,19.341476884984576,78.62861850080058,0.7828931017566243,0.9152552705054837,0.0527477863900605,0.168165212702665
random_forest_seed_7,validation,0.75,0.75,120,98,18,4,0.8166666666666667,0.15,19.341476884984576,78.62861850080058,0.73569342883173,0.881393578443195,0.09138957252823077,0.2266671434126274
logistic_regression_seed_17,validation,0.75,0.75,120,103,12,5,0.8583333333333333,0.1,19.341476884984576,78.62861850080058,0.7828931017566243,0.9152552705054837,0.0527477863900605,0.168165212702665
random_forest_seed_17,validation,0.75,0.75,120,97,19,4,0.8083333333333333,0.15833333333333333,19.341476884984576,78.62861850080058,0.726417617262682,0.874448275143535,0.09810229474059251,0.23616355602821115
logistic_regression_seed_27,validation,0.75,0.75,120,103,12,5,0.8583333333333333,0.1,19.341476884984576,78.62861850080058,0.7828931017566243,0.9152552705054837,0.0527477863900605,0.168165212702665
random_forest_seed_27,validation,0.75,0.75,120,96,19,5,0.8,0.15833333333333333,19.341476884984576,78.62861850080058,0.7171901091020615,0.8674524324552804,0.09810229474059251,0.23616355602821115
snn_seed_7,test,0.75,0.75,120,94,26,0,0.7833333333333333,0.21666666666666667,20.172926701544686,78.90563270548232,0.6988714869343321,0.8533185057078967,0.1466814942921033,0.3011285130656679
snn_seed_17,test,0.75,0.75,120,91,26,3,0.7583333333333333,0.21666666666666667,20.172926701544686,78.90563270548232,0.6717076791269873,0.8317914398019373,0.1466814942921033,0.3011285130656679
snn_seed_27,test,0.75,0.75,120,93,27,0,0.775,0.225,20.172926701544686,78.90563270548232,0.6897766224360279,0.8461845355525828,0.15381546444741723,0.3102233775639721
logistic_regression_seed_7,test,0.75,0.75,120,101,13,6,0.8416666666666667,0.10833333333333334,20.172926701544686,78.90563270548232,0.7638364439717888,0.9018977052594075,0.05895830622908571,0.1781274383889418
random_forest_seed_7,test,0.75,0.75,120,94,24,2,0.7833333333333333,0.2,20.172926701544686,78.90563270548232,0.6988714869343321,0.8533185057078967,0.13254756754471964,0.2828098908979385
logistic_regression_seed_17,test,0.75,0.75,120,101,13,6,0.8416666666666667,0.10833333333333334,20.172926701544686,78.90563270548232,0.7638364439717888,0.9018977052594075,0.05895830622908571,0.1781274383889418
random_forest_seed_17,test,0.75,0.75,120,91,23,6,0.7583333333333333,0.19166666666666668,20.172926701544686,78.90563270548232,0.6717076791269873,0.8317914398019373,0.12555172485646504,0.27358238273731805
logistic_regression_seed_27,test,0.75,0.75,120,101,13,6,0.8416666666666667,0.10833333333333334,20.172926701544686,78.90563270548232,0.7638364439717888,0.9018977052594075,0.05895830622908571,0.1781274383889418
random_forest_seed_27,test,0.75,0.75,120,93,23,4,0.775,0.19166666666666668,20.172926701544686,78.90563270548232,0.6897766224360279,0.8461845355525828,0.12555172485646504,0.27358238273731805
snn_seed_7,validation,0.75,1,120,88,25,7,0.7333333333333333,0.20833333333333334,19.13563575052215,81.19554392347186,0.6448859874929832,0.8099109272179061,0.13959154480841685,0.291991278120565
snn_seed_17,validation,0.75,1,120,83,31,6,0.6916666666666667,0.25833333333333336,19.13563575052215,81.19554392347186,0.6008632354680497,0.7727448803661674,0.1827585301696597,0.34620940471125916
snn_seed_27,validation,0.75,1,120,88,28,4,0.7333333333333333,0.23333333333333334,19.13563575052215,81.19554392347186,0.6448859874929832,0.8099109272179061,0.16099168809646414,0.31927748928005883
logistic_regression_seed_7,validation,0.75,1,120,98,15,7,0.8166666666666667,0.125,19.13563575052215,81.19554392347186,0.73569342883173,0.881393578443195,0.07167967688875287,0.19777641035182447
random_forest_seed_7,validation,0.75,1,120,94,18,8,0.7833333333333333,0.15,19.13563575052215,81.19554392347186,0.6988714869343321,0.8533185057078967,0.09138957252823077,0.2266671434126274
logistic_regression_seed_17,validation,0.75,1,120,98,15,7,0.8166666666666667,0.125,19.13563575052215,81.19554392347186,0.73569342883173,0.881393578443195,0.07167967688875287,0.19777641035182447
random_forest_seed_17,validation,0.75,1,120,96,16,8,0.8,0.13333333333333333,19.13563575052215,81.19554392347186,0.7171901091020615,0.8674524324552804,0.07817281486617822,0.20747836333443415
logistic_regression_seed_27,validation,0.75,1,120,98,15,7,0.8166666666666667,0.125,19.13563575052215,81.19554392347186,0.73569342883173,0.881393578443195,0.07167967688875287,0.19777641035182447
random_forest_seed_27,validation,0.75,1,120,94,16,10,0.7833333333333333,0.13333333333333333,19.13563575052215,81.19554392347186,0.6988714869343321,0.8533185057078967,0.07817281486617822,0.20747836333443415
snn_seed_7,test,0.75,1,120,90,30,0,0.75,0.25,20.006509094207445,80.69997661520122,0.6627307837080063,0.8245353809699423,0.17546461903005772,0.3372692162919937
snn_seed_17,test,0.75,1,120,91,26,3,0.7583333333333333,0.21666666666666667,20.006509094207445,80.69997661520122,0.6717076791269873,0.8317914398019373,0.1466814942921033,0.3011285130656679
snn_seed_27,test,0.75,1,120,91,29,0,0.7583333333333333,0.24166666666666667,20.006509094207445,80.69997661520122,0.6717076791269873,0.8317914398019373,0.16820856019806274,0.32829232087301274
logistic_regression_seed_7,test,0.75,1,120,102,13,5,0.85,0.10833333333333334,20.006509094207445,80.69997661520122,0.7733328565873726,0.9086104274717692,0.05895830622908571,0.1781274383889418
random_forest_seed_7,test,0.75,1,120,94,24,2,0.7833333333333333,0.2,20.006509094207445,80.69997661520122,0.6988714869343321,0.8533185057078967,0.13254756754471964,0.2828098908979385
logistic_regression_seed_17,test,0.75,1,120,102,13,5,0.85,0.10833333333333334,20.006509094207445,80.69997661520122,0.7733328565873726,0.9086104274717692,0.05895830622908571,0.1781274383889418
random_forest_seed_17,test,0.75,1,120,90,24,6,0.75,0.2,20.006509094207445,80.69997661520122,0.6627307837080063,0.8245353809699423,0.13254756754471964,0.2828098908979385
logistic_regression_seed_27,test,0.75,1,120,102,13,5,0.85,0.10833333333333334,20.006509094207445,80.69997661520122,0.7733328565873726,0.9086104274717692,0.05895830622908571,0.1781274383889418
random_forest_seed_27,test,0.75,1,120,93,24,3,0.775,0.2,20.006509094207445,80.69997661520122,0.6897766224360279,0.8461845355525828,0.13254756754471964,0.2828098908979385
snn_seed_7,validation,0.75,1.25,120,84,30,6,0.7,0.25,19.04750256424344,83.44230519799112,0.6096038905778628,0.7802435007594755,0.17546461903005772,0.3372692162919937
snn_seed_17,validation,0.75,1.25,120,81,33,6,0.675,0.275,19.04750256424344,83.44230519799112,0.5834727542807285,0.7576549299334747,0.19745512782639407,0.3639840735994626
snn_seed_27,validation,0.75,1.25,120,82,32,6,0.6833333333333333,0.26666666666666666,19.04750256424344,83.44230519799112,0.5921530675200328,0.7652151295210585,0.19008907278209386,0.3551140125070168
logistic_regression_seed_7,validation,0.75,1.25,120,92,18,10,0.7666666666666667,0.15,19.04750256424344,83.44230519799112,0.6807225107199412,0.8390083119035359,0.09138957252823077,0.2266671434126274
random_forest_seed_7,validation,0.75,1.25,120,93,18,9,0.775,0.15,19.04750256424344,83.44230519799112,0.6897766224360279,0.8461845355525828,0.09138957252823077,0.2266671434126274
logistic_regression_seed_17,validation,0.75,1.25,120,92,18,10,0.7666666666666667,0.15,19.04750256424344,83.44230519799112,0.6807225107199412,0.8390083119035359,0.09138957252823077,0.2266671434126274
random_forest_seed_17,validation,0.75,1.25,120,95,17,8,0.7916666666666666,0.14166666666666666,19.04750256424344,83.44230519799112,0.708008721879435,0.8604084551915832,0.08474472949451628,0.21710689824337565
logistic_regression_seed_27,validation,0.75,1.25,120,92,18,10,0.7666666666666667,0.15,19.04750256424344,83.44230519799112,0.6807225107199412,0.8390083119035359,0.09138957252823077,0.2266671434126274
random_forest_seed_27,validation,0.75,1.25,120,94,17,9,0.7833333333333333,0.14166666666666666,19.04750256424344,83.44230519799112,0.6988714869343321,0.8533185057078967,0.08474472949451628,0.21710689824337565
snn_seed_7,test,0.75,1.25,120,88,32,0,0.7333333333333333,0.26666666666666666,19.83956109219449,83.32147478826582,0.6448859874929832,0.8099109272179061,0.19008907278209386,0.3551140125070168
snn_seed_17,test,0.75,1.25,120,88,28,4,0.7333333333333333,0.23333333333333334,19.83956109219449,83.32147478826582,0.6448859874929832,0.8099109272179061,0.16099168809646414,0.31927748928005883
snn_seed_27,test,0.75,1.25,120,92,26,2,0.7666666666666667,0.21666666666666667,19.83956109219449,83.32147478826582,0.6807225107199412,0.8390083119035359,0.1466814942921033,0.3011285130656679
logistic_regression_seed_7,test,0.75,1.25,120,97,18,5,0.8083333333333333,0.15,19.83956109219449,83.32147478826582,0.726417617262682,0.874448275143535,0.09138957252823077,0.2266671434126274
random_forest_seed_7,test,0.75,1.25,120,91,24,5,0.7583333333333333,0.2,19.83956109219449,83.32147478826582,0.6717076791269873,0.8317914398019373,0.13254756754471964,0.2828098908979385
logistic_regression_seed_17,test,0.75,1.25,120,97,18,5,0.8083333333333333,0.15,19.83956109219449,83.32147478826582,0.726417617262682,0.874448275143535,0.09138957252823077,0.2266671434126274
random_forest_seed_17,test,0.75,1.25,120,90,24,6,0.75,0.2,19.83956109219449,83.32147478826582,0.6627307837080063,0.8245353809699423,0.13254756754471964,0.2828098908979385
logistic_regression_seed_27,test,0.75,1.25,120,97,18,5,0.8083333333333333,0.15,19.83956109219449,83.32147478826582,0.726417617262682,0.874448275143535,0.09138957252823077,0.2266671434126274
random_forest_seed_27,test,0.75,1.25,120,90,25,5,0.75,0.20833333333333334,19.83956109219449,83.32147478826582,0.6627307837080063,0.8245353809699423,0.13959154480841685,0.291991278120565
snn_seed_7,validation,1,0.75,120,108,9,3,0.9,0.075,23.988874445092115,87.0614522098906,0.8318347872973351,0.9472522136099395,0.034867390611962534,0.1376010578903662
snn_seed_17,validation,1,0.75,120,104,12,4,0.8666666666666667,0.1,23.988874445092115,87.0614522098906,0.7925216366655659,0.9218271851338218,0.0527477863900605,0.168165212702665
snn_seed_27,validation,1,0.75,120,109,9,2,0.9083333333333333,0.075,23.988874445092115,87.0614522098906,0.8419014588041673,0.9533477303447511,0.034867390611962534,0.1376010578903662
logistic_regression_seed_7,validation,1,0.75,120,110,6,4,0.9166666666666666,0.05,23.988874445092115,87.0614522098906,0.8520845706626659,0.9593138711319833,0.018567586782669565,0.1056538545187111
random_forest_seed_7,validation,1,0.75,120,103,10,7,0.8583333333333333,0.08333333333333333,23.988874445092115,87.0614522098906,0.7828931017566243,0.9152552705054837,0.0406861288680167,0.14791542933733415
logistic_regression_seed_17,validation,1,0.75,120,110,6,4,0.9166666666666666,0.05,23.988874445092115,87.0614522098906,0.8520845706626659,0.9593138711319833,0.018567586782669565,0.1056538545187111
random_forest_seed_17,validation,1,0.75,120,104,9,7,0.8666666666666667,0.075,23.988874445092115,87.0614522098906,0.7925216366655659,0.9218271851338218,0.034867390611962534,0.1376010578903662
logistic_regression_seed_27,validation,1,0.75,120,110,6,4,0.9166666666666666,0.05,23.988874445092115,87.0614522098906,0.8520845706626659,0.9593138711319833,0.018567586782669565,0.1056538545187111
random_forest_seed_27,validation,1,0.75,120,103,10,7,0.8583333333333333,0.08333333333333333,23.988874445092115,87.0614522098906,0.7828931017566243,0.9152552705054837,0.0406861288680167,0.14791542933733415
snn_seed_7,test,1,0.75,120,103,16,1,0.8583333333333333,0.13333333333333333,25.117708440537246,87.51532938515261,0.7828931017566243,0.9152552705054837,0.07817281486617822,0.20747836333443415
snn_seed_17,test,1,0.75,120,101,15,4,0.8416666666666667,0.125,25.117708440537246,87.51532938515261,0.7638364439717888,0.9018977052594075,0.07167967688875287,0.19777641035182447
snn_seed_27,test,1,0.75,120,104,16,0,0.8666666666666667,0.13333333333333333,25.117708440537246,87.51532938515261,0.7925216366655659,0.9218271851338218,0.07817281486617822,0.20747836333443415
logistic_regression_seed_7,test,1,0.75,120,109,4,7,0.9083333333333333,0.03333333333333333,25.117708440537246,87.51532938515261,0.8419014588041673,0.9533477303447511,0.009155505556836863,0.0831487214285094
random_forest_seed_7,test,1,0.75,120,100,11,9,0.8333333333333334,0.09166666666666666,25.117708440537246,87.51532938515261,0.7543999619226827,0.8951214980233364,0.046652269655248935,0.15809854119583266
logistic_regression_seed_17,test,1,0.75,120,109,4,7,0.9083333333333333,0.03333333333333333,25.117708440537246,87.51532938515261,0.8419014588041673,0.9533477303447511,0.009155505556836863,0.0831487214285094
random_forest_seed_17,test,1,0.75,120,99,11,10,0.825,0.09166666666666666,25.117708440537246,87.51532938515261,0.7450199724342726,0.8882856569062525,0.046652269655248935,0.15809854119583266
logistic_regression_seed_27,test,1,0.75,120,109,4,7,0.9083333333333333,0.03333333333333333,25.117708440537246,87.51532938515261,0.8419014588041673,0.9533477303447511,0.009155505556836863,0.0831487214285094
random_forest_seed_27,test,1,0.75,120,99,13,8,0.825,0.10833333333333334,25.117708440537246,87.51532938515261,0.7450199724342726,0.8882856569062525,0.05895830622908571,0.1781274383889418
snn_seed_7,validation,1,1,120,104,12,4,0.8666666666666667,0.1,23.809582878427417,90.99547924914226,0.7925216366655659,0.9218271851338218,0.0527477863900605,0.168165212702665
snn_seed_17,validation,1,1,120,101,15,4,0.8416666666666667,0.125,23.809582878427417,90.99547924914226,0.7638364439717888,0.9018977052594075,0.07167967688875287,0.19777641035182447
snn_seed_27,validation,1,1,120,109,9,2,0.9083333333333333,0.075,23.809582878427417,90.99547924914226,0.8419014588041673,0.9533477303447511,0.034867390611962534,0.1376010578903662
logistic_regression_seed_7,validation,1,1,120,106,7,7,0.8833333333333333,0.058333333333333334,23.809582878427417,90.99547924914226,0.8120049096131929,0.9347278494900564,0.02377202379051946,0.11649837964561313
random_forest_seed_7,validation,1,1,120,100,9,11,0.8333333333333334,0.075,23.809582878427417,90.99547924914226,0.7543999619226827,0.8951214980233364,0.034867390611962534,0.1376010578903662
logistic_regression_seed_17,validation,1,1,120,106,7,7,0.8833333333333333,0.058333333333333334,23.809582878427417,90.99547924914226,0.8120049096131929,0.9347278494900564,0.02377202379051946,0.11649837964561313
random_forest_seed_17,validation,1,1,120,102,9,9,0.85,0.075,23.809582878427417,90.99547924914226,0.7733328565873726,0.9086104274717692,0.034867390611962534,0.1376010578903662
logistic_regression_seed_27,validation,1,1,120,106,7,7,0.8833333333333333,0.058333333333333334,23.809582878427417,90.99547924914226,0.8120049096131929,0.9347278494900564,0.02377202379051946,0.11649837964561313
random_forest_seed_27,validation,1,1,120,101,9,10,0.8416666666666667,0.075,23.809582878427417,90.99547924914226,0.7638364439717888,0.9018977052594075,0.034867390611962534,0.1376010578903662
snn_seed_7,test,1,1,120,100,19,1,0.8333333333333334,0.15833333333333333,24.94295207258661,90.29874229516484,0.7543999619226827,0.8951214980233364,0.09810229474059251,0.23616355602821115
snn_seed_17,test,1,1,120,100,16,4,0.8333333333333334,0.13333333333333333,24.94295207258661,90.29874229516484,0.7543999619226827,0.8951214980233364,0.07817281486617822,0.20747836333443415
snn_seed_27,test,1,1,120,104,16,0,0.8666666666666667,0.13333333333333333,24.94295207258661,90.29874229516484,0.7925216366655659,0.9218271851338218,0.07817281486617822,0.20747836333443415
logistic_regression_seed_7,test,1,1,120,111,5,4,0.925,0.041666666666666664,24.94295207258661,90.29874229516484,0.8623989421096339,0.9651326093880375,0.01366538411678997,0.09455879997593644
random_forest_seed_7,test,1,1,120,101,12,7,0.8416666666666667,0.1,24.94295207258661,90.29874229516484,0.7638364439717888,0.9018977052594075,0.0527477863900605,0.168165212702665
logistic_regression_seed_17,test,1,1,120,111,5,4,0.925,0.041666666666666664,24.94295207258661,90.29874229516484,0.8623989421096339,0.9651326093880375,0.01366538411678997,0.09455879997593644
random_forest_seed_17,test,1,1,120,101,12,7,0.8416666666666667,0.1,24.94295207258661,90.29874229516484,0.7638364439717888,0.9018977052594075,0.0527477863900605,0.168165212702665
logistic_regression_seed_27,test,1,1,120,111,5,4,0.925,0.041666666666666664,24.94295207258661,90.29874229516484,0.8623989421096339,0.9651326093880375,0.01366538411678997,0.09455879997593644
random_forest_seed_27,test,1,1,120,99,14,7,0.825,0.11666666666666667,24.94295207258661,90.29874229516484,0.7450199724342726,0.8882856569062525,0.06527215050994362,0.187995090386807
snn_seed_7,validation,1,1.25,120,100,14,6,0.8333333333333334,0.11666666666666667,23.715123902317487,94.50954392379461,0.7543999619226827,0.8951214980233364,0.06527215050994362,0.187995090386807
snn_seed_17,validation,1,1.25,120,97,18,5,0.8083333333333333,0.15,23.715123902317487,94.50954392379461,0.726417617262682,0.874448275143535,0.09138957252823077,0.2266671434126274
snn_seed_27,validation,1,1.25,120,99,16,5,0.825,0.13333333333333333,23.715123902317487,94.50954392379461,0.7450199724342726,0.8882856569062525,0.07817281486617822,0.20747836333443415
logistic_regression_seed_7,validation,1,1.25,120,98,13,9,0.8166666666666667,0.10833333333333334,23.715123902317487,94.50954392379461,0.73569342883173,0.881393578443195,0.05895830622908571,0.1781274383889418
random_forest_seed_7,validation,1,1.25,120,101,8,11,0.8416666666666667,0.06666666666666667,23.715123902317487,94.50954392379461,0.7638364439717888,0.9018977052594075,0.029219184313796998,0.12713674823921145
logistic_regression_seed_17,validation,1,1.25,120,98,13,9,0.8166666666666667,0.10833333333333334,23.715123902317487,94.50954392379461,0.73569342883173,0.881393578443195,0.05895830622908571,0.1781274383889418
random_forest_seed_17,validation,1,1.25,120,104,8,8,0.8666666666666667,0.06666666666666667,23.715123902317487,94.50954392379461,0.7925216366655659,0.9218271851338218,0.029219184313796998,0.12713674823921145
logistic_regression_seed_27,validation,1,1.25,120,98,13,9,0.8166666666666667,0.10833333333333334,23.715123902317487,94.50954392379461,0.73569342883173,0.881393578443195,0.05895830622908571,0.1781274383889418
random_forest_seed_27,validation,1,1.25,120,102,8,10,0.85,0.06666666666666667,23.715123902317487,94.50954392379461,0.7733328565873726,0.9086104274717692,0.029219184313796998,0.12713674823921145
snn_seed_7,test,1,1.25,120,101,19,0,0.8416666666666667,0.15833333333333333,24.81472465273728,94.24566108784653,0.7638364439717888,0.9018977052594075,0.09810229474059251,0.23616355602821115
snn_seed_17,test,1,1.25,120,98,16,6,0.8166666666666667,0.13333333333333333,24.81472465273728,94.24566108784653,0.73569342883173,0.881393578443195,0.07817281486617822,0.20747836333443415
snn_seed_27,test,1,1.25,120,100,18,2,0.8333333333333334,0.15,24.81472465273728,94.24566108784653,0.7543999619226827,0.8951214980233364,0.09138957252823077,0.2266671434126274
logistic_regression_seed_7,test,1,1.25,120,109,7,4,0.9083333333333333,0.058333333333333334,24.81472465273728,94.24566108784653,0.8419014588041673,0.9533477303447511,0.02377202379051946,0.11649837964561313
random_forest_seed_7,test,1,1.25,120,98,10,12,0.8166666666666667,0.08333333333333333,24.81472465273728,94.24566108784653,0.73569342883173,0.881393578443195,0.0406861288680167,0.14791542933733415
logistic_regression_seed_17,test,1,1.25,120,109,7,4,0.9083333333333333,0.058333333333333334,24.81472465273728,94.24566108784653,0.8419014588041673,0.9533477303447511,0.02377202379051946,0.11649837964561313
random_forest_seed_17,test,1,1.25,120,100,9,11,0.8333333333333334,0.075,24.81472465273728,94.24566108784653,0.7543999619226827,0.8951214980233364,0.034867390611962534,0.1376010578903662
logistic_regression_seed_27,test,1,1.25,120,109,7,4,0.9083333333333333,0.058333333333333334,24.81472465273728,94.24566108784653,0.8419014588041673,0.9533477303447511,0.02377202379051946,0.11649837964561313
random_forest_seed_27,test,1,1.25,120,96,12,12,0.8,0.1,24.81472465273728,94.24566108784653,0.7171901091020615,0.8674524324552804,0.0527477863900605,0.168165212702665
