split,condition,amplitude_scale,speed_scale,planned_count,quality_valid_count,mean_observed_peak_rotation_deg,mean_observed_angular_speed_rms_deg_s
validation,nod_variant,0.1,0.75,120,120,10.009406608597471,65.74407835569001
test,nod_variant,0.1,0.75,120,120,9.599763442661821,65.48046024352882
validation,nod_variant,0.1,1.0,120,120,10.084327709126937,65.81905067538678
test,nod_variant,0.1,1.0,120,120,9.647176705427405,65.50667167700865
validation,nod_variant,0.1,1.25,120,120,10.121483293304477,65.85688119669207
test,nod_variant,0.1,1.25,120,120,9.65444222899434,65.60357570265255
validation,nod_variant,0.25,0.75,120,120,11.29011080879935,67.13336142526676
test,nod_variant,0.25,0.75,120,120,11.29891999116996,66.98557165781355
validation,nod_variant,0.25,1.0,120,120,11.250834789844582,67.52460758642027
test,nod_variant,0.25,1.0,120,120,11.236266924160116,67.21857121168303
validation,nod_variant,0.25,1.25,120,120,11.242301282638364,67.8122819358433
test,nod_variant,0.25,1.25,120,120,11.123256402439777,67.6577263196886
validation,nod_variant,0.5,0.75,120,120,14.966836149189328,71.76946585144739
test,nod_variant,0.5,0.75,120,120,15.450145669589707,71.83571975293083
validation,nod_variant,0.5,1.0,120,120,14.777658348033283,73.10326472028345
test,nod_variant,0.5,1.0,120,120,15.325554149651259,72.73957394924133
validation,nod_variant,0.5,1.25,120,120,14.713503418393255,74.22312788146117
test,nod_variant,0.5,1.25,120,120,15.164943254915128,74.14234747988009
validation,nod_variant,0.75,0.75,120,120,19.34147690755195,78.62861843998785
test,nod_variant,0.75,0.75,120,120,20.172926699047657,78.90563263069595
validation,nod_variant,0.75,1.0,120,120,19.135635792511017,81.19554388749289
test,nod_variant,0.75,1.0,120,120,20.006509075951975,80.69997649708347
validation,nod_variant,0.75,1.25,120,120,19.04750257168265,83.44230498740947
test,nod_variant,0.75,1.25,120,120,19.839561099308092,83.32147507163351
validation,nod_variant,1.0,0.75,120,120,23.988874427205154,87.06145203707352
test,nod_variant,1.0,0.75,120,120,25.11770835997732,87.51532922675291
validation,nod_variant,1.0,1.0,120,120,23.809582803769825,90.99547917141213
test,nod_variant,1.0,1.0,120,120,24.942952059638614,90.29874229850694
validation,nod_variant,1.0,1.25,120,120,23.71512398344565,94.50954393237318
test,nod_variant,1.0,1.25,120,120,24.814724632997294,94.24566117013559
validation,clean_still,,,120,120,10.334913138617862,68.88773321848036
test,clean_still,,,120,120,9.969937553994244,68.71814585723057
