detector,population,metric,point_estimate,eligible_case_count,unique_source_count,medium_high_detected_count,medium_high_missed_count,all_attack_true_positives,clean_false_positives,all_attack_false_negatives,ci_low,ci_high,defined_bootstrap_draws,undefined_bootstrap_draws,degenerate_bootstrap_interval,target,observed_point_target_met
anomaly_logistic_regression_seed6007,medium_high_quality_valid,medium_high_recall,0.8284771852666301,9095,600,7535,1560,10470,32,3886,0.8242272842927428,0.8328931747638608,2000,0,False,0.9,False
anomaly_logistic_regression_seed6007,clean_sources,clean_fpr,0.05333333333333334,600,600,7535,1560,10470,32,3886,0.03829166666666667,0.07166666666666667,2000,0,False,0.05,False
anomaly_logistic_regression_seed6007,all_attack_quality_valid,all_attack_recall,0.729311786012817,14356,600,7535,1560,10470,32,3886,0.7228047603727988,0.7360223233239112,2000,0,False,,
anomaly_logistic_regression_seed6007,all_quality_valid,all_quality_valid_precision,0.996952961340697,14956,600,7535,1560,10470,32,3886,0.9959561854275044,0.997815713579501,2000,0,False,,
anomaly_logistic_regression_seed6007,all_quality_valid,all_quality_valid_f1,0.8423847453536085,14956,600,7535,1560,10470,32,3886,0.8382980957436644,0.8465647500491541,2000,0,False,,
anomaly_logistic_regression_seed6017,medium_high_quality_valid,medium_high_recall,0.8284771852666301,9095,600,7535,1560,10470,32,3886,0.8242272842927428,0.8328931747638608,2000,0,False,0.9,False
anomaly_logistic_regression_seed6017,clean_sources,clean_fpr,0.05333333333333334,600,600,7535,1560,10470,32,3886,0.03829166666666667,0.07166666666666667,2000,0,False,0.05,False
anomaly_logistic_regression_seed6017,all_attack_quality_valid,all_attack_recall,0.729311786012817,14356,600,7535,1560,10470,32,3886,0.7228047603727988,0.7360223233239112,2000,0,False,,
anomaly_logistic_regression_seed6017,all_quality_valid,all_quality_valid_precision,0.996952961340697,14956,600,7535,1560,10470,32,3886,0.9959561854275044,0.997815713579501,2000,0,False,,
anomaly_logistic_regression_seed6017,all_quality_valid,all_quality_valid_f1,0.8423847453536085,14956,600,7535,1560,10470,32,3886,0.8382980957436644,0.8465647500491541,2000,0,False,,
anomaly_logistic_regression_seed6027,medium_high_quality_valid,medium_high_recall,0.8284771852666301,9095,600,7535,1560,10470,32,3886,0.8242272842927428,0.8328931747638608,2000,0,False,0.9,False
anomaly_logistic_regression_seed6027,clean_sources,clean_fpr,0.05333333333333334,600,600,7535,1560,10470,32,3886,0.03829166666666667,0.07166666666666667,2000,0,False,0.05,False
anomaly_logistic_regression_seed6027,all_attack_quality_valid,all_attack_recall,0.729311786012817,14356,600,7535,1560,10470,32,3886,0.7228047603727988,0.7360223233239112,2000,0,False,,
anomaly_logistic_regression_seed6027,all_quality_valid,all_quality_valid_precision,0.996952961340697,14956,600,7535,1560,10470,32,3886,0.9959561854275044,0.997815713579501,2000,0,False,,
anomaly_logistic_regression_seed6027,all_quality_valid,all_quality_valid_f1,0.8423847453536085,14956,600,7535,1560,10470,32,3886,0.8382980957436644,0.8465647500491541,2000,0,False,,
anomaly_random_forest_seed6007,medium_high_quality_valid,medium_high_recall,0.8809235843870259,9095,600,8012,1083,11784,19,2572,0.8782389108476065,0.8837030529321327,2000,0,False,0.9,False
anomaly_random_forest_seed6007,clean_sources,clean_fpr,0.03166666666666667,600,600,8012,1083,11784,19,2572,0.018333333333333333,0.04666666666666667,2000,0,False,0.05,True
anomaly_random_forest_seed6007,all_attack_quality_valid,all_attack_recall,0.8208414600167178,14356,600,8012,1083,11784,19,2572,0.8165111750125216,0.8251429649419343,2000,0,False,,
anomaly_random_forest_seed6007,all_quality_valid,all_quality_valid_precision,0.9983902397695501,14956,600,8012,1083,11784,19,2572,0.9976458372107764,0.9990624733657206,2000,0,False,,
anomaly_random_forest_seed6007,all_quality_valid,all_quality_valid_f1,0.900951871248901,14956,600,8012,1083,11784,19,2572,0.898473848758258,0.9034372442669485,2000,0,False,,
anomaly_random_forest_seed6017,medium_high_quality_valid,medium_high_recall,0.8781748213304014,9095,600,7987,1108,11758,17,2598,0.8758248828821861,0.8806432342525286,2000,0,False,0.9,False
anomaly_random_forest_seed6017,clean_sources,clean_fpr,0.028333333333333332,600,600,7987,1108,11758,17,2598,0.016625,0.043333333333333335,2000,0,False,0.05,True
anomaly_random_forest_seed6017,all_attack_quality_valid,all_attack_recall,0.8190303705767623,14356,600,7987,1108,11758,17,2598,0.8150645627311098,0.8233333030685559,2000,0,False,,
anomaly_random_forest_seed6017,all_quality_valid,all_quality_valid_precision,0.9985562632696391,14956,600,7987,1108,11758,17,2598,0.9978088240873557,0.9991551399806843,2000,0,False,,
anomaly_random_forest_seed6017,all_quality_valid,all_quality_valid_f1,0.8999272894263518,14956,600,7987,1108,11758,17,2598,0.8977092610360412,0.9023181685644581,2000,0,False,,
anomaly_random_forest_seed6027,medium_high_quality_valid,medium_high_recall,0.8794942275975811,9095,600,7999,1096,11761,17,2595,0.8770194526871085,0.8822754227981551,2000,0,False,0.9,False
anomaly_random_forest_seed6027,clean_sources,clean_fpr,0.028333333333333332,600,600,7999,1096,11761,17,2595,0.015,0.043333333333333335,2000,0,False,0.05,True
anomaly_random_forest_seed6027,all_attack_quality_valid,all_attack_recall,0.8192393424352187,14356,600,7999,1096,11761,17,2595,0.8151341160981641,0.8234119901785178,2000,0,False,,
anomaly_random_forest_seed6027,all_quality_valid,all_quality_valid_precision,0.9985566310069621,14956,600,7999,1096,11761,17,2595,0.9978144092752622,0.9992313079634484,2000,0,False,,
anomaly_random_forest_seed6027,all_quality_valid,all_quality_valid_f1,0.9000535700619882,14956,600,7999,1096,11761,17,2595,0.8977258566731168,0.9024002065677729,2000,0,False,,
