detector,attack_type,severity,planned_count,unique_eligible_sources,quality_valid_count,pre_tag_blocked_count,timestamp_gap_blocks,timestamp_order_blocks,other_quality_blocks,authenticated_accepted_count,authenticated_rejected_before_inference_count,anomaly_detected_count,anomaly_missed_count,clean_false_positive_count,flagged_count,flag_rate,rate_kind,ci_low,ci_high,defined_bootstrap_draws,undefined_bootstrap_draws,degenerate_bootstrap_interval,small_eligible_cohort,test_clean_false_positives,test_clean_source_count,test_clean_fpr,frozen_validation_threshold
anomaly_logistic_regression_seed6007,clean,clean,600,600,600,0,0,0,0,600,0,0,0,32,32,0.05333333333333334,clean_false_positive_rate,0.03829166666666667,0.07166666666666667,2000,0,False,False,32,600,0.05333333333333334,0.5431098819766053
anomaly_logistic_regression_seed6017,clean,clean,600,600,600,0,0,0,0,600,0,0,0,32,32,0.05333333333333334,clean_false_positive_rate,0.03829166666666667,0.07166666666666667,2000,0,False,False,32,600,0.05333333333333334,0.5431098819766053
anomaly_logistic_regression_seed6027,clean,clean,600,600,600,0,0,0,0,600,0,0,0,32,32,0.05333333333333334,clean_false_positive_rate,0.03829166666666667,0.07166666666666667,2000,0,False,False,32,600,0.05333333333333334,0.5431098819766053
anomaly_random_forest_seed6007,clean,clean,600,600,600,0,0,0,0,600,0,0,0,19,19,0.03166666666666667,clean_false_positive_rate,0.018333333333333333,0.04666666666666667,2000,0,False,False,19,600,0.03166666666666667,0.9063113697586315
anomaly_random_forest_seed6017,clean,clean,600,600,600,0,0,0,0,600,0,0,0,17,17,0.028333333333333332,clean_false_positive_rate,0.016625,0.043333333333333335,2000,0,False,False,17,600,0.028333333333333332,0.9054505494505495
anomaly_random_forest_seed6027,clean,clean,600,600,600,0,0,0,0,600,0,0,0,17,17,0.028333333333333332,clean_false_positive_rate,0.015,0.043333333333333335,2000,0,False,False,17,600,0.028333333333333332,0.9077944139194141
anomaly_logistic_regression_seed6007,dropped_samples,low,600,461,461,139,139,0,0,461,0,239,222,0,239,0.5184381778741866,recall_conditional_on_quality_valid,0.47450028305892344,0.5625034340659341,2000,0,False,False,32,600,0.05333333333333334,0.5431098819766053
anomaly_logistic_regression_seed6017,dropped_samples,low,600,461,461,139,139,0,0,461,0,239,222,0,239,0.5184381778741866,recall_conditional_on_quality_valid,0.47450028305892344,0.5625034340659341,2000,0,False,False,32,600,0.05333333333333334,0.5431098819766053
anomaly_logistic_regression_seed6027,dropped_samples,low,600,461,461,139,139,0,0,461,0,239,222,0,239,0.5184381778741866,recall_conditional_on_quality_valid,0.47450028305892344,0.5625034340659341,2000,0,False,False,32,600,0.05333333333333334,0.5431098819766053
anomaly_random_forest_seed6007,dropped_samples,low,600,461,461,139,139,0,0,461,0,180,281,0,180,0.39045553145336226,recall_conditional_on_quality_valid,0.34698275862068967,0.43441313210786064,2000,0,False,False,19,600,0.03166666666666667,0.9063113697586315
anomaly_random_forest_seed6017,dropped_samples,low,600,461,461,139,139,0,0,461,0,184,277,0,184,0.39913232104121477,recall_conditional_on_quality_valid,0.3549089141705069,0.44420612152699346,2000,0,False,False,17,600,0.028333333333333332,0.9054505494505495
anomaly_random_forest_seed6027,dropped_samples,low,600,461,461,139,139,0,0,461,0,190,271,0,190,0.4121475054229935,recall_conditional_on_quality_valid,0.36987842262941545,0.4573484025265831,2000,0,False,False,17,600,0.028333333333333332,0.9077944139194141
anomaly_logistic_regression_seed6007,dropped_samples,medium,600,175,175,425,425,0,0,175,0,165,10,0,165,0.9428571428571428,recall_conditional_on_quality_valid,0.9067357512953368,0.9736910635964913,2000,0,False,False,32,600,0.05333333333333334,0.5431098819766053
anomaly_logistic_regression_seed6017,dropped_samples,medium,600,175,175,425,425,0,0,175,0,165,10,0,165,0.9428571428571428,recall_conditional_on_quality_valid,0.9067357512953368,0.9736910635964913,2000,0,False,False,32,600,0.05333333333333334,0.5431098819766053
anomaly_logistic_regression_seed6027,dropped_samples,medium,600,175,175,425,425,0,0,175,0,165,10,0,165,0.9428571428571428,recall_conditional_on_quality_valid,0.9067357512953368,0.9736910635964913,2000,0,False,False,32,600,0.05333333333333334,0.5431098819766053
anomaly_random_forest_seed6007,dropped_samples,medium,600,175,175,425,425,0,0,175,0,174,1,0,174,0.9942857142857143,recall_conditional_on_quality_valid,0.9819277108433735,1.0,2000,0,False,False,19,600,0.03166666666666667,0.9063113697586315
anomaly_random_forest_seed6017,dropped_samples,medium,600,175,175,425,425,0,0,175,0,169,6,0,169,0.9657142857142857,recall_conditional_on_quality_valid,0.9371428571428572,0.9890124902419984,2000,0,False,False,17,600,0.028333333333333332,0.9054505494505495
anomaly_random_forest_seed6027,dropped_samples,medium,600,175,175,425,425,0,0,175,0,170,5,0,170,0.9714285714285714,recall_conditional_on_quality_valid,0.9456472332015811,0.9940837104072398,2000,0,False,False,17,600,0.028333333333333332,0.9077944139194141
anomaly_logistic_regression_seed6007,dropped_samples,high,600,4,4,596,596,0,0,4,0,4,0,0,4,1.0,recall_conditional_on_quality_valid,1.0,1.0,1969,31,True,True,32,600,0.05333333333333334,0.5431098819766053
anomaly_logistic_regression_seed6017,dropped_samples,high,600,4,4,596,596,0,0,4,0,4,0,0,4,1.0,recall_conditional_on_quality_valid,1.0,1.0,1969,31,True,True,32,600,0.05333333333333334,0.5431098819766053
anomaly_logistic_regression_seed6027,dropped_samples,high,600,4,4,596,596,0,0,4,0,4,0,0,4,1.0,recall_conditional_on_quality_valid,1.0,1.0,1969,31,True,True,32,600,0.05333333333333334,0.5431098819766053
anomaly_random_forest_seed6007,dropped_samples,high,600,4,4,596,596,0,0,4,0,4,0,0,4,1.0,recall_conditional_on_quality_valid,1.0,1.0,1969,31,True,True,19,600,0.03166666666666667,0.9063113697586315
anomaly_random_forest_seed6017,dropped_samples,high,600,4,4,596,596,0,0,4,0,4,0,0,4,1.0,recall_conditional_on_quality_valid,1.0,1.0,1969,31,True,True,17,600,0.028333333333333332,0.9054505494505495
anomaly_random_forest_seed6027,dropped_samples,high,600,4,4,596,596,0,0,4,0,4,0,0,4,1.0,recall_conditional_on_quality_valid,1.0,1.0,1969,31,True,True,17,600,0.028333333333333332,0.9077944139194141
anomaly_logistic_regression_seed6007,frozen_pose,low,600,600,600,0,0,0,0,600,0,600,0,0,600,1.0,recall_conditional_on_quality_valid,1.0,1.0,2000,0,True,False,32,600,0.05333333333333334,0.5431098819766053
anomaly_logistic_regression_seed6017,frozen_pose,low,600,600,600,0,0,0,0,600,0,600,0,0,600,1.0,recall_conditional_on_quality_valid,1.0,1.0,2000,0,True,False,32,600,0.05333333333333334,0.5431098819766053
anomaly_logistic_regression_seed6027,frozen_pose,low,600,600,600,0,0,0,0,600,0,600,0,0,600,1.0,recall_conditional_on_quality_valid,1.0,1.0,2000,0,True,False,32,600,0.05333333333333334,0.5431098819766053
anomaly_random_forest_seed6007,frozen_pose,low,600,600,600,0,0,0,0,600,0,600,0,0,600,1.0,recall_conditional_on_quality_valid,1.0,1.0,2000,0,True,False,19,600,0.03166666666666667,0.9063113697586315
anomaly_random_forest_seed6017,frozen_pose,low,600,600,600,0,0,0,0,600,0,600,0,0,600,1.0,recall_conditional_on_quality_valid,1.0,1.0,2000,0,True,False,17,600,0.028333333333333332,0.9054505494505495
anomaly_random_forest_seed6027,frozen_pose,low,600,600,600,0,0,0,0,600,0,600,0,0,600,1.0,recall_conditional_on_quality_valid,1.0,1.0,2000,0,True,False,17,600,0.028333333333333332,0.9077944139194141
anomaly_logistic_regression_seed6007,frozen_pose,medium,600,600,600,0,0,0,0,600,0,600,0,0,600,1.0,recall_conditional_on_quality_valid,1.0,1.0,2000,0,True,False,32,600,0.05333333333333334,0.5431098819766053
anomaly_logistic_regression_seed6017,frozen_pose,medium,600,600,600,0,0,0,0,600,0,600,0,0,600,1.0,recall_conditional_on_quality_valid,1.0,1.0,2000,0,True,False,32,600,0.05333333333333334,0.5431098819766053
anomaly_logistic_regression_seed6027,frozen_pose,medium,600,600,600,0,0,0,0,600,0,600,0,0,600,1.0,recall_conditional_on_quality_valid,1.0,1.0,2000,0,True,False,32,600,0.05333333333333334,0.5431098819766053
anomaly_random_forest_seed6007,frozen_pose,medium,600,600,600,0,0,0,0,600,0,600,0,0,600,1.0,recall_conditional_on_quality_valid,1.0,1.0,2000,0,True,False,19,600,0.03166666666666667,0.9063113697586315
anomaly_random_forest_seed6017,frozen_pose,medium,600,600,600,0,0,0,0,600,0,600,0,0,600,1.0,recall_conditional_on_quality_valid,1.0,1.0,2000,0,True,False,17,600,0.028333333333333332,0.9054505494505495
anomaly_random_forest_seed6027,frozen_pose,medium,600,600,600,0,0,0,0,600,0,600,0,0,600,1.0,recall_conditional_on_quality_valid,1.0,1.0,2000,0,True,False,17,600,0.028333333333333332,0.9077944139194141
anomaly_logistic_regression_seed6007,frozen_pose,high,600,600,600,0,0,0,0,600,0,600,0,0,600,1.0,recall_conditional_on_quality_valid,1.0,1.0,2000,0,True,False,32,600,0.05333333333333334,0.5431098819766053
anomaly_logistic_regression_seed6017,frozen_pose,high,600,600,600,0,0,0,0,600,0,600,0,0,600,1.0,recall_conditional_on_quality_valid,1.0,1.0,2000,0,True,False,32,600,0.05333333333333334,0.5431098819766053
anomaly_logistic_regression_seed6027,frozen_pose,high,600,600,600,0,0,0,0,600,0,600,0,0,600,1.0,recall_conditional_on_quality_valid,1.0,1.0,2000,0,True,False,32,600,0.05333333333333334,0.5431098819766053
anomaly_random_forest_seed6007,frozen_pose,high,600,600,600,0,0,0,0,600,0,600,0,0,600,1.0,recall_conditional_on_quality_valid,1.0,1.0,2000,0,True,False,19,600,0.03166666666666667,0.9063113697586315
anomaly_random_forest_seed6017,frozen_pose,high,600,600,600,0,0,0,0,600,0,600,0,0,600,1.0,recall_conditional_on_quality_valid,1.0,1.0,2000,0,True,False,17,600,0.028333333333333332,0.9054505494505495
anomaly_random_forest_seed6027,frozen_pose,high,600,600,600,0,0,0,0,600,0,600,0,0,600,1.0,recall_conditional_on_quality_valid,1.0,1.0,2000,0,True,False,17,600,0.028333333333333332,0.9077944139194141
anomaly_logistic_regression_seed6007,orientation_drift,low,600,600,600,0,0,0,0,600,0,36,564,0,36,0.06,recall_conditional_on_quality_valid,0.043333333333333335,0.08,2000,0,False,False,32,600,0.05333333333333334,0.5431098819766053
anomaly_logistic_regression_seed6017,orientation_drift,low,600,600,600,0,0,0,0,600,0,36,564,0,36,0.06,recall_conditional_on_quality_valid,0.043333333333333335,0.08,2000,0,False,False,32,600,0.05333333333333334,0.5431098819766053
anomaly_logistic_regression_seed6027,orientation_drift,low,600,600,600,0,0,0,0,600,0,36,564,0,36,0.06,recall_conditional_on_quality_valid,0.043333333333333335,0.08,2000,0,False,False,32,600,0.05333333333333334,0.5431098819766053
anomaly_random_forest_seed6007,orientation_drift,low,600,600,600,0,0,0,0,600,0,20,580,0,20,0.03333333333333333,recall_conditional_on_quality_valid,0.02,0.04833333333333333,2000,0,False,False,19,600,0.03166666666666667,0.9063113697586315
anomaly_random_forest_seed6017,orientation_drift,low,600,600,600,0,0,0,0,600,0,18,582,0,18,0.03,recall_conditional_on_quality_valid,0.016666666666666666,0.045,2000,0,False,False,17,600,0.028333333333333332,0.9054505494505495
anomaly_random_forest_seed6027,orientation_drift,low,600,600,600,0,0,0,0,600,0,18,582,0,18,0.03,recall_conditional_on_quality_valid,0.016666666666666666,0.043333333333333335,2000,0,False,False,17,600,0.028333333333333332,0.9077944139194141
anomaly_logistic_regression_seed6007,orientation_drift,medium,600,600,600,0,0,0,0,600,0,36,564,0,36,0.06,recall_conditional_on_quality_valid,0.041666666666666664,0.07833333333333334,2000,0,False,False,32,600,0.05333333333333334,0.5431098819766053
anomaly_logistic_regression_seed6017,orientation_drift,medium,600,600,600,0,0,0,0,600,0,36,564,0,36,0.06,recall_conditional_on_quality_valid,0.041666666666666664,0.07833333333333334,2000,0,False,False,32,600,0.05333333333333334,0.5431098819766053
anomaly_logistic_regression_seed6027,orientation_drift,medium,600,600,600,0,0,0,0,600,0,36,564,0,36,0.06,recall_conditional_on_quality_valid,0.041666666666666664,0.07833333333333334,2000,0,False,False,32,600,0.05333333333333334,0.5431098819766053
anomaly_random_forest_seed6007,orientation_drift,medium,600,600,600,0,0,0,0,600,0,35,565,0,35,0.058333333333333334,recall_conditional_on_quality_valid,0.04,0.07833333333333334,2000,0,False,False,19,600,0.03166666666666667,0.9063113697586315
anomaly_random_forest_seed6017,orientation_drift,medium,600,600,600,0,0,0,0,600,0,30,570,0,30,0.05,recall_conditional_on_quality_valid,0.03333333333333333,0.06833333333333333,2000,0,False,False,17,600,0.028333333333333332,0.9054505494505495
anomaly_random_forest_seed6027,orientation_drift,medium,600,600,600,0,0,0,0,600,0,32,568,0,32,0.05333333333333334,recall_conditional_on_quality_valid,0.03666666666666667,0.07166666666666667,2000,0,False,False,17,600,0.028333333333333332,0.9077944139194141
anomaly_logistic_regression_seed6007,orientation_drift,high,600,600,600,0,0,0,0,600,0,85,515,0,85,0.14166666666666666,recall_conditional_on_quality_valid,0.115,0.17,2000,0,False,False,32,600,0.05333333333333334,0.5431098819766053
anomaly_logistic_regression_seed6017,orientation_drift,high,600,600,600,0,0,0,0,600,0,85,515,0,85,0.14166666666666666,recall_conditional_on_quality_valid,0.115,0.17,2000,0,False,False,32,600,0.05333333333333334,0.5431098819766053
anomaly_logistic_regression_seed6027,orientation_drift,high,600,600,600,0,0,0,0,600,0,85,515,0,85,0.14166666666666666,recall_conditional_on_quality_valid,0.115,0.17,2000,0,False,False,32,600,0.05333333333333334,0.5431098819766053
anomaly_random_forest_seed6007,orientation_drift,high,600,600,600,0,0,0,0,600,0,86,514,0,86,0.14333333333333334,recall_conditional_on_quality_valid,0.11833333333333333,0.17166666666666666,2000,0,False,False,19,600,0.03166666666666667,0.9063113697586315
anomaly_random_forest_seed6017,orientation_drift,high,600,600,600,0,0,0,0,600,0,69,531,0,69,0.115,recall_conditional_on_quality_valid,0.09166666666666666,0.14,2000,0,False,False,17,600,0.028333333333333332,0.9054505494505495
anomaly_random_forest_seed6027,orientation_drift,high,600,600,600,0,0,0,0,600,0,80,520,0,80,0.13333333333333333,recall_conditional_on_quality_valid,0.10833333333333334,0.16166666666666665,2000,0,False,False,17,600,0.028333333333333332,0.9077944139194141
anomaly_logistic_regression_seed6007,orientation_jump,low,600,600,600,0,0,0,0,600,0,533,67,0,533,0.8883333333333333,recall_conditional_on_quality_valid,0.8633333333333333,0.9133333333333333,2000,0,False,False,32,600,0.05333333333333334,0.5431098819766053
anomaly_logistic_regression_seed6017,orientation_jump,low,600,600,600,0,0,0,0,600,0,533,67,0,533,0.8883333333333333,recall_conditional_on_quality_valid,0.8633333333333333,0.9133333333333333,2000,0,False,False,32,600,0.05333333333333334,0.5431098819766053
anomaly_logistic_regression_seed6027,orientation_jump,low,600,600,600,0,0,0,0,600,0,533,67,0,533,0.8883333333333333,recall_conditional_on_quality_valid,0.8633333333333333,0.9133333333333333,2000,0,False,False,32,600,0.05333333333333334,0.5431098819766053
anomaly_random_forest_seed6007,orientation_jump,low,600,600,600,0,0,0,0,600,0,470,130,0,470,0.7833333333333333,recall_conditional_on_quality_valid,0.75,0.815,2000,0,False,False,19,600,0.03166666666666667,0.9063113697586315
anomaly_random_forest_seed6017,orientation_jump,low,600,600,600,0,0,0,0,600,0,468,132,0,468,0.78,recall_conditional_on_quality_valid,0.7482916666666666,0.8133333333333334,2000,0,False,False,17,600,0.028333333333333332,0.9054505494505495
anomaly_random_forest_seed6027,orientation_jump,low,600,600,600,0,0,0,0,600,0,466,134,0,466,0.7766666666666666,recall_conditional_on_quality_valid,0.7433333333333333,0.8083333333333333,2000,0,False,False,17,600,0.028333333333333332,0.9077944139194141
anomaly_logistic_regression_seed6007,orientation_jump,medium,600,600,600,0,0,0,0,600,0,600,0,0,600,1.0,recall_conditional_on_quality_valid,1.0,1.0,2000,0,True,False,32,600,0.05333333333333334,0.5431098819766053
anomaly_logistic_regression_seed6017,orientation_jump,medium,600,600,600,0,0,0,0,600,0,600,0,0,600,1.0,recall_conditional_on_quality_valid,1.0,1.0,2000,0,True,False,32,600,0.05333333333333334,0.5431098819766053
anomaly_logistic_regression_seed6027,orientation_jump,medium,600,600,600,0,0,0,0,600,0,600,0,0,600,1.0,recall_conditional_on_quality_valid,1.0,1.0,2000,0,True,False,32,600,0.05333333333333334,0.5431098819766053
anomaly_random_forest_seed6007,orientation_jump,medium,600,600,600,0,0,0,0,600,0,600,0,0,600,1.0,recall_conditional_on_quality_valid,1.0,1.0,2000,0,True,False,19,600,0.03166666666666667,0.9063113697586315
anomaly_random_forest_seed6017,orientation_jump,medium,600,600,600,0,0,0,0,600,0,600,0,0,600,1.0,recall_conditional_on_quality_valid,1.0,1.0,2000,0,True,False,17,600,0.028333333333333332,0.9054505494505495
anomaly_random_forest_seed6027,orientation_jump,medium,600,600,600,0,0,0,0,600,0,600,0,0,600,1.0,recall_conditional_on_quality_valid,1.0,1.0,2000,0,True,False,17,600,0.028333333333333332,0.9077944139194141
anomaly_logistic_regression_seed6007,orientation_jump,high,600,600,600,0,0,0,0,600,0,600,0,0,600,1.0,recall_conditional_on_quality_valid,1.0,1.0,2000,0,True,False,32,600,0.05333333333333334,0.5431098819766053
anomaly_logistic_regression_seed6017,orientation_jump,high,600,600,600,0,0,0,0,600,0,600,0,0,600,1.0,recall_conditional_on_quality_valid,1.0,1.0,2000,0,True,False,32,600,0.05333333333333334,0.5431098819766053
anomaly_logistic_regression_seed6027,orientation_jump,high,600,600,600,0,0,0,0,600,0,600,0,0,600,1.0,recall_conditional_on_quality_valid,1.0,1.0,2000,0,True,False,32,600,0.05333333333333334,0.5431098819766053
anomaly_random_forest_seed6007,orientation_jump,high,600,600,600,0,0,0,0,600,0,600,0,0,600,1.0,recall_conditional_on_quality_valid,1.0,1.0,2000,0,True,False,19,600,0.03166666666666667,0.9063113697586315
anomaly_random_forest_seed6017,orientation_jump,high,600,600,600,0,0,0,0,600,0,600,0,0,600,1.0,recall_conditional_on_quality_valid,1.0,1.0,2000,0,True,False,17,600,0.028333333333333332,0.9054505494505495
anomaly_random_forest_seed6027,orientation_jump,high,600,600,600,0,0,0,0,600,0,600,0,0,600,1.0,recall_conditional_on_quality_valid,1.0,1.0,2000,0,True,False,17,600,0.028333333333333332,0.9077944139194141
anomaly_logistic_regression_seed6007,orientation_noise,low,600,600,600,0,0,0,0,600,0,175,425,0,175,0.2916666666666667,recall_conditional_on_quality_valid,0.25833333333333336,0.3283333333333333,2000,0,False,False,32,600,0.05333333333333334,0.5431098819766053
anomaly_logistic_regression_seed6017,orientation_noise,low,600,600,600,0,0,0,0,600,0,175,425,0,175,0.2916666666666667,recall_conditional_on_quality_valid,0.25833333333333336,0.3283333333333333,2000,0,False,False,32,600,0.05333333333333334,0.5431098819766053
anomaly_logistic_regression_seed6027,orientation_noise,low,600,600,600,0,0,0,0,600,0,175,425,0,175,0.2916666666666667,recall_conditional_on_quality_valid,0.25833333333333336,0.3283333333333333,2000,0,False,False,32,600,0.05333333333333334,0.5431098819766053
anomaly_random_forest_seed6007,orientation_noise,low,600,600,600,0,0,0,0,600,0,543,57,0,543,0.905,recall_conditional_on_quality_valid,0.88,0.9266666666666666,2000,0,False,False,19,600,0.03166666666666667,0.9063113697586315
anomaly_random_forest_seed6017,orientation_noise,low,600,600,600,0,0,0,0,600,0,539,61,0,539,0.8983333333333333,recall_conditional_on_quality_valid,0.8749583333333333,0.9216666666666666,2000,0,False,False,17,600,0.028333333333333332,0.9054505494505495
anomaly_random_forest_seed6027,orientation_noise,low,600,600,600,0,0,0,0,600,0,536,64,0,536,0.8933333333333333,recall_conditional_on_quality_valid,0.8683333333333333,0.9183333333333333,2000,0,False,False,17,600,0.028333333333333332,0.9077944139194141
anomaly_logistic_regression_seed6007,orientation_noise,medium,600,600,600,0,0,0,0,600,0,554,46,0,554,0.9233333333333333,recall_conditional_on_quality_valid,0.9033333333333333,0.9433333333333334,2000,0,False,False,32,600,0.05333333333333334,0.5431098819766053
anomaly_logistic_regression_seed6017,orientation_noise,medium,600,600,600,0,0,0,0,600,0,554,46,0,554,0.9233333333333333,recall_conditional_on_quality_valid,0.9033333333333333,0.9433333333333334,2000,0,False,False,32,600,0.05333333333333334,0.5431098819766053
anomaly_logistic_regression_seed6027,orientation_noise,medium,600,600,600,0,0,0,0,600,0,554,46,0,554,0.9233333333333333,recall_conditional_on_quality_valid,0.9033333333333333,0.9433333333333334,2000,0,False,False,32,600,0.05333333333333334,0.5431098819766053
anomaly_random_forest_seed6007,orientation_noise,medium,600,600,600,0,0,0,0,600,0,600,0,0,600,1.0,recall_conditional_on_quality_valid,1.0,1.0,2000,0,True,False,19,600,0.03166666666666667,0.9063113697586315
anomaly_random_forest_seed6017,orientation_noise,medium,600,600,600,0,0,0,0,600,0,600,0,0,600,1.0,recall_conditional_on_quality_valid,1.0,1.0,2000,0,True,False,17,600,0.028333333333333332,0.9054505494505495
anomaly_random_forest_seed6027,orientation_noise,medium,600,600,600,0,0,0,0,600,0,600,0,0,600,1.0,recall_conditional_on_quality_valid,1.0,1.0,2000,0,True,False,17,600,0.028333333333333332,0.9077944139194141
anomaly_logistic_regression_seed6007,orientation_noise,high,600,600,600,0,0,0,0,600,0,600,0,0,600,1.0,recall_conditional_on_quality_valid,1.0,1.0,2000,0,True,False,32,600,0.05333333333333334,0.5431098819766053
anomaly_logistic_regression_seed6017,orientation_noise,high,600,600,600,0,0,0,0,600,0,600,0,0,600,1.0,recall_conditional_on_quality_valid,1.0,1.0,2000,0,True,False,32,600,0.05333333333333334,0.5431098819766053
anomaly_logistic_regression_seed6027,orientation_noise,high,600,600,600,0,0,0,0,600,0,600,0,0,600,1.0,recall_conditional_on_quality_valid,1.0,1.0,2000,0,True,False,32,600,0.05333333333333334,0.5431098819766053
anomaly_random_forest_seed6007,orientation_noise,high,600,600,600,0,0,0,0,600,0,600,0,0,600,1.0,recall_conditional_on_quality_valid,1.0,1.0,2000,0,True,False,19,600,0.03166666666666667,0.9063113697586315
anomaly_random_forest_seed6017,orientation_noise,high,600,600,600,0,0,0,0,600,0,600,0,0,600,1.0,recall_conditional_on_quality_valid,1.0,1.0,2000,0,True,False,17,600,0.028333333333333332,0.9054505494505495
anomaly_random_forest_seed6027,orientation_noise,high,600,600,600,0,0,0,0,600,0,600,0,0,600,1.0,recall_conditional_on_quality_valid,1.0,1.0,2000,0,True,False,17,600,0.028333333333333332,0.9077944139194141
anomaly_logistic_regression_seed6007,position_drift,low,600,600,600,0,0,0,0,600,0,205,395,0,205,0.3416666666666667,recall_conditional_on_quality_valid,0.305,0.37833333333333335,2000,0,False,False,32,600,0.05333333333333334,0.5431098819766053
anomaly_logistic_regression_seed6017,position_drift,low,600,600,600,0,0,0,0,600,0,205,395,0,205,0.3416666666666667,recall_conditional_on_quality_valid,0.305,0.37833333333333335,2000,0,False,False,32,600,0.05333333333333334,0.5431098819766053
anomaly_logistic_regression_seed6027,position_drift,low,600,600,600,0,0,0,0,600,0,205,395,0,205,0.3416666666666667,recall_conditional_on_quality_valid,0.305,0.37833333333333335,2000,0,False,False,32,600,0.05333333333333334,0.5431098819766053
anomaly_random_forest_seed6007,position_drift,low,600,600,600,0,0,0,0,600,0,219,381,0,219,0.365,recall_conditional_on_quality_valid,0.3283333333333333,0.40166666666666667,2000,0,False,False,19,600,0.03166666666666667,0.9063113697586315
anomaly_random_forest_seed6017,position_drift,low,600,600,600,0,0,0,0,600,0,215,385,0,215,0.35833333333333334,recall_conditional_on_quality_valid,0.32166666666666666,0.395,2000,0,False,False,17,600,0.028333333333333332,0.9054505494505495
anomaly_random_forest_seed6027,position_drift,low,600,600,600,0,0,0,0,600,0,208,392,0,208,0.3466666666666667,recall_conditional_on_quality_valid,0.31,0.38333333333333336,2000,0,False,False,17,600,0.028333333333333332,0.9077944139194141
anomaly_logistic_regression_seed6007,position_drift,medium,600,600,600,0,0,0,0,600,0,591,9,0,591,0.985,recall_conditional_on_quality_valid,0.975,0.9933333333333333,2000,0,False,False,32,600,0.05333333333333334,0.5431098819766053
anomaly_logistic_regression_seed6017,position_drift,medium,600,600,600,0,0,0,0,600,0,591,9,0,591,0.985,recall_conditional_on_quality_valid,0.975,0.9933333333333333,2000,0,False,False,32,600,0.05333333333333334,0.5431098819766053
anomaly_logistic_regression_seed6027,position_drift,medium,600,600,600,0,0,0,0,600,0,591,9,0,591,0.985,recall_conditional_on_quality_valid,0.975,0.9933333333333333,2000,0,False,False,32,600,0.05333333333333334,0.5431098819766053
anomaly_random_forest_seed6007,position_drift,medium,600,600,600,0,0,0,0,600,0,597,3,0,597,0.995,recall_conditional_on_quality_valid,0.9883333333333333,1.0,2000,0,False,False,19,600,0.03166666666666667,0.9063113697586315
anomaly_random_forest_seed6017,position_drift,medium,600,600,600,0,0,0,0,600,0,599,1,0,599,0.9983333333333333,recall_conditional_on_quality_valid,0.995,1.0,2000,0,False,False,17,600,0.028333333333333332,0.9054505494505495
anomaly_random_forest_seed6027,position_drift,medium,600,600,600,0,0,0,0,600,0,597,3,0,597,0.995,recall_conditional_on_quality_valid,0.9883333333333333,1.0,2000,0,False,False,17,600,0.028333333333333332,0.9077944139194141
anomaly_logistic_regression_seed6007,position_drift,high,600,600,600,0,0,0,0,600,0,600,0,0,600,1.0,recall_conditional_on_quality_valid,1.0,1.0,2000,0,True,False,32,600,0.05333333333333334,0.5431098819766053
anomaly_logistic_regression_seed6017,position_drift,high,600,600,600,0,0,0,0,600,0,600,0,0,600,1.0,recall_conditional_on_quality_valid,1.0,1.0,2000,0,True,False,32,600,0.05333333333333334,0.5431098819766053
anomaly_logistic_regression_seed6027,position_drift,high,600,600,600,0,0,0,0,600,0,600,0,0,600,1.0,recall_conditional_on_quality_valid,1.0,1.0,2000,0,True,False,32,600,0.05333333333333334,0.5431098819766053
anomaly_random_forest_seed6007,position_drift,high,600,600,600,0,0,0,0,600,0,600,0,0,600,1.0,recall_conditional_on_quality_valid,1.0,1.0,2000,0,True,False,19,600,0.03166666666666667,0.9063113697586315
anomaly_random_forest_seed6017,position_drift,high,600,600,600,0,0,0,0,600,0,600,0,0,600,1.0,recall_conditional_on_quality_valid,1.0,1.0,2000,0,True,False,17,600,0.028333333333333332,0.9054505494505495
anomaly_random_forest_seed6027,position_drift,high,600,600,600,0,0,0,0,600,0,600,0,0,600,1.0,recall_conditional_on_quality_valid,1.0,1.0,2000,0,True,False,17,600,0.028333333333333332,0.9077944139194141
anomaly_logistic_regression_seed6007,position_jump,low,600,600,600,0,0,0,0,600,0,600,0,0,600,1.0,recall_conditional_on_quality_valid,1.0,1.0,2000,0,True,False,32,600,0.05333333333333334,0.5431098819766053
anomaly_logistic_regression_seed6017,position_jump,low,600,600,600,0,0,0,0,600,0,600,0,0,600,1.0,recall_conditional_on_quality_valid,1.0,1.0,2000,0,True,False,32,600,0.05333333333333334,0.5431098819766053
anomaly_logistic_regression_seed6027,position_jump,low,600,600,600,0,0,0,0,600,0,600,0,0,600,1.0,recall_conditional_on_quality_valid,1.0,1.0,2000,0,True,False,32,600,0.05333333333333334,0.5431098819766053
anomaly_random_forest_seed6007,position_jump,low,600,600,600,0,0,0,0,600,0,600,0,0,600,1.0,recall_conditional_on_quality_valid,1.0,1.0,2000,0,True,False,19,600,0.03166666666666667,0.9063113697586315
anomaly_random_forest_seed6017,position_jump,low,600,600,600,0,0,0,0,600,0,600,0,0,600,1.0,recall_conditional_on_quality_valid,1.0,1.0,2000,0,True,False,17,600,0.028333333333333332,0.9054505494505495
anomaly_random_forest_seed6027,position_jump,low,600,600,600,0,0,0,0,600,0,600,0,0,600,1.0,recall_conditional_on_quality_valid,1.0,1.0,2000,0,True,False,17,600,0.028333333333333332,0.9077944139194141
anomaly_logistic_regression_seed6007,position_jump,medium,600,600,600,0,0,0,0,600,0,600,0,0,600,1.0,recall_conditional_on_quality_valid,1.0,1.0,2000,0,True,False,32,600,0.05333333333333334,0.5431098819766053
anomaly_logistic_regression_seed6017,position_jump,medium,600,600,600,0,0,0,0,600,0,600,0,0,600,1.0,recall_conditional_on_quality_valid,1.0,1.0,2000,0,True,False,32,600,0.05333333333333334,0.5431098819766053
anomaly_logistic_regression_seed6027,position_jump,medium,600,600,600,0,0,0,0,600,0,600,0,0,600,1.0,recall_conditional_on_quality_valid,1.0,1.0,2000,0,True,False,32,600,0.05333333333333334,0.5431098819766053
anomaly_random_forest_seed6007,position_jump,medium,600,600,600,0,0,0,0,600,0,600,0,0,600,1.0,recall_conditional_on_quality_valid,1.0,1.0,2000,0,True,False,19,600,0.03166666666666667,0.9063113697586315
anomaly_random_forest_seed6017,position_jump,medium,600,600,600,0,0,0,0,600,0,600,0,0,600,1.0,recall_conditional_on_quality_valid,1.0,1.0,2000,0,True,False,17,600,0.028333333333333332,0.9054505494505495
anomaly_random_forest_seed6027,position_jump,medium,600,600,600,0,0,0,0,600,0,600,0,0,600,1.0,recall_conditional_on_quality_valid,1.0,1.0,2000,0,True,False,17,600,0.028333333333333332,0.9077944139194141
anomaly_logistic_regression_seed6007,position_jump,high,600,600,600,0,0,0,0,600,0,600,0,0,600,1.0,recall_conditional_on_quality_valid,1.0,1.0,2000,0,True,False,32,600,0.05333333333333334,0.5431098819766053
anomaly_logistic_regression_seed6017,position_jump,high,600,600,600,0,0,0,0,600,0,600,0,0,600,1.0,recall_conditional_on_quality_valid,1.0,1.0,2000,0,True,False,32,600,0.05333333333333334,0.5431098819766053
anomaly_logistic_regression_seed6027,position_jump,high,600,600,600,0,0,0,0,600,0,600,0,0,600,1.0,recall_conditional_on_quality_valid,1.0,1.0,2000,0,True,False,32,600,0.05333333333333334,0.5431098819766053
anomaly_random_forest_seed6007,position_jump,high,600,600,600,0,0,0,0,600,0,600,0,0,600,1.0,recall_conditional_on_quality_valid,1.0,1.0,2000,0,True,False,19,600,0.03166666666666667,0.9063113697586315
anomaly_random_forest_seed6017,position_jump,high,600,600,600,0,0,0,0,600,0,600,0,0,600,1.0,recall_conditional_on_quality_valid,1.0,1.0,2000,0,True,False,17,600,0.028333333333333332,0.9054505494505495
anomaly_random_forest_seed6027,position_jump,high,600,600,600,0,0,0,0,600,0,600,0,0,600,1.0,recall_conditional_on_quality_valid,1.0,1.0,2000,0,True,False,17,600,0.028333333333333332,0.9077944139194141
anomaly_logistic_regression_seed6007,position_noise,low,600,600,600,0,0,0,0,600,0,512,88,0,512,0.8533333333333334,recall_conditional_on_quality_valid,0.8266249999999999,0.88,2000,0,False,False,32,600,0.05333333333333334,0.5431098819766053
anomaly_logistic_regression_seed6017,position_noise,low,600,600,600,0,0,0,0,600,0,512,88,0,512,0.8533333333333334,recall_conditional_on_quality_valid,0.8266249999999999,0.88,2000,0,False,False,32,600,0.05333333333333334,0.5431098819766053
anomaly_logistic_regression_seed6027,position_noise,low,600,600,600,0,0,0,0,600,0,512,88,0,512,0.8533333333333334,recall_conditional_on_quality_valid,0.8266249999999999,0.88,2000,0,False,False,32,600,0.05333333333333334,0.5431098819766053
anomaly_random_forest_seed6007,position_noise,low,600,600,600,0,0,0,0,600,0,600,0,0,600,1.0,recall_conditional_on_quality_valid,1.0,1.0,2000,0,True,False,19,600,0.03166666666666667,0.9063113697586315
anomaly_random_forest_seed6017,position_noise,low,600,600,600,0,0,0,0,600,0,600,0,0,600,1.0,recall_conditional_on_quality_valid,1.0,1.0,2000,0,True,False,17,600,0.028333333333333332,0.9054505494505495
anomaly_random_forest_seed6027,position_noise,low,600,600,600,0,0,0,0,600,0,600,0,0,600,1.0,recall_conditional_on_quality_valid,1.0,1.0,2000,0,True,False,17,600,0.028333333333333332,0.9077944139194141
anomaly_logistic_regression_seed6007,position_noise,medium,600,600,600,0,0,0,0,600,0,600,0,0,600,1.0,recall_conditional_on_quality_valid,1.0,1.0,2000,0,True,False,32,600,0.05333333333333334,0.5431098819766053
anomaly_logistic_regression_seed6017,position_noise,medium,600,600,600,0,0,0,0,600,0,600,0,0,600,1.0,recall_conditional_on_quality_valid,1.0,1.0,2000,0,True,False,32,600,0.05333333333333334,0.5431098819766053
anomaly_logistic_regression_seed6027,position_noise,medium,600,600,600,0,0,0,0,600,0,600,0,0,600,1.0,recall_conditional_on_quality_valid,1.0,1.0,2000,0,True,False,32,600,0.05333333333333334,0.5431098819766053
anomaly_random_forest_seed6007,position_noise,medium,600,600,600,0,0,0,0,600,0,600,0,0,600,1.0,recall_conditional_on_quality_valid,1.0,1.0,2000,0,True,False,19,600,0.03166666666666667,0.9063113697586315
anomaly_random_forest_seed6017,position_noise,medium,600,600,600,0,0,0,0,600,0,600,0,0,600,1.0,recall_conditional_on_quality_valid,1.0,1.0,2000,0,True,False,17,600,0.028333333333333332,0.9054505494505495
anomaly_random_forest_seed6027,position_noise,medium,600,600,600,0,0,0,0,600,0,600,0,0,600,1.0,recall_conditional_on_quality_valid,1.0,1.0,2000,0,True,False,17,600,0.028333333333333332,0.9077944139194141
anomaly_logistic_regression_seed6007,position_noise,high,600,600,600,0,0,0,0,600,0,600,0,0,600,1.0,recall_conditional_on_quality_valid,1.0,1.0,2000,0,True,False,32,600,0.05333333333333334,0.5431098819766053
anomaly_logistic_regression_seed6017,position_noise,high,600,600,600,0,0,0,0,600,0,600,0,0,600,1.0,recall_conditional_on_quality_valid,1.0,1.0,2000,0,True,False,32,600,0.05333333333333334,0.5431098819766053
anomaly_logistic_regression_seed6027,position_noise,high,600,600,600,0,0,0,0,600,0,600,0,0,600,1.0,recall_conditional_on_quality_valid,1.0,1.0,2000,0,True,False,32,600,0.05333333333333334,0.5431098819766053
anomaly_random_forest_seed6007,position_noise,high,600,600,600,0,0,0,0,600,0,600,0,0,600,1.0,recall_conditional_on_quality_valid,1.0,1.0,2000,0,True,False,19,600,0.03166666666666667,0.9063113697586315
anomaly_random_forest_seed6017,position_noise,high,600,600,600,0,0,0,0,600,0,600,0,0,600,1.0,recall_conditional_on_quality_valid,1.0,1.0,2000,0,True,False,17,600,0.028333333333333332,0.9054505494505495
anomaly_random_forest_seed6027,position_noise,high,600,600,600,0,0,0,0,600,0,600,0,0,600,1.0,recall_conditional_on_quality_valid,1.0,1.0,2000,0,True,False,17,600,0.028333333333333332,0.9077944139194141
anomaly_logistic_regression_seed6007,timestamp_jitter,low,600,600,600,0,0,0,0,600,0,35,565,0,35,0.058333333333333334,recall_conditional_on_quality_valid,0.041666666666666664,0.07666666666666666,2000,0,False,False,32,600,0.05333333333333334,0.5431098819766053
anomaly_logistic_regression_seed6017,timestamp_jitter,low,600,600,600,0,0,0,0,600,0,35,565,0,35,0.058333333333333334,recall_conditional_on_quality_valid,0.041666666666666664,0.07666666666666666,2000,0,False,False,32,600,0.05333333333333334,0.5431098819766053
anomaly_logistic_regression_seed6027,timestamp_jitter,low,600,600,600,0,0,0,0,600,0,35,565,0,35,0.058333333333333334,recall_conditional_on_quality_valid,0.041666666666666664,0.07666666666666666,2000,0,False,False,32,600,0.05333333333333334,0.5431098819766053
anomaly_random_forest_seed6007,timestamp_jitter,low,600,600,600,0,0,0,0,600,0,540,60,0,540,0.9,recall_conditional_on_quality_valid,0.875,0.9216666666666666,2000,0,False,False,19,600,0.03166666666666667,0.9063113697586315
anomaly_random_forest_seed6017,timestamp_jitter,low,600,600,600,0,0,0,0,600,0,547,53,0,547,0.9116666666666666,recall_conditional_on_quality_valid,0.8899583333333333,0.9333333333333333,2000,0,False,False,17,600,0.028333333333333332,0.9054505494505495
anomaly_random_forest_seed6027,timestamp_jitter,low,600,600,600,0,0,0,0,600,0,544,56,0,544,0.9066666666666666,recall_conditional_on_quality_valid,0.8833333333333333,0.9283333333333333,2000,0,False,False,17,600,0.028333333333333332,0.9077944139194141
anomaly_logistic_regression_seed6007,timestamp_jitter,medium,600,516,516,84,0,84,0,516,0,100,416,0,100,0.1937984496124031,recall_conditional_on_quality_valid,0.16078171911486713,0.22421047480887904,2000,0,False,False,32,600,0.05333333333333334,0.5431098819766053
anomaly_logistic_regression_seed6017,timestamp_jitter,medium,600,516,516,84,0,84,0,516,0,100,416,0,100,0.1937984496124031,recall_conditional_on_quality_valid,0.16078171911486713,0.22421047480887904,2000,0,False,False,32,600,0.05333333333333334,0.5431098819766053
anomaly_logistic_regression_seed6027,timestamp_jitter,medium,600,516,516,84,0,84,0,516,0,100,416,0,100,0.1937984496124031,recall_conditional_on_quality_valid,0.16078171911486713,0.22421047480887904,2000,0,False,False,32,600,0.05333333333333334,0.5431098819766053
anomaly_random_forest_seed6007,timestamp_jitter,medium,600,516,516,84,0,84,0,516,0,516,0,0,516,1.0,recall_conditional_on_quality_valid,1.0,1.0,2000,0,True,False,19,600,0.03166666666666667,0.9063113697586315
anomaly_random_forest_seed6017,timestamp_jitter,medium,600,516,516,84,0,84,0,516,0,516,0,0,516,1.0,recall_conditional_on_quality_valid,1.0,1.0,2000,0,True,False,17,600,0.028333333333333332,0.9054505494505495
anomaly_random_forest_seed6027,timestamp_jitter,medium,600,516,516,84,0,84,0,516,0,516,0,0,516,1.0,recall_conditional_on_quality_valid,1.0,1.0,2000,0,True,False,17,600,0.028333333333333332,0.9077944139194141
anomaly_logistic_regression_seed6007,timestamp_jitter,high,600,0,0,600,0,600,0,0,0,0,0,0,0,,recall_conditional_on_quality_valid,,,0,2000,False,True,32,600,0.05333333333333334,0.5431098819766053
anomaly_logistic_regression_seed6017,timestamp_jitter,high,600,0,0,600,0,600,0,0,0,0,0,0,0,,recall_conditional_on_quality_valid,,,0,2000,False,True,32,600,0.05333333333333334,0.5431098819766053
anomaly_logistic_regression_seed6027,timestamp_jitter,high,600,0,0,600,0,600,0,0,0,0,0,0,0,,recall_conditional_on_quality_valid,,,0,2000,False,True,32,600,0.05333333333333334,0.5431098819766053
anomaly_random_forest_seed6007,timestamp_jitter,high,600,0,0,600,0,600,0,0,0,0,0,0,0,,recall_conditional_on_quality_valid,,,0,2000,False,True,19,600,0.03166666666666667,0.9063113697586315
anomaly_random_forest_seed6017,timestamp_jitter,high,600,0,0,600,0,600,0,0,0,0,0,0,0,,recall_conditional_on_quality_valid,,,0,2000,False,True,17,600,0.028333333333333332,0.9054505494505495
anomaly_random_forest_seed6027,timestamp_jitter,high,600,0,0,600,0,600,0,0,0,0,0,0,0,,recall_conditional_on_quality_valid,,,0,2000,False,True,17,600,0.028333333333333332,0.9077944139194141
