family,attack_type,severity,fixed_model_count,planned_unique_sources,unique_eligible_sources,mean_fixed_model_flag_rate,ci_low,ci_high,defined_bootstrap_draws,undefined_bootstrap_draws,degenerate_bootstrap_interval,small_eligible_cohort,seed_fits_are_independent_source_trials
logistic_regression,clean,clean,3,600,600,0.05333333333333334,0.03829166666666667,0.07166666666666667,2000,0,False,False,False
random_forest,clean,clean,3,600,600,0.029444444444444443,0.017777777777777778,0.04222222222222222,2000,0,False,False,False
logistic_regression,dropped_samples,low,3,600,461,0.5184381778741866,0.4745002830589234,0.5625034340659341,2000,0,False,False,False
random_forest,dropped_samples,low,3,600,461,0.4005784526391902,0.3604371002132196,0.4427271535178694,2000,0,False,False,False
logistic_regression,dropped_samples,medium,3,600,175,0.9428571428571428,0.9067357512953368,0.9736910635964913,2000,0,False,False,False
random_forest,dropped_samples,medium,3,600,175,0.9771428571428571,0.9607843137254902,0.99156511256126,2000,0,False,False,False
logistic_regression,dropped_samples,high,3,600,4,1.0,1.0,1.0,1969,31,True,True,False
random_forest,dropped_samples,high,3,600,4,1.0,1.0,1.0,1969,31,True,True,False
logistic_regression,frozen_pose,low,3,600,600,1.0,1.0,1.0,2000,0,True,False,False
random_forest,frozen_pose,low,3,600,600,1.0,1.0,1.0,2000,0,True,False,False
logistic_regression,frozen_pose,medium,3,600,600,1.0,1.0,1.0,2000,0,True,False,False
random_forest,frozen_pose,medium,3,600,600,1.0,1.0,1.0,2000,0,True,False,False
logistic_regression,frozen_pose,high,3,600,600,1.0,1.0,1.0,2000,0,True,False,False
random_forest,frozen_pose,high,3,600,600,1.0,1.0,1.0,2000,0,True,False,False
logistic_regression,orientation_drift,low,3,600,600,0.06,0.043333333333333335,0.08,2000,0,False,False,False
random_forest,orientation_drift,low,3,600,600,0.03111111111111111,0.02,0.04388888888888889,2000,0,False,False,False
logistic_regression,orientation_drift,medium,3,600,600,0.06,0.041666666666666664,0.07833333333333334,2000,0,False,False,False
random_forest,orientation_drift,medium,3,600,600,0.05388888888888889,0.03833333333333334,0.07055555555555555,2000,0,False,False,False
logistic_regression,orientation_drift,high,3,600,600,0.14166666666666666,0.115,0.17,2000,0,False,False,False
random_forest,orientation_drift,high,3,600,600,0.13055555555555556,0.10943055555555556,0.15388888888888888,2000,0,False,False,False
logistic_regression,orientation_jump,low,3,600,600,0.8883333333333333,0.8633333333333333,0.9133333333333334,2000,0,False,False,False
random_forest,orientation_jump,low,3,600,600,0.78,0.748888888888889,0.81,2000,0,False,False,False
logistic_regression,orientation_jump,medium,3,600,600,1.0,1.0,1.0,2000,0,True,False,False
random_forest,orientation_jump,medium,3,600,600,1.0,1.0,1.0,2000,0,True,False,False
logistic_regression,orientation_jump,high,3,600,600,1.0,1.0,1.0,2000,0,True,False,False
random_forest,orientation_jump,high,3,600,600,1.0,1.0,1.0,2000,0,True,False,False
logistic_regression,orientation_noise,low,3,600,600,0.2916666666666667,0.25833333333333336,0.3283333333333333,2000,0,False,False,False
random_forest,orientation_noise,low,3,600,600,0.8988888888888888,0.8755416666666667,0.9205694444444443,2000,0,False,False,False
logistic_regression,orientation_noise,medium,3,600,600,0.9233333333333333,0.9033333333333333,0.9433333333333334,2000,0,False,False,False
random_forest,orientation_noise,medium,3,600,600,1.0,1.0,1.0,2000,0,True,False,False
logistic_regression,orientation_noise,high,3,600,600,1.0,1.0,1.0,2000,0,True,False,False
random_forest,orientation_noise,high,3,600,600,1.0,1.0,1.0,2000,0,True,False,False
logistic_regression,position_drift,low,3,600,600,0.3416666666666667,0.305,0.37833333333333335,2000,0,False,False,False
random_forest,position_drift,low,3,600,600,0.3566666666666667,0.32222222222222224,0.3905694444444444,2000,0,False,False,False
logistic_regression,position_drift,medium,3,600,600,0.985,0.975,0.9933333333333333,2000,0,False,False,False
random_forest,position_drift,medium,3,600,600,0.9961111111111111,0.9911111111111112,0.9994444444444444,2000,0,False,False,False
logistic_regression,position_drift,high,3,600,600,1.0,1.0,1.0,2000,0,True,False,False
random_forest,position_drift,high,3,600,600,1.0,1.0,1.0,2000,0,True,False,False
logistic_regression,position_jump,low,3,600,600,1.0,1.0,1.0,2000,0,True,False,False
random_forest,position_jump,low,3,600,600,1.0,1.0,1.0,2000,0,True,False,False
logistic_regression,position_jump,medium,3,600,600,1.0,1.0,1.0,2000,0,True,False,False
random_forest,position_jump,medium,3,600,600,1.0,1.0,1.0,2000,0,True,False,False
logistic_regression,position_jump,high,3,600,600,1.0,1.0,1.0,2000,0,True,False,False
random_forest,position_jump,high,3,600,600,1.0,1.0,1.0,2000,0,True,False,False
logistic_regression,position_noise,low,3,600,600,0.8533333333333334,0.8266249999999999,0.88,2000,0,False,False,False
random_forest,position_noise,low,3,600,600,1.0,1.0,1.0,2000,0,True,False,False
logistic_regression,position_noise,medium,3,600,600,1.0,1.0,1.0,2000,0,True,False,False
random_forest,position_noise,medium,3,600,600,1.0,1.0,1.0,2000,0,True,False,False
logistic_regression,position_noise,high,3,600,600,1.0,1.0,1.0,2000,0,True,False,False
random_forest,position_noise,high,3,600,600,1.0,1.0,1.0,2000,0,True,False,False
logistic_regression,timestamp_jitter,low,3,600,600,0.058333333333333334,0.041666666666666664,0.07666666666666666,2000,0,False,False,False
random_forest,timestamp_jitter,low,3,600,600,0.9061111111111111,0.8833333333333334,0.9266805555555555,2000,0,False,False,False
logistic_regression,timestamp_jitter,medium,3,600,516,0.1937984496124031,0.16078171911486713,0.22421047480887904,2000,0,False,False,False
random_forest,timestamp_jitter,medium,3,600,516,1.0,1.0,1.0,2000,0,True,False,False
logistic_regression,timestamp_jitter,high,3,600,0,,,,0,2000,False,True,False
random_forest,timestamp_jitter,high,3,600,0,,,,0,2000,False,True,False
