condition,phase,planned_attempts,accepted_admissions,refused_admissions,accepted_quantiles_conditioned_on_admission,response_reads_per_attempt
logistic_motion_logistic_anomaly,measured,600,599,1,True,1
logistic_motion_logistic_anomaly,warmup,19,19,0,True,1
logistic_motion_logistic_anomaly,condition_first_use,1,1,0,True,1
logistic_motion_forest_anomaly,measured,600,599,1,True,1
logistic_motion_forest_anomaly,warmup,19,19,0,True,1
logistic_motion_forest_anomaly,condition_first_use,1,1,0,True,1
forest_motion_forest_anomaly,measured,600,599,1,True,1
forest_motion_forest_anomaly,warmup,19,19,0,True,1
forest_motion_forest_anomaly,condition_first_use,1,1,0,True,1
snn32_seed7_forest_anomaly,measured,600,599,1,True,1
snn32_seed7_forest_anomaly,warmup,19,19,0,True,1
snn32_seed7_forest_anomaly,condition_first_use,1,1,0,True,1
snn32_seed17_forest_anomaly,measured,600,599,1,True,1
snn32_seed17_forest_anomaly,warmup,19,19,0,True,1
snn32_seed17_forest_anomaly,condition_first_use,1,1,0,True,1
snn32_seed27_forest_anomaly,measured,600,599,1,True,1
snn32_seed27_forest_anomaly,warmup,19,19,0,True,1
snn32_seed27_forest_anomaly,condition_first_use,1,1,0,True,1
