condition,phase,path,decision,reason,count,p50_ms,p95_ms,p99_ms,max_ms,block,mode
logistic_motion_forest_anomaly,condition_first_use,bad_tag_receiver,reject,invalid_tag,1,1.6638,1.6638,1.6638,1.6638,0,reference_fraction
logistic_motion_forest_anomaly,condition_first_use,exact_replay_receiver,reject,duplicate_sequence,1,7.0432,7.0432,7.0432,7.0432,0,reference_fraction
logistic_motion_forest_anomaly,condition_first_use,fresh_to_first_window,accept,accepted,1,33.3428,33.3428,33.3428,33.3428,0,reference_fraction
logistic_motion_forest_anomaly,condition_first_use,malformed_json_receiver,reject,malformed_message,1,0.1857,0.1857,0.1857,0.1857,0,reference_fraction
logistic_motion_forest_anomaly,condition_first_use,post_window_after_refusals,accept,accepted,1,21.8425,21.8425,21.8425,21.8425,0,reference_fraction
logistic_motion_forest_anomaly,condition_first_use,post_window_recurring,accept,accepted,1,25.5348,25.5348,25.5348,25.5348,0,reference_fraction
logistic_motion_forest_anomaly,condition_first_use,pre_tag_quality_refusal,reject,data_quality_failure,1,1.8425,1.8425,1.8425,1.8425,0,reference_fraction
logistic_motion_forest_anomaly,condition_first_use,valid_receiver_after_bad_tag,accept,accepted,1,19.2144,19.2144,19.2144,19.2144,0,reference_fraction
logistic_motion_forest_anomaly,measured,bad_tag_receiver,reject,invalid_tag,120,1.91855,2.66064,2.820514,3.1148,0,reference_fraction
logistic_motion_forest_anomaly,measured,exact_replay_receiver,reject,duplicate_sequence,120,7.27,8.3362,10.046543,311.3774,0,reference_fraction
logistic_motion_forest_anomaly,measured,fresh_to_first_window,accept,accepted,120,33.4373,45.05398,47.35763,48.4475,0,reference_fraction
logistic_motion_forest_anomaly,measured,malformed_json_receiver,reject,malformed_message,120,0.1531,0.23168499999999997,0.2981690000000001,0.3325,0,reference_fraction
logistic_motion_forest_anomaly,measured,post_window_after_refusals,accept,accepted,120,23.80045,32.574915,38.438781,39.0398,0,reference_fraction
logistic_motion_forest_anomaly,measured,post_window_recurring,accept,accepted,120,29.38085,40.990455,44.415178,46.3546,0,reference_fraction
logistic_motion_forest_anomaly,measured,pre_tag_quality_refusal,reject,data_quality_failure,120,1.92345,2.6029799999999996,3.285269,3.3207,0,reference_fraction
logistic_motion_forest_anomaly,measured,valid_receiver_after_bad_tag,accept,accepted,120,20.401,24.678449999999998,29.762524,31.1543,0,reference_fraction
logistic_motion_forest_anomaly,sustained,post_window_recurring,accept,accepted,64,19.6555,24.509044999999993,29.17290999999999,31.3483,0,reference_fraction
logistic_motion_forest_anomaly,warmup,bad_tag_receiver,reject,invalid_tag,29,1.8159,2.15884,2.162904,2.1638,0,reference_fraction
logistic_motion_forest_anomaly,warmup,exact_replay_receiver,reject,duplicate_sequence,29,7.1487,7.96462,8.453732,8.6366,0,reference_fraction
logistic_motion_forest_anomaly,warmup,fresh_to_first_window,accept,accepted,29,32.2643,36.5724,37.490656,37.6215,0,reference_fraction
logistic_motion_forest_anomaly,warmup,malformed_json_receiver,reject,malformed_message,29,0.151,0.19623999999999997,0.205408,0.2065,0,reference_fraction
logistic_motion_forest_anomaly,warmup,post_window_after_refusals,accept,accepted,29,22.1264,26.31168,39.641503999999976,44.7874,0,reference_fraction
logistic_motion_forest_anomaly,warmup,post_window_recurring,accept,accepted,29,27.1673,35.626419999999996,246.38597199999967,327.8254,0,reference_fraction
logistic_motion_forest_anomaly,warmup,pre_tag_quality_refusal,reject,data_quality_failure,29,1.9515,2.3407999999999993,2.440816,2.4612,0,reference_fraction
logistic_motion_forest_anomaly,warmup,valid_receiver_after_bad_tag,accept,accepted,29,19.5461,23.33088,23.50664,23.5422,0,reference_fraction
logistic_motion_logistic_anomaly,condition_first_use,bad_tag_receiver,reject,invalid_tag,1,1.4387,1.4387,1.4387,1.4387,0,reference_fraction
logistic_motion_logistic_anomaly,condition_first_use,exact_replay_receiver,reject,duplicate_sequence,1,5.6557,5.6557,5.6557,5.6557,0,reference_fraction
logistic_motion_logistic_anomaly,condition_first_use,fresh_to_first_window,accept,accepted,1,3226.9532,3226.9532,3226.9532,3226.9532,0,reference_fraction
logistic_motion_logistic_anomaly,condition_first_use,malformed_json_receiver,reject,malformed_message,1,0.1397,0.1397,0.1397,0.1397,0,reference_fraction
logistic_motion_logistic_anomaly,condition_first_use,post_window_after_refusals,accept,accepted,1,16.5131,16.5131,16.5131,16.5131,0,reference_fraction
logistic_motion_logistic_anomaly,condition_first_use,post_window_recurring,accept,accepted,1,16.1151,16.1151,16.1151,16.1151,0,reference_fraction
logistic_motion_logistic_anomaly,condition_first_use,pre_tag_quality_refusal,reject,data_quality_failure,1,1.6613,1.6613,1.6613,1.6613,0,reference_fraction
logistic_motion_logistic_anomaly,condition_first_use,valid_receiver_after_bad_tag,accept,accepted,1,10.5637,10.5637,10.5637,10.5637,0,reference_fraction
logistic_motion_logistic_anomaly,measured,bad_tag_receiver,reject,invalid_tag,120,1.9409,2.3605799999999997,2.611797,2.6793,0,reference_fraction
logistic_motion_logistic_anomaly,measured,exact_replay_receiver,reject,duplicate_sequence,120,7.7603,9.22791,9.842917,10.1093,0,reference_fraction
logistic_motion_logistic_anomaly,measured,fresh_to_first_window,accept,accepted,120,27.55125,34.615435,38.312723000000005,357.8313,0,reference_fraction
logistic_motion_logistic_anomaly,measured,malformed_json_receiver,reject,malformed_message,120,0.1604,0.20142,0.217683,0.3479,0,reference_fraction
logistic_motion_logistic_anomaly,measured,post_window_after_refusals,accept,accepted,120,20.46915,24.352135,28.14138300000001,29.874,0,reference_fraction
logistic_motion_logistic_anomaly,measured,post_window_recurring,accept,accepted,120,21.78735,27.42854,28.397581,30.2832,0,reference_fraction
logistic_motion_logistic_anomaly,measured,pre_tag_quality_refusal,reject,data_quality_failure,120,2.18775,2.42097,2.777039,2.936,0,reference_fraction
logistic_motion_logistic_anomaly,measured,valid_receiver_after_bad_tag,accept,accepted,120,13.6821,16.718204999999998,18.06699,18.1084,0,reference_fraction
logistic_motion_logistic_anomaly,sustained,post_window_recurring,accept,accepted,64,14.3728,17.485039999999998,21.444507,21.6909,0,reference_fraction
logistic_motion_logistic_anomaly,warmup,bad_tag_receiver,reject,invalid_tag,29,1.9423,2.3134199999999994,2.436756,2.4626,0,reference_fraction
logistic_motion_logistic_anomaly,warmup,exact_replay_receiver,reject,duplicate_sequence,29,7.7184,9.126239999999997,9.613768,9.6976,0,reference_fraction
logistic_motion_logistic_anomaly,warmup,fresh_to_first_window,accept,accepted,29,27.2472,34.343479999999985,44.20685599999999,47.2091,0,reference_fraction
logistic_motion_logistic_anomaly,warmup,malformed_json_receiver,reject,malformed_message,29,0.1548,0.1958,0.22005599999999997,0.2291,0,reference_fraction
logistic_motion_logistic_anomaly,warmup,post_window_after_refusals,accept,accepted,29,19.9661,25.655519999999996,30.589951999999993,32.297,0,reference_fraction
logistic_motion_logistic_anomaly,warmup,post_window_recurring,accept,accepted,29,21.4049,26.33131999999999,28.176096,28.3187,0,reference_fraction
logistic_motion_logistic_anomaly,warmup,pre_tag_quality_refusal,reject,data_quality_failure,29,2.1809,2.33608,2.448992,2.4892,0,reference_fraction
logistic_motion_logistic_anomaly,warmup,valid_receiver_after_bad_tag,accept,accepted,29,13.3275,16.073899999999995,17.46318,17.6435,0,reference_fraction
snn32_seed7_forest_anomaly,condition_first_use,bad_tag_receiver,reject,invalid_tag,1,2.2656,2.2656,2.2656,2.2656,0,reference_fraction
snn32_seed7_forest_anomaly,condition_first_use,exact_replay_receiver,reject,duplicate_sequence,1,8.8828,8.8828,8.8828,8.8828,0,reference_fraction
snn32_seed7_forest_anomaly,condition_first_use,fresh_to_first_window,accept,accepted,1,44.9826,44.9826,44.9826,44.9826,0,reference_fraction
snn32_seed7_forest_anomaly,condition_first_use,malformed_json_receiver,reject,malformed_message,1,0.2001,0.2001,0.2001,0.2001,0,reference_fraction
snn32_seed7_forest_anomaly,condition_first_use,post_window_after_refusals,accept,accepted,1,31.7856,31.7856,31.7856,31.7856,0,reference_fraction
snn32_seed7_forest_anomaly,condition_first_use,post_window_recurring,accept,accepted,1,52.2038,52.2038,52.2038,52.2038,0,reference_fraction
snn32_seed7_forest_anomaly,condition_first_use,pre_tag_quality_refusal,reject,data_quality_failure,1,2.3845,2.3845,2.3845,2.3845,0,reference_fraction
snn32_seed7_forest_anomaly,condition_first_use,valid_receiver_after_bad_tag,accept,accepted,1,34.9736,34.9736,34.9736,34.9736,0,reference_fraction
snn32_seed7_forest_anomaly,measured,bad_tag_receiver,reject,invalid_tag,120,1.77805,2.138825,2.461731,2.6772,0,reference_fraction
snn32_seed7_forest_anomaly,measured,exact_replay_receiver,reject,duplicate_sequence,120,5.73215,8.87823,11.101987,11.2509,0,reference_fraction
snn32_seed7_forest_anomaly,measured,fresh_to_first_window,accept,accepted,120,44.6388,52.690205,57.571760000000005,62.8287,0,reference_fraction
snn32_seed7_forest_anomaly,measured,malformed_json_receiver,reject,malformed_message,120,0.13735,0.24974499999999988,0.317989,0.4261,0,reference_fraction
snn32_seed7_forest_anomaly,measured,post_window_after_refusals,accept,accepted,120,31.76665,44.230475,55.945765000000016,336.4662,0,reference_fraction
snn32_seed7_forest_anomaly,measured,post_window_recurring,accept,accepted,120,39.31515,46.538115,48.320165,55.0178,0,reference_fraction
snn32_seed7_forest_anomaly,measured,pre_tag_quality_refusal,reject,data_quality_failure,120,1.50595,2.317965,3.1111050000000007,3.2566,0,reference_fraction
snn32_seed7_forest_anomaly,measured,valid_receiver_after_bad_tag,accept,accepted,120,27.5949,37.2789,47.636314000000006,51.0823,0,reference_fraction
snn32_seed7_forest_anomaly,sustained,post_window_recurring,accept,accepted,64,25.77995,32.38474999999999,34.579353,35.346,0,reference_fraction
snn32_seed7_forest_anomaly,warmup,bad_tag_receiver,reject,invalid_tag,29,1.7133,1.8426799999999999,2.1569279999999997,2.2682,0,reference_fraction
snn32_seed7_forest_anomaly,warmup,exact_replay_receiver,reject,duplicate_sequence,29,5.7671,10.019859999999996,10.782948,10.8133,0,reference_fraction
snn32_seed7_forest_anomaly,warmup,fresh_to_first_window,accept,accepted,29,42.6349,49.97072,57.75673599999998,60.6642,0,reference_fraction
snn32_seed7_forest_anomaly,warmup,malformed_json_receiver,reject,malformed_message,29,0.135,0.22626,0.2863399999999999,0.3093,0,reference_fraction
snn32_seed7_forest_anomaly,warmup,post_window_after_refusals,accept,accepted,29,30.826,39.82012,42.192128,42.8466,0,reference_fraction
snn32_seed7_forest_anomaly,warmup,post_window_recurring,accept,accepted,29,37.7731,46.22156,46.890208,46.9403,0,reference_fraction
snn32_seed7_forest_anomaly,warmup,pre_tag_quality_refusal,reject,data_quality_failure,29,1.4719,1.86546,2.486515999999999,2.7274,0,reference_fraction
snn32_seed7_forest_anomaly,warmup,valid_receiver_after_bad_tag,accept,accepted,29,27.9576,36.40281999999998,40.466532,40.5661,0,reference_fraction
logistic_motion_forest_anomaly,condition_first_use,bad_tag_receiver,reject,invalid_tag,1,1.5558,1.5558,1.5558,1.5558,0,candidate_dyadic
logistic_motion_forest_anomaly,condition_first_use,exact_replay_receiver,reject,duplicate_sequence,1,2.4637,2.4637,2.4637,2.4637,0,candidate_dyadic
logistic_motion_forest_anomaly,condition_first_use,fresh_to_first_window,accept,accepted,1,25.8934,25.8934,25.8934,25.8934,0,candidate_dyadic
logistic_motion_forest_anomaly,condition_first_use,malformed_json_receiver,reject,malformed_message,1,0.1268,0.1268,0.1268,0.1268,0,candidate_dyadic
logistic_motion_forest_anomaly,condition_first_use,post_window_after_refusals,accept,accepted,1,16.8408,16.8408,16.8408,16.8408,0,candidate_dyadic
logistic_motion_forest_anomaly,condition_first_use,post_window_recurring,accept,accepted,1,16.5578,16.5578,16.5578,16.5578,0,candidate_dyadic
logistic_motion_forest_anomaly,condition_first_use,pre_tag_quality_refusal,reject,data_quality_failure,1,1.751,1.751,1.751,1.751,0,candidate_dyadic
logistic_motion_forest_anomaly,condition_first_use,valid_receiver_after_bad_tag,accept,accepted,1,13.307,13.307,13.307,13.307,0,candidate_dyadic
logistic_motion_forest_anomaly,measured,bad_tag_receiver,reject,invalid_tag,120,1.84015,2.5022799999999994,2.683712,2.7037,0,candidate_dyadic
logistic_motion_forest_anomaly,measured,exact_replay_receiver,reject,duplicate_sequence,120,2.91045,4.050409999999999,5.452647000000001,297.827,0,candidate_dyadic
logistic_motion_forest_anomaly,measured,fresh_to_first_window,accept,accepted,120,21.5541,31.035619999999998,35.25312,36.5154,0,candidate_dyadic
logistic_motion_forest_anomaly,measured,malformed_json_receiver,reject,malformed_message,120,0.146,0.187195,0.228943,0.2568,0,candidate_dyadic
logistic_motion_forest_anomaly,measured,post_window_after_refusals,accept,accepted,120,17.8708,21.54445,22.894313,25.7163,0,candidate_dyadic
logistic_motion_forest_anomaly,measured,post_window_recurring,accept,accepted,120,18.51795,25.006624999999996,28.194386,35.9363,0,candidate_dyadic
logistic_motion_forest_anomaly,measured,pre_tag_quality_refusal,reject,data_quality_failure,120,2.09975,2.61773,2.9084050000000006,3.0025,0,candidate_dyadic
logistic_motion_forest_anomaly,measured,valid_receiver_after_bad_tag,accept,accepted,120,15.3538,20.52301,24.382927000000002,24.9766,0,candidate_dyadic
logistic_motion_forest_anomaly,sustained,post_window_recurring,accept,accepted,64,10.3133,12.315625,15.837408999999997,16.1686,0,candidate_dyadic
logistic_motion_forest_anomaly,warmup,bad_tag_receiver,reject,invalid_tag,29,1.816,2.22678,2.289172,2.2997,0,candidate_dyadic
logistic_motion_forest_anomaly,warmup,exact_replay_receiver,reject,duplicate_sequence,29,2.8596,3.47132,3.5688,3.5975,0,candidate_dyadic
logistic_motion_forest_anomaly,warmup,fresh_to_first_window,accept,accepted,29,23.4098,26.44672,27.152224,27.3326,0,candidate_dyadic
logistic_motion_forest_anomaly,warmup,malformed_json_receiver,reject,malformed_message,29,0.1405,0.17562,0.19477999999999998,0.2015,0,candidate_dyadic
logistic_motion_forest_anomaly,warmup,post_window_after_refusals,accept,accepted,29,18.2027,22.48714,24.470667999999996,25.1453,0,candidate_dyadic
logistic_motion_forest_anomaly,warmup,post_window_recurring,accept,accepted,29,18.3766,24.328379999999992,232.37147599999966,312.7576,0,candidate_dyadic
logistic_motion_forest_anomaly,warmup,pre_tag_quality_refusal,reject,data_quality_failure,29,2.0562,2.3455,2.5380039999999995,2.6054,0,candidate_dyadic
logistic_motion_forest_anomaly,warmup,valid_receiver_after_bad_tag,accept,accepted,29,14.8043,17.666239999999995,18.320304,18.4192,0,candidate_dyadic
logistic_motion_logistic_anomaly,condition_first_use,bad_tag_receiver,reject,invalid_tag,1,1.3726,1.3726,1.3726,1.3726,0,candidate_dyadic
logistic_motion_logistic_anomaly,condition_first_use,exact_replay_receiver,reject,duplicate_sequence,1,1.9368,1.9368,1.9368,1.9368,0,candidate_dyadic
logistic_motion_logistic_anomaly,condition_first_use,fresh_to_first_window,accept,accepted,1,3042.0489,3042.0489,3042.0489,3042.0489,0,candidate_dyadic
logistic_motion_logistic_anomaly,condition_first_use,malformed_json_receiver,reject,malformed_message,1,0.1052,0.1052,0.1052,0.1052,0,candidate_dyadic
logistic_motion_logistic_anomaly,condition_first_use,post_window_after_refusals,accept,accepted,1,8.273,8.273,8.273,8.273,0,candidate_dyadic
logistic_motion_logistic_anomaly,condition_first_use,post_window_recurring,accept,accepted,1,8.7981,8.7981,8.7981,8.7981,0,candidate_dyadic
logistic_motion_logistic_anomaly,condition_first_use,pre_tag_quality_refusal,reject,data_quality_failure,1,1.5177,1.5177,1.5177,1.5177,0,candidate_dyadic
logistic_motion_logistic_anomaly,condition_first_use,valid_receiver_after_bad_tag,accept,accepted,1,6.5285,6.5285,6.5285,6.5285,0,candidate_dyadic
logistic_motion_logistic_anomaly,measured,bad_tag_receiver,reject,invalid_tag,120,1.8661,2.313815,2.436037,2.4836,0,candidate_dyadic
logistic_motion_logistic_anomaly,measured,exact_replay_receiver,reject,duplicate_sequence,120,2.85075,3.57438,3.8321010000000006,4.3774,0,candidate_dyadic
logistic_motion_logistic_anomaly,measured,fresh_to_first_window,accept,accepted,120,16.98205,22.227765,25.166841000000005,334.6179,0,candidate_dyadic
logistic_motion_logistic_anomaly,measured,malformed_json_receiver,reject,malformed_message,120,0.142,0.18592,0.193467,0.2197,0,candidate_dyadic
logistic_motion_logistic_anomaly,measured,post_window_after_refusals,accept,accepted,120,11.47585,14.131905,14.537279,14.5905,0,candidate_dyadic
logistic_motion_logistic_anomaly,measured,post_window_recurring,accept,accepted,120,11.3977,14.25514,14.600705,14.7113,0,candidate_dyadic
logistic_motion_logistic_anomaly,measured,pre_tag_quality_refusal,reject,data_quality_failure,120,2.09825,2.620135,2.726406,2.7592,0,candidate_dyadic
logistic_motion_logistic_anomaly,measured,valid_receiver_after_bad_tag,accept,accepted,120,8.3838,10.290745,10.907706,11.5372,0,candidate_dyadic
logistic_motion_logistic_anomaly,sustained,post_window_recurring,accept,accepted,64,8.22935,10.795984999999998,13.701427999999993,15.632,0,candidate_dyadic
logistic_motion_logistic_anomaly,warmup,bad_tag_receiver,reject,invalid_tag,29,1.689,2.01158,2.2110999999999996,2.286,0,candidate_dyadic
logistic_motion_logistic_anomaly,warmup,exact_replay_receiver,reject,duplicate_sequence,29,2.5434,2.99718,3.2227959999999993,3.2954,0,candidate_dyadic
logistic_motion_logistic_anomaly,warmup,fresh_to_first_window,accept,accepted,29,16.5621,18.8112,22.36395999999999,23.6836,0,candidate_dyadic
logistic_motion_logistic_anomaly,warmup,malformed_json_receiver,reject,malformed_message,29,0.1253,0.17011999999999997,0.18468,0.1879,0,candidate_dyadic
logistic_motion_logistic_anomaly,warmup,post_window_after_refusals,accept,accepted,29,10.8366,12.9147,13.843115999999998,14.1897,0,candidate_dyadic
logistic_motion_logistic_anomaly,warmup,post_window_recurring,accept,accepted,29,10.2463,12.722539999999999,13.286788,13.4031,0,candidate_dyadic
logistic_motion_logistic_anomaly,warmup,pre_tag_quality_refusal,reject,data_quality_failure,29,1.873,2.25864,2.5534159999999995,2.6585,0,candidate_dyadic
logistic_motion_logistic_anomaly,warmup,valid_receiver_after_bad_tag,accept,accepted,29,7.7731,9.288259999999998,10.165996,10.3667,0,candidate_dyadic
snn32_seed7_forest_anomaly,condition_first_use,bad_tag_receiver,reject,invalid_tag,1,1.449,1.449,1.449,1.449,0,candidate_dyadic
snn32_seed7_forest_anomaly,condition_first_use,exact_replay_receiver,reject,duplicate_sequence,1,3.2877,3.2877,3.2877,3.2877,0,candidate_dyadic
snn32_seed7_forest_anomaly,condition_first_use,fresh_to_first_window,accept,accepted,1,34.967,34.967,34.967,34.967,0,candidate_dyadic
snn32_seed7_forest_anomaly,condition_first_use,malformed_json_receiver,reject,malformed_message,1,0.1662,0.1662,0.1662,0.1662,0,candidate_dyadic
snn32_seed7_forest_anomaly,condition_first_use,post_window_after_refusals,accept,accepted,1,19.35,19.35,19.35,19.35,0,candidate_dyadic
snn32_seed7_forest_anomaly,condition_first_use,post_window_recurring,accept,accepted,1,25.7929,25.7929,25.7929,25.7929,0,candidate_dyadic
snn32_seed7_forest_anomaly,condition_first_use,pre_tag_quality_refusal,reject,data_quality_failure,1,2.4469,2.4469,2.4469,2.4469,0,candidate_dyadic
snn32_seed7_forest_anomaly,condition_first_use,valid_receiver_after_bad_tag,accept,accepted,1,24.4524,24.4524,24.4524,24.4524,0,candidate_dyadic
snn32_seed7_forest_anomaly,measured,bad_tag_receiver,reject,invalid_tag,120,1.56475,1.798155,2.1070150000000005,2.5826,0,candidate_dyadic
snn32_seed7_forest_anomaly,measured,exact_replay_receiver,reject,duplicate_sequence,120,2.4971,4.81769,5.139586000000001,5.2304,0,candidate_dyadic
snn32_seed7_forest_anomaly,measured,fresh_to_first_window,accept,accepted,120,28.7303,37.7728,40.967558,44.9913,0,candidate_dyadic
snn32_seed7_forest_anomaly,measured,malformed_json_receiver,reject,malformed_message,120,0.126,0.159435,0.21707600000000005,0.251,0,candidate_dyadic
snn32_seed7_forest_anomaly,measured,post_window_after_refusals,accept,accepted,120,23.78,32.526525,41.804717,279.7601,0,candidate_dyadic
snn32_seed7_forest_anomaly,measured,post_window_recurring,accept,accepted,120,26.2252,32.114145,37.402128,37.888,0,candidate_dyadic
snn32_seed7_forest_anomaly,measured,pre_tag_quality_refusal,reject,data_quality_failure,120,1.69505,2.11036,2.7913640000000006,2.8459,0,candidate_dyadic
snn32_seed7_forest_anomaly,measured,valid_receiver_after_bad_tag,accept,accepted,120,23.6761,28.2712,29.81198,41.0811,0,candidate_dyadic
snn32_seed7_forest_anomaly,sustained,post_window_recurring,accept,accepted,64,21.09395,26.62058,28.51604,28.7441,0,candidate_dyadic
snn32_seed7_forest_anomaly,warmup,bad_tag_receiver,reject,invalid_tag,29,1.4437,1.58068,1.651544,1.6768,0,candidate_dyadic
snn32_seed7_forest_anomaly,warmup,exact_replay_receiver,reject,duplicate_sequence,29,2.3963,4.66538,4.893852,4.9762,0,candidate_dyadic
snn32_seed7_forest_anomaly,warmup,fresh_to_first_window,accept,accepted,29,27.7273,30.37808,30.593168,30.6427,0,candidate_dyadic
snn32_seed7_forest_anomaly,warmup,malformed_json_receiver,reject,malformed_message,29,0.1173,0.14129999999999998,0.149804,0.1507,0,candidate_dyadic
snn32_seed7_forest_anomaly,warmup,post_window_after_refusals,accept,accepted,29,23.3222,26.45342,27.706804,28.0633,0,candidate_dyadic
snn32_seed7_forest_anomaly,warmup,post_window_recurring,accept,accepted,29,24.6367,27.44648,29.561255999999997,30.2479,0,candidate_dyadic
snn32_seed7_forest_anomaly,warmup,pre_tag_quality_refusal,reject,data_quality_failure,29,1.5907,1.75404,1.8328959999999999,1.8635,0,candidate_dyadic
snn32_seed7_forest_anomaly,warmup,valid_receiver_after_bad_tag,accept,accepted,29,22.5153,23.43954,23.863092,24.002,0,candidate_dyadic
logistic_motion_forest_anomaly,condition_first_use,bad_tag_receiver,reject,invalid_tag,1,1.6678,1.6678,1.6678,1.6678,1,candidate_dyadic
logistic_motion_forest_anomaly,condition_first_use,exact_replay_receiver,reject,duplicate_sequence,1,2.6807,2.6807,2.6807,2.6807,1,candidate_dyadic
logistic_motion_forest_anomaly,condition_first_use,fresh_to_first_window,accept,accepted,1,28.3546,28.3546,28.3546,28.3546,1,candidate_dyadic
logistic_motion_forest_anomaly,condition_first_use,malformed_json_receiver,reject,malformed_message,1,0.1477,0.1477,0.1477,0.1477,1,candidate_dyadic
logistic_motion_forest_anomaly,condition_first_use,post_window_after_refusals,accept,accepted,1,16.8987,16.8987,16.8987,16.8987,1,candidate_dyadic
logistic_motion_forest_anomaly,condition_first_use,post_window_recurring,accept,accepted,1,16.8945,16.8945,16.8945,16.8945,1,candidate_dyadic
logistic_motion_forest_anomaly,condition_first_use,pre_tag_quality_refusal,reject,data_quality_failure,1,2.3802,2.3802,2.3802,2.3802,1,candidate_dyadic
logistic_motion_forest_anomaly,condition_first_use,valid_receiver_after_bad_tag,accept,accepted,1,12.7558,12.7558,12.7558,12.7558,1,candidate_dyadic
logistic_motion_forest_anomaly,measured,bad_tag_receiver,reject,invalid_tag,119,2.0271,2.6532,2.715994,2.7679,1,candidate_dyadic
logistic_motion_forest_anomaly,measured,exact_replay_receiver,reject,duplicate_sequence,119,3.1668,4.35285,7.542977999999991,322.8911,1,candidate_dyadic
logistic_motion_forest_anomaly,measured,fresh_to_first_window,accept,accepted,119,26.0857,35.07404999999999,39.813323999999994,44.2887,1,candidate_dyadic
logistic_motion_forest_anomaly,measured,fresh_to_first_window,reject,failed_reconstruction,1,5.1999,5.1999,5.1999,5.1999,1,candidate_dyadic
logistic_motion_forest_anomaly,measured,malformed_json_receiver,reject,malformed_message,119,0.1641,0.22789,0.24858199999999997,0.2633,1,candidate_dyadic
logistic_motion_forest_anomaly,measured,post_window_after_refusals,accept,accepted,119,19.8409,24.594789999999996,27.890353999999988,30.7409,1,candidate_dyadic
logistic_motion_forest_anomaly,measured,post_window_recurring,accept,accepted,119,20.5644,28.993419999999997,32.245521999999994,33.9667,1,candidate_dyadic
logistic_motion_forest_anomaly,measured,pre_tag_quality_refusal,reject,data_quality_failure,119,2.2684,3.01556,3.223057999999999,3.6395,1,candidate_dyadic
logistic_motion_forest_anomaly,measured,valid_receiver_after_bad_tag,accept,accepted,119,16.7689,21.35211,23.790141999999985,24.5829,1,candidate_dyadic
logistic_motion_forest_anomaly,sustained,post_window_recurring,accept,accepted,64,14.76715,18.99932,20.966387,21.335,1,candidate_dyadic
logistic_motion_forest_anomaly,warmup,bad_tag_receiver,reject,invalid_tag,29,1.8709,2.4310199999999997,2.555748,2.5581,1,candidate_dyadic
logistic_motion_forest_anomaly,warmup,exact_replay_receiver,reject,duplicate_sequence,29,3.0287,3.8965999999999994,4.21072,4.2964,1,candidate_dyadic
logistic_motion_forest_anomaly,warmup,fresh_to_first_window,accept,accepted,29,24.5918,32.06046,35.344995999999995,36.357,1,candidate_dyadic
logistic_motion_forest_anomaly,warmup,malformed_json_receiver,reject,malformed_message,29,0.1518,0.2009,0.22218799999999997,0.23,1,candidate_dyadic
logistic_motion_forest_anomaly,warmup,post_window_after_refusals,accept,accepted,29,18.9818,21.04672,24.806215999999992,26.1412,1,candidate_dyadic
logistic_motion_forest_anomaly,warmup,post_window_recurring,accept,accepted,29,18.8646,29.873559999999983,243.9920079999997,326.213,1,candidate_dyadic
logistic_motion_forest_anomaly,warmup,pre_tag_quality_refusal,reject,data_quality_failure,29,2.1936,2.7587199999999994,2.869104,2.8819,1,candidate_dyadic
logistic_motion_forest_anomaly,warmup,valid_receiver_after_bad_tag,accept,accepted,29,15.6864,19.552659999999992,22.720307999999996,23.2793,1,candidate_dyadic
logistic_motion_logistic_anomaly,condition_first_use,bad_tag_receiver,reject,invalid_tag,1,2.3097,2.3097,2.3097,2.3097,1,candidate_dyadic
logistic_motion_logistic_anomaly,condition_first_use,exact_replay_receiver,reject,duplicate_sequence,1,3.9764,3.9764,3.9764,3.9764,1,candidate_dyadic
logistic_motion_logistic_anomaly,condition_first_use,fresh_to_first_window,accept,accepted,1,21.5598,21.5598,21.5598,21.5598,1,candidate_dyadic
logistic_motion_logistic_anomaly,condition_first_use,malformed_json_receiver,reject,malformed_message,1,0.1424,0.1424,0.1424,0.1424,1,candidate_dyadic
logistic_motion_logistic_anomaly,condition_first_use,post_window_after_refusals,accept,accepted,1,11.734,11.734,11.734,11.734,1,candidate_dyadic
logistic_motion_logistic_anomaly,condition_first_use,post_window_recurring,accept,accepted,1,12.1758,12.1758,12.1758,12.1758,1,candidate_dyadic
logistic_motion_logistic_anomaly,condition_first_use,pre_tag_quality_refusal,reject,data_quality_failure,1,2.0104,2.0104,2.0104,2.0104,1,candidate_dyadic
logistic_motion_logistic_anomaly,condition_first_use,valid_receiver_after_bad_tag,accept,accepted,1,8.6403,8.6403,8.6403,8.6403,1,candidate_dyadic
logistic_motion_logistic_anomaly,measured,bad_tag_receiver,reject,invalid_tag,119,1.9668,2.5796399999999995,3.052483999999999,3.2407,1,candidate_dyadic
logistic_motion_logistic_anomaly,measured,exact_replay_receiver,reject,duplicate_sequence,119,3.0698,5.76329,6.934211999999999,8.4288,1,candidate_dyadic
logistic_motion_logistic_anomaly,measured,fresh_to_first_window,accept,accepted,119,18.2412,23.411459999999995,26.141609999999996,35.8083,1,candidate_dyadic
logistic_motion_logistic_anomaly,measured,fresh_to_first_window,reject,failed_reconstruction,1,38.1989,38.1989,38.1989,38.1989,1,candidate_dyadic
logistic_motion_logistic_anomaly,measured,malformed_json_receiver,reject,malformed_message,119,0.1523,0.22795999999999994,0.279014,0.3024,1,candidate_dyadic
logistic_motion_logistic_anomaly,measured,post_window_after_refusals,accept,accepted,119,12.3035,16.458689999999997,17.9706,339.1751,1,candidate_dyadic
logistic_motion_logistic_anomaly,measured,post_window_recurring,accept,accepted,119,12.1987,15.38271,17.505605999999997,17.7962,1,candidate_dyadic
logistic_motion_logistic_anomaly,measured,pre_tag_quality_refusal,reject,data_quality_failure,119,2.2215,2.8798799999999996,3.227181999999999,3.3459,1,candidate_dyadic
logistic_motion_logistic_anomaly,measured,valid_receiver_after_bad_tag,accept,accepted,119,8.8768,11.35827,12.797837999999999,13.0203,1,candidate_dyadic
logistic_motion_logistic_anomaly,sustained,post_window_recurring,accept,accepted,64,10.52515,18.856915,19.556971,19.6126,1,candidate_dyadic
logistic_motion_logistic_anomaly,warmup,bad_tag_receiver,reject,invalid_tag,29,1.8038,2.266,2.9089199999999993,3.1521,1,candidate_dyadic
logistic_motion_logistic_anomaly,warmup,exact_replay_receiver,reject,duplicate_sequence,29,2.8812,6.654479999999998,7.217736,7.2776,1,candidate_dyadic
logistic_motion_logistic_anomaly,warmup,fresh_to_first_window,accept,accepted,29,16.9978,21.4445,21.955988,22.0807,1,candidate_dyadic
logistic_motion_logistic_anomaly,warmup,malformed_json_receiver,reject,malformed_message,29,0.1541,0.19348,0.201104,0.2034,1,candidate_dyadic
logistic_motion_logistic_anomaly,warmup,post_window_after_refusals,accept,accepted,29,11.3259,13.97368,14.148352,14.1838,1,candidate_dyadic
logistic_motion_logistic_anomaly,warmup,post_window_recurring,accept,accepted,29,11.2431,13.92214,14.004436,14.0363,1,candidate_dyadic
logistic_motion_logistic_anomaly,warmup,pre_tag_quality_refusal,reject,data_quality_failure,29,2.0438,2.49206,2.57878,2.6107,1,candidate_dyadic
logistic_motion_logistic_anomaly,warmup,valid_receiver_after_bad_tag,accept,accepted,29,8.1874,10.22684,10.496528,10.584,1,candidate_dyadic
snn32_seed7_forest_anomaly,condition_first_use,bad_tag_receiver,reject,invalid_tag,1,1.7189,1.7189,1.7189,1.7189,1,candidate_dyadic
snn32_seed7_forest_anomaly,condition_first_use,exact_replay_receiver,reject,duplicate_sequence,1,2.7909,2.7909,2.7909,2.7909,1,candidate_dyadic
snn32_seed7_forest_anomaly,condition_first_use,fresh_to_first_window,accept,accepted,1,4232.3846,4232.3846,4232.3846,4232.3846,1,candidate_dyadic
snn32_seed7_forest_anomaly,condition_first_use,malformed_json_receiver,reject,malformed_message,1,0.1461,0.1461,0.1461,0.1461,1,candidate_dyadic
snn32_seed7_forest_anomaly,condition_first_use,post_window_after_refusals,accept,accepted,1,28.1414,28.1414,28.1414,28.1414,1,candidate_dyadic
snn32_seed7_forest_anomaly,condition_first_use,post_window_recurring,accept,accepted,1,31.9727,31.9727,31.9727,31.9727,1,candidate_dyadic
snn32_seed7_forest_anomaly,condition_first_use,pre_tag_quality_refusal,reject,data_quality_failure,1,2.2554,2.2554,2.2554,2.2554,1,candidate_dyadic
snn32_seed7_forest_anomaly,condition_first_use,valid_receiver_after_bad_tag,accept,accepted,1,25.892,25.892,25.892,25.892,1,candidate_dyadic
snn32_seed7_forest_anomaly,measured,bad_tag_receiver,reject,invalid_tag,119,1.8814,2.24837,2.361012,2.4418,1,candidate_dyadic
snn32_seed7_forest_anomaly,measured,exact_replay_receiver,reject,duplicate_sequence,119,2.3692,3.26495,4.087453999999997,4.6073,1,candidate_dyadic
snn32_seed7_forest_anomaly,measured,fresh_to_first_window,accept,accepted,119,39.0046,49.957749999999976,56.690452,355.3507,1,candidate_dyadic
snn32_seed7_forest_anomaly,measured,fresh_to_first_window,reject,failed_reconstruction,1,5.0029,5.0029,5.0029,5.0029,1,candidate_dyadic
snn32_seed7_forest_anomaly,measured,malformed_json_receiver,reject,malformed_message,119,0.1392,0.23705,0.2809339999999999,0.2895,1,candidate_dyadic
snn32_seed7_forest_anomaly,measured,post_window_after_refusals,accept,accepted,119,25.9018,32.001689999999996,34.087826,39.5994,1,candidate_dyadic
snn32_seed7_forest_anomaly,measured,post_window_recurring,accept,accepted,119,32.5475,40.82788999999998,50.05939999999998,52.0476,1,candidate_dyadic
snn32_seed7_forest_anomaly,measured,pre_tag_quality_refusal,reject,data_quality_failure,119,1.6179,2.6606199999999993,3.0107179999999985,3.4254,1,candidate_dyadic
snn32_seed7_forest_anomaly,measured,valid_receiver_after_bad_tag,accept,accepted,119,28.3354,30.97295,34.72651999999999,45.2237,1,candidate_dyadic
snn32_seed7_forest_anomaly,sustained,post_window_recurring,accept,accepted,64,23.3421,28.665349999999993,36.11460099999997,43.0366,1,candidate_dyadic
snn32_seed7_forest_anomaly,warmup,bad_tag_receiver,reject,invalid_tag,29,2.0583,2.4035399999999996,2.51626,2.5269,1,candidate_dyadic
snn32_seed7_forest_anomaly,warmup,exact_replay_receiver,reject,duplicate_sequence,29,3.104,3.73754,3.860292,3.9075,1,candidate_dyadic
snn32_seed7_forest_anomaly,warmup,fresh_to_first_window,accept,accepted,29,41.9479,45.04162,45.4001,45.5359,1,candidate_dyadic
snn32_seed7_forest_anomaly,warmup,malformed_json_receiver,reject,malformed_message,29,0.1624,0.22543999999999995,0.242872,0.2464,1,candidate_dyadic
snn32_seed7_forest_anomaly,warmup,post_window_after_refusals,accept,accepted,29,33.905,40.5399,41.500692,41.7544,1,candidate_dyadic
snn32_seed7_forest_anomaly,warmup,post_window_recurring,accept,accepted,29,34.9729,38.1096,39.002696,39.1425,1,candidate_dyadic
snn32_seed7_forest_anomaly,warmup,pre_tag_quality_refusal,reject,data_quality_failure,29,2.2238,2.73604,3.0304319999999993,3.1307,1,candidate_dyadic
snn32_seed7_forest_anomaly,warmup,valid_receiver_after_bad_tag,accept,accepted,29,32.1108,37.52071999999999,39.377752,39.6918,1,candidate_dyadic
logistic_motion_forest_anomaly,condition_first_use,bad_tag_receiver,reject,invalid_tag,1,1.6715,1.6715,1.6715,1.6715,1,reference_fraction
logistic_motion_forest_anomaly,condition_first_use,exact_replay_receiver,reject,duplicate_sequence,1,6.4045,6.4045,6.4045,6.4045,1,reference_fraction
logistic_motion_forest_anomaly,condition_first_use,fresh_to_first_window,accept,accepted,1,34.2879,34.2879,34.2879,34.2879,1,reference_fraction
logistic_motion_forest_anomaly,condition_first_use,malformed_json_receiver,reject,malformed_message,1,0.1519,0.1519,0.1519,0.1519,1,reference_fraction
logistic_motion_forest_anomaly,condition_first_use,post_window_after_refusals,accept,accepted,1,20.931,20.931,20.931,20.931,1,reference_fraction
logistic_motion_forest_anomaly,condition_first_use,post_window_recurring,accept,accepted,1,26.573,26.573,26.573,26.573,1,reference_fraction
logistic_motion_forest_anomaly,condition_first_use,pre_tag_quality_refusal,reject,data_quality_failure,1,1.7409,1.7409,1.7409,1.7409,1,reference_fraction
logistic_motion_forest_anomaly,condition_first_use,valid_receiver_after_bad_tag,accept,accepted,1,18.2151,18.2151,18.2151,18.2151,1,reference_fraction
logistic_motion_forest_anomaly,measured,bad_tag_receiver,reject,invalid_tag,119,1.9735,2.65488,3.1546259999999973,3.5536,1,reference_fraction
logistic_motion_forest_anomaly,measured,exact_replay_receiver,reject,duplicate_sequence,119,7.4784,9.39408,11.40933999999999,288.0193,1,reference_fraction
logistic_motion_forest_anomaly,measured,fresh_to_first_window,accept,accepted,119,35.599,48.23804,79.2609839999998,98.9675,1,reference_fraction
logistic_motion_forest_anomaly,measured,fresh_to_first_window,reject,failed_reconstruction,1,3.8466,3.8466,3.8466,3.8466,1,reference_fraction
logistic_motion_forest_anomaly,measured,malformed_json_receiver,reject,malformed_message,119,0.1596,0.2617199999999999,0.32000799999999996,0.321,1,reference_fraction
logistic_motion_forest_anomaly,measured,post_window_after_refusals,accept,accepted,119,24.4192,35.34620999999999,46.91668599999999,51.5668,1,reference_fraction
logistic_motion_forest_anomaly,measured,post_window_recurring,accept,accepted,119,30.7899,41.38533,46.37086799999999,48.6078,1,reference_fraction
logistic_motion_forest_anomaly,measured,pre_tag_quality_refusal,reject,data_quality_failure,119,1.7449,2.929079999999999,3.628442,3.648,1,reference_fraction
logistic_motion_forest_anomaly,measured,valid_receiver_after_bad_tag,accept,accepted,119,21.0924,27.730519999999995,30.282779999999992,33.1704,1,reference_fraction
logistic_motion_forest_anomaly,sustained,post_window_recurring,accept,accepted,64,18.31005,21.693925,22.633949999999995,23.9349,1,reference_fraction
logistic_motion_forest_anomaly,warmup,bad_tag_receiver,reject,invalid_tag,29,1.8404,2.1356199999999994,2.273148,2.2993,1,reference_fraction
logistic_motion_forest_anomaly,warmup,exact_replay_receiver,reject,duplicate_sequence,29,7.2243,7.8846,8.138936,8.2205,1,reference_fraction
logistic_motion_forest_anomaly,warmup,fresh_to_first_window,accept,accepted,29,33.0546,39.61045999999999,44.48643599999999,45.786,1,reference_fraction
logistic_motion_forest_anomaly,warmup,malformed_json_receiver,reject,malformed_message,29,0.1494,0.2522199999999998,0.3445399999999999,0.3654,1,reference_fraction
logistic_motion_forest_anomaly,warmup,post_window_after_refusals,accept,accepted,29,22.9971,27.90214,29.560587999999996,30.1578,1,reference_fraction
logistic_motion_forest_anomaly,warmup,post_window_recurring,accept,accepted,29,28.2701,39.97515999999998,261.32639999999964,345.8668,1,reference_fraction
logistic_motion_forest_anomaly,warmup,pre_tag_quality_refusal,reject,data_quality_failure,29,1.8064,2.16604,2.270568,2.3082,1,reference_fraction
logistic_motion_forest_anomaly,warmup,valid_receiver_after_bad_tag,accept,accepted,29,19.8098,21.03962,23.061371999999995,23.7754,1,reference_fraction
logistic_motion_logistic_anomaly,condition_first_use,bad_tag_receiver,reject,invalid_tag,1,1.6429,1.6429,1.6429,1.6429,1,reference_fraction
logistic_motion_logistic_anomaly,condition_first_use,exact_replay_receiver,reject,duplicate_sequence,1,8.5075,8.5075,8.5075,8.5075,1,reference_fraction
logistic_motion_logistic_anomaly,condition_first_use,fresh_to_first_window,accept,accepted,1,26.0991,26.0991,26.0991,26.0991,1,reference_fraction
logistic_motion_logistic_anomaly,condition_first_use,malformed_json_receiver,reject,malformed_message,1,0.2,0.2,0.2,0.2,1,reference_fraction
logistic_motion_logistic_anomaly,condition_first_use,post_window_after_refusals,accept,accepted,1,17.9054,17.9054,17.9054,17.9054,1,reference_fraction
logistic_motion_logistic_anomaly,condition_first_use,post_window_recurring,accept,accepted,1,18.5457,18.5457,18.5457,18.5457,1,reference_fraction
logistic_motion_logistic_anomaly,condition_first_use,pre_tag_quality_refusal,reject,data_quality_failure,1,1.7695,1.7695,1.7695,1.7695,1,reference_fraction
logistic_motion_logistic_anomaly,condition_first_use,valid_receiver_after_bad_tag,accept,accepted,1,11.0206,11.0206,11.0206,11.0206,1,reference_fraction
logistic_motion_logistic_anomaly,measured,bad_tag_receiver,reject,invalid_tag,119,1.8539,2.4772599999999994,2.779354,2.8284,1,reference_fraction
logistic_motion_logistic_anomaly,measured,exact_replay_receiver,reject,duplicate_sequence,119,7.4896,10.19239,10.847756,11.9223,1,reference_fraction
logistic_motion_logistic_anomaly,measured,fresh_to_first_window,accept,accepted,119,25.7871,31.307929999999992,36.13941799999999,39.4958,1,reference_fraction
logistic_motion_logistic_anomaly,measured,fresh_to_first_window,reject,failed_reconstruction,1,3.9614,3.9614,3.9614,3.9614,1,reference_fraction
logistic_motion_logistic_anomaly,measured,malformed_json_receiver,reject,malformed_message,119,0.1553,0.18218,0.19102,0.1965,1,reference_fraction
logistic_motion_logistic_anomaly,measured,post_window_after_refusals,accept,accepted,119,20.6254,23.72443,25.89242799999999,297.1292,1,reference_fraction
logistic_motion_logistic_anomaly,measured,post_window_recurring,accept,accepted,119,20.8554,25.153379999999995,29.889963999999996,30.3449,1,reference_fraction
logistic_motion_logistic_anomaly,measured,pre_tag_quality_refusal,reject,data_quality_failure,119,2.0862,2.3203,2.4480099999999996,2.5507,1,reference_fraction
logistic_motion_logistic_anomaly,measured,valid_receiver_after_bad_tag,accept,accepted,119,13.1215,15.428319999999996,19.281979999999994,19.8063,1,reference_fraction
logistic_motion_logistic_anomaly,sustained,post_window_recurring,accept,accepted,64,14.70345,16.410965,17.853346,17.9641,1,reference_fraction
logistic_motion_logistic_anomaly,warmup,bad_tag_receiver,reject,invalid_tag,29,1.8392,1.99438,2.01398,2.0151,1,reference_fraction
logistic_motion_logistic_anomaly,warmup,exact_replay_receiver,reject,duplicate_sequence,29,7.6059,10.65202,12.906051999999995,13.7311,1,reference_fraction
logistic_motion_logistic_anomaly,warmup,fresh_to_first_window,accept,accepted,29,26.0018,32.45363999999999,37.094303999999994,38.6541,1,reference_fraction
logistic_motion_logistic_anomaly,warmup,malformed_json_receiver,reject,malformed_message,29,0.1646,0.21847999999999998,0.23878399999999997,0.2443,1,reference_fraction
logistic_motion_logistic_anomaly,warmup,post_window_after_refusals,accept,accepted,29,19.5615,20.60406,21.149172,21.3543,1,reference_fraction
logistic_motion_logistic_anomaly,warmup,post_window_recurring,accept,accepted,29,21.0643,22.13106,22.51278,22.6476,1,reference_fraction
logistic_motion_logistic_anomaly,warmup,pre_tag_quality_refusal,reject,data_quality_failure,29,2.138,2.774919999999999,3.0542,3.0857,1,reference_fraction
logistic_motion_logistic_anomaly,warmup,valid_receiver_after_bad_tag,accept,accepted,29,13.4203,16.49062,18.579627999999996,19.1956,1,reference_fraction
snn32_seed7_forest_anomaly,condition_first_use,bad_tag_receiver,reject,invalid_tag,1,1.9236,1.9236,1.9236,1.9236,1,reference_fraction
snn32_seed7_forest_anomaly,condition_first_use,exact_replay_receiver,reject,duplicate_sequence,1,6.3204,6.3204,6.3204,6.3204,1,reference_fraction
snn32_seed7_forest_anomaly,condition_first_use,fresh_to_first_window,accept,accepted,1,4043.7304,4043.7304,4043.7304,4043.7304,1,reference_fraction
snn32_seed7_forest_anomaly,condition_first_use,malformed_json_receiver,reject,malformed_message,1,0.1925,0.1925,0.1925,0.1925,1,reference_fraction
snn32_seed7_forest_anomaly,condition_first_use,post_window_after_refusals,accept,accepted,1,40.9364,40.9364,40.9364,40.9364,1,reference_fraction
snn32_seed7_forest_anomaly,condition_first_use,post_window_recurring,accept,accepted,1,42.9876,42.9876,42.9876,42.9876,1,reference_fraction
snn32_seed7_forest_anomaly,condition_first_use,pre_tag_quality_refusal,reject,data_quality_failure,1,2.2939,2.2939,2.2939,2.2939,1,reference_fraction
snn32_seed7_forest_anomaly,condition_first_use,valid_receiver_after_bad_tag,accept,accepted,1,33.4611,33.4611,33.4611,33.4611,1,reference_fraction
snn32_seed7_forest_anomaly,measured,bad_tag_receiver,reject,invalid_tag,119,1.7699,2.0643599999999998,2.2828619999999997,3.1094,1,reference_fraction
snn32_seed7_forest_anomaly,measured,exact_replay_receiver,reject,duplicate_sequence,119,5.7119,8.843129999999999,10.092018,10.9104,1,reference_fraction
snn32_seed7_forest_anomaly,measured,fresh_to_first_window,accept,accepted,119,46.5814,68.19226,71.05079599999999,362.1873,1,reference_fraction
snn32_seed7_forest_anomaly,measured,fresh_to_first_window,reject,failed_reconstruction,1,4.864,4.864,4.864,4.864,1,reference_fraction
snn32_seed7_forest_anomaly,measured,malformed_json_receiver,reject,malformed_message,119,0.14,0.27514,0.34106199999999953,0.3542,1,reference_fraction
snn32_seed7_forest_anomaly,measured,post_window_after_refusals,accept,accepted,119,31.6697,52.41576,61.703869999999974,62.9762,1,reference_fraction
snn32_seed7_forest_anomaly,measured,post_window_recurring,accept,accepted,119,40.0425,48.6062,51.482689999999984,53.0702,1,reference_fraction
snn32_seed7_forest_anomaly,measured,pre_tag_quality_refusal,reject,data_quality_failure,119,1.5236,2.4758499999999977,2.957846,3.0744,1,reference_fraction
snn32_seed7_forest_anomaly,measured,valid_receiver_after_bad_tag,accept,accepted,119,27.8292,33.75913,45.31276799999997,51.0302,1,reference_fraction
snn32_seed7_forest_anomaly,sustained,post_window_recurring,accept,accepted,64,29.6189,47.477314999999926,56.792741999999976,62.4732,1,reference_fraction
snn32_seed7_forest_anomaly,warmup,bad_tag_receiver,reject,invalid_tag,29,1.744,1.9267,2.480555999999999,2.6919,1,reference_fraction
snn32_seed7_forest_anomaly,warmup,exact_replay_receiver,reject,duplicate_sequence,29,5.7056,9.05082,9.211524,9.2379,1,reference_fraction
snn32_seed7_forest_anomaly,warmup,fresh_to_first_window,accept,accepted,29,46.4049,49.36916,50.054384,50.2958,1,reference_fraction
snn32_seed7_forest_anomaly,warmup,malformed_json_receiver,reject,malformed_message,29,0.1373,0.23119999999999996,0.241136,0.2429,1,reference_fraction
snn32_seed7_forest_anomaly,warmup,post_window_after_refusals,accept,accepted,29,32.9251,51.03249999999999,52.71314,52.7137,1,reference_fraction
snn32_seed7_forest_anomaly,warmup,post_window_recurring,accept,accepted,29,40.1563,42.67462,43.794724,44.2145,1,reference_fraction
snn32_seed7_forest_anomaly,warmup,pre_tag_quality_refusal,reject,data_quality_failure,29,1.5176,2.60464,2.8369439999999995,2.9259,1,reference_fraction
snn32_seed7_forest_anomaly,warmup,valid_receiver_after_bad_tag,accept,accepted,29,27.4466,35.77879999999999,40.941255999999996,42.2446,1,reference_fraction
