block,condition,phase,path,decision,reason,count,mean_delta_ms,p50_delta_ms,p95_delta_ms,min_delta_ms,max_delta_ms,direction,independent_accuracy_or_FRR_samples
0,logistic_motion_forest_anomaly,condition_first_use,bad_tag_receiver,reject,invalid_tag,1,-0.108,-0.108,-0.108,-0.108,-0.108,candidate_minus_reference,False
0,logistic_motion_forest_anomaly,condition_first_use,exact_replay_receiver,reject,duplicate_sequence,1,-4.5795,-4.5795,-4.5795,-4.5795,-4.5795,candidate_minus_reference,False
0,logistic_motion_forest_anomaly,condition_first_use,fresh_to_first_window,accept,accepted,1,-7.4494,-7.4494,-7.4494,-7.4494,-7.4494,candidate_minus_reference,False
0,logistic_motion_forest_anomaly,condition_first_use,malformed_json_receiver,reject,malformed_message,1,-0.0589,-0.0589,-0.0589,-0.0589,-0.0589,candidate_minus_reference,False
0,logistic_motion_forest_anomaly,condition_first_use,post_window_after_refusals,accept,accepted,1,-5.0017,-5.0017,-5.0017,-5.0017,-5.0017,candidate_minus_reference,False
0,logistic_motion_forest_anomaly,condition_first_use,post_window_recurring,accept,accepted,1,-8.977,-8.977,-8.977,-8.977,-8.977,candidate_minus_reference,False
0,logistic_motion_forest_anomaly,condition_first_use,pre_tag_quality_refusal,reject,data_quality_failure,1,-0.0915,-0.0915,-0.0915,-0.0915,-0.0915,candidate_minus_reference,False
0,logistic_motion_forest_anomaly,condition_first_use,valid_receiver_after_bad_tag,accept,accepted,1,-5.9074,-5.9074,-5.9074,-5.9074,-5.9074,candidate_minus_reference,False
0,logistic_motion_forest_anomaly,measured,bad_tag_receiver,reject,invalid_tag,120,-0.17922,-0.2664,0.5868149999999999,-1.3583,0.8862,candidate_minus_reference,False
0,logistic_motion_forest_anomaly,measured,exact_replay_receiver,reject,duplicate_sequence,120,-4.445896666666667,-4.50945,-2.777195,-13.5504,-1.7454,candidate_minus_reference,False
0,logistic_motion_forest_anomaly,measured,fresh_to_first_window,accept,accepted,120,-12.481321666666666,-13.52125,-1.5633100000000015,-28.706,4.4185,candidate_minus_reference,False
0,logistic_motion_forest_anomaly,measured,malformed_json_receiver,reject,malformed_message,120,-0.016320833333333333,-0.01385,0.04726999999999999,-0.2175,0.1038,candidate_minus_reference,False
0,logistic_motion_forest_anomaly,measured,post_window_after_refusals,accept,accepted,120,-7.625234166666667,-7.8677,-1.030105000000001,-23.413,2.7344,candidate_minus_reference,False
0,logistic_motion_forest_anomaly,measured,post_window_recurring,accept,accepted,120,-12.1516275,-12.60795,-3.9103200000000005,-27.7367,7.2626,candidate_minus_reference,False
0,logistic_motion_forest_anomaly,measured,pre_tag_quality_refusal,reject,data_quality_failure,120,0.058298333333333334,0.06725,0.721575,-1.6793,1.3835,candidate_minus_reference,False
0,logistic_motion_forest_anomaly,measured,valid_receiver_after_bad_tag,accept,accepted,120,-5.805975,-5.86295,-0.2942450000000007,-16.9092,4.9704,candidate_minus_reference,False
0,logistic_motion_forest_anomaly,sustained,post_window_recurring,accept,accepted,64,-9.2150125,-8.681,-6.313770000000003,-19.1871,-5.2247,candidate_minus_reference,False
0,logistic_motion_forest_anomaly,warmup,bad_tag_receiver,reject,invalid_tag,29,-0.018327586206896552,0.0048,0.3532199999999999,-0.4108,0.4822,candidate_minus_reference,False
0,logistic_motion_forest_anomaly,warmup,exact_replay_receiver,reject,duplicate_sequence,29,-4.1581241379310345,-4.2589,-2.9248200000000004,-5.8994,-2.8467,candidate_minus_reference,False
0,logistic_motion_forest_anomaly,warmup,fresh_to_first_window,accept,accepted,29,-9.05796551724138,-8.9776,-5.21856,-14.9938,-4.7802,candidate_minus_reference,False
0,logistic_motion_forest_anomaly,warmup,malformed_json_receiver,reject,malformed_message,29,-0.00946551724137931,-0.0086,0.034679999999999996,-0.0676,0.0553,candidate_minus_reference,False
0,logistic_motion_forest_anomaly,warmup,post_window_after_refusals,accept,accepted,29,-4.6918655172413795,-3.8514,0.40739999999999826,-26.1673,3.536,candidate_minus_reference,False
0,logistic_motion_forest_anomaly,warmup,post_window_recurring,accept,accepted,29,-9.358589655172413,-8.9021,-4.844200000000001,-15.8811,-4.5071,candidate_minus_reference,False
0,logistic_motion_forest_anomaly,warmup,pre_tag_quality_refusal,reject,data_quality_failure,29,0.1403896551724138,0.0962,0.63176,-0.6129,0.6471,candidate_minus_reference,False
0,logistic_motion_forest_anomaly,warmup,valid_receiver_after_bad_tag,accept,accepted,29,-4.739565517241379,-4.6086,-1.8150600000000006,-9.0416,-1.3609,candidate_minus_reference,False
0,logistic_motion_logistic_anomaly,condition_first_use,bad_tag_receiver,reject,invalid_tag,1,-0.0661,-0.0661,-0.0661,-0.0661,-0.0661,candidate_minus_reference,False
0,logistic_motion_logistic_anomaly,condition_first_use,exact_replay_receiver,reject,duplicate_sequence,1,-3.7189,-3.7189,-3.7189,-3.7189,-3.7189,candidate_minus_reference,False
0,logistic_motion_logistic_anomaly,condition_first_use,fresh_to_first_window,accept,accepted,1,-184.9043,-184.9043,-184.9043,-184.9043,-184.9043,candidate_minus_reference,False
0,logistic_motion_logistic_anomaly,condition_first_use,malformed_json_receiver,reject,malformed_message,1,-0.0345,-0.0345,-0.0345,-0.0345,-0.0345,candidate_minus_reference,False
0,logistic_motion_logistic_anomaly,condition_first_use,post_window_after_refusals,accept,accepted,1,-8.2401,-8.2401,-8.2401,-8.2401,-8.2401,candidate_minus_reference,False
0,logistic_motion_logistic_anomaly,condition_first_use,post_window_recurring,accept,accepted,1,-7.317,-7.317,-7.317,-7.317,-7.317,candidate_minus_reference,False
0,logistic_motion_logistic_anomaly,condition_first_use,pre_tag_quality_refusal,reject,data_quality_failure,1,-0.1436,-0.1436,-0.1436,-0.1436,-0.1436,candidate_minus_reference,False
0,logistic_motion_logistic_anomaly,condition_first_use,valid_receiver_after_bad_tag,accept,accepted,1,-4.0352,-4.0352,-4.0352,-4.0352,-4.0352,candidate_minus_reference,False
0,logistic_motion_logistic_anomaly,measured,bad_tag_receiver,reject,invalid_tag,120,-0.0759,-0.07015,0.42202499999999993,-0.9849,0.556,candidate_minus_reference,False
0,logistic_motion_logistic_anomaly,measured,exact_replay_receiver,reject,duplicate_sequence,120,-4.947601666666667,-4.87065,-3.9077350000000006,-7.4167,-3.0321,candidate_minus_reference,False
0,logistic_motion_logistic_anomaly,measured,fresh_to_first_window,accept,accepted,120,-10.96901,-10.55265,-6.302260000000001,-23.2134,-0.5908,candidate_minus_reference,False
0,logistic_motion_logistic_anomaly,measured,malformed_json_receiver,reject,malformed_message,120,-0.019693333333333334,-0.01955,0.027459999999999995,-0.2027,0.0695,candidate_minus_reference,False
0,logistic_motion_logistic_anomaly,measured,post_window_after_refusals,accept,accepted,120,-8.703123333333334,-8.80325,-5.103125000000001,-15.8733,-2.6499,candidate_minus_reference,False
0,logistic_motion_logistic_anomaly,measured,post_window_recurring,accept,accepted,120,-10.54515,-10.3562,-7.184145,-18.8637,-6.2409,candidate_minus_reference,False
0,logistic_motion_logistic_anomaly,measured,pre_tag_quality_refusal,reject,data_quality_failure,120,-0.033500833333333334,-0.06995,0.48783499999999996,-0.9213,0.8562,candidate_minus_reference,False
0,logistic_motion_logistic_anomaly,measured,valid_receiver_after_bad_tag,accept,accepted,120,-5.4423441666666665,-5.3174,-2.9909650000000005,-10.7124,-2.0287,candidate_minus_reference,False
0,logistic_motion_logistic_anomaly,sustained,post_window_recurring,accept,accepted,64,-6.3314171875,-6.14425,-4.610715000000003,-13.6188,-1.9212,candidate_minus_reference,False
0,logistic_motion_logistic_anomaly,warmup,bad_tag_receiver,reject,invalid_tag,29,-0.24334827586206895,-0.1957,0.1539199999999998,-0.8665,0.1985,candidate_minus_reference,False
0,logistic_motion_logistic_anomaly,warmup,exact_replay_receiver,reject,duplicate_sequence,29,-5.115268965517242,-5.0496,-4.050400000000001,-7.2881,-3.8069,candidate_minus_reference,False
0,logistic_motion_logistic_anomaly,warmup,fresh_to_first_window,accept,accepted,29,-11.198565517241379,-10.6257,-8.17838,-30.0478,-2.55,candidate_minus_reference,False
0,logistic_motion_logistic_anomaly,warmup,malformed_json_receiver,reject,malformed_message,29,-0.030489655172413792,-0.0309,0.0032999999999999852,-0.1125,0.0397,candidate_minus_reference,False
0,logistic_motion_logistic_anomaly,warmup,post_window_after_refusals,accept,accepted,29,-10.131531034482759,-9.9186,-6.325840000000001,-22.1587,-6.1196,candidate_minus_reference,False
0,logistic_motion_logistic_anomaly,warmup,post_window_recurring,accept,accepted,29,-10.974441379310345,-10.3266,-8.62092,-18.3314,-8.3407,candidate_minus_reference,False
0,logistic_motion_logistic_anomaly,warmup,pre_tag_quality_refusal,reject,data_quality_failure,29,-0.20488275862068966,-0.2859,0.2785599999999996,-0.5745,0.4776,candidate_minus_reference,False
0,logistic_motion_logistic_anomaly,warmup,valid_receiver_after_bad_tag,accept,accepted,29,-5.73881724137931,-5.554,-3.532100000000003,-9.7134,-2.3169,candidate_minus_reference,False
0,snn32_seed7_forest_anomaly,condition_first_use,bad_tag_receiver,reject,invalid_tag,1,-0.8166,-0.8166,-0.8166,-0.8166,-0.8166,candidate_minus_reference,False
0,snn32_seed7_forest_anomaly,condition_first_use,exact_replay_receiver,reject,duplicate_sequence,1,-5.5951,-5.5951,-5.5951,-5.5951,-5.5951,candidate_minus_reference,False
0,snn32_seed7_forest_anomaly,condition_first_use,fresh_to_first_window,accept,accepted,1,-10.0156,-10.0156,-10.0156,-10.0156,-10.0156,candidate_minus_reference,False
0,snn32_seed7_forest_anomaly,condition_first_use,malformed_json_receiver,reject,malformed_message,1,-0.0339,-0.0339,-0.0339,-0.0339,-0.0339,candidate_minus_reference,False
0,snn32_seed7_forest_anomaly,condition_first_use,post_window_after_refusals,accept,accepted,1,-12.4356,-12.4356,-12.4356,-12.4356,-12.4356,candidate_minus_reference,False
0,snn32_seed7_forest_anomaly,condition_first_use,post_window_recurring,accept,accepted,1,-26.4109,-26.4109,-26.4109,-26.4109,-26.4109,candidate_minus_reference,False
0,snn32_seed7_forest_anomaly,condition_first_use,pre_tag_quality_refusal,reject,data_quality_failure,1,0.0624,0.0624,0.0624,0.0624,0.0624,candidate_minus_reference,False
0,snn32_seed7_forest_anomaly,condition_first_use,valid_receiver_after_bad_tag,accept,accepted,1,-10.5212,-10.5212,-10.5212,-10.5212,-10.5212,candidate_minus_reference,False
0,snn32_seed7_forest_anomaly,measured,bad_tag_receiver,reject,invalid_tag,120,-0.19845666666666667,-0.2203,0.2765349999999999,-1.1014,0.9243,candidate_minus_reference,False
0,snn32_seed7_forest_anomaly,measured,exact_replay_receiver,reject,duplicate_sequence,120,-3.4453008333333335,-3.25205,-2.18305,-8.8093,-1.3734,candidate_minus_reference,False
0,snn32_seed7_forest_anomaly,measured,fresh_to_first_window,accept,accepted,120,-15.888905,-15.82945,-7.144700000000002,-33.1604,-4.0838,candidate_minus_reference,False
0,snn32_seed7_forest_anomaly,measured,malformed_json_receiver,reject,malformed_message,120,-0.02366333333333333,-0.01305,0.030809999999999994,-0.3175,0.113,candidate_minus_reference,False
0,snn32_seed7_forest_anomaly,measured,post_window_after_refusals,accept,accepted,120,-9.332265,-8.8363,-1.3640000000000019,-56.7061,13.1269,candidate_minus_reference,False
0,snn32_seed7_forest_anomaly,measured,post_window_recurring,accept,accepted,120,-13.388949166666666,-13.2948,-6.2317,-30.3981,-0.7292,candidate_minus_reference,False
0,snn32_seed7_forest_anomaly,measured,pre_tag_quality_refusal,reject,data_quality_failure,120,0.11423916666666667,0.17165,0.7048199999999998,-1.653,1.5451,candidate_minus_reference,False
0,snn32_seed7_forest_anomaly,measured,valid_receiver_after_bad_tag,accept,accepted,120,-4.517733333333333,-4.24235,3.3636699999999995,-27.196,15.8329,candidate_minus_reference,False
0,snn32_seed7_forest_anomaly,sustained,post_window_recurring,accept,accepted,64,-4.636525,-4.63485,-0.8637550000000008,-12.3361,5.0546,candidate_minus_reference,False
0,snn32_seed7_forest_anomaly,warmup,bad_tag_receiver,reject,invalid_tag,29,-0.25849310344827586,-0.2708,-0.0073400000000000834,-0.8632,0.0337,candidate_minus_reference,False
0,snn32_seed7_forest_anomaly,warmup,exact_replay_receiver,reject,duplicate_sequence,29,-3.6874103448275863,-3.2802,-2.59278,-8.4597,-2.3826,candidate_minus_reference,False
0,snn32_seed7_forest_anomaly,warmup,fresh_to_first_window,accept,accepted,29,-15.659182758620691,-14.8653,-10.47182,-33.447,-8.3104,candidate_minus_reference,False
0,snn32_seed7_forest_anomaly,warmup,malformed_json_receiver,reject,malformed_message,29,-0.028458620689655174,-0.0191,0.009479999999999992,-0.1943,0.0406,candidate_minus_reference,False
0,snn32_seed7_forest_anomaly,warmup,post_window_after_refusals,accept,accepted,29,-8.635403448275863,-7.8244,-2.7244200000000003,-19.2856,-1.9171,candidate_minus_reference,False
0,snn32_seed7_forest_anomaly,warmup,post_window_recurring,accept,accepted,29,-13.50051724137931,-12.7658,-8.242720000000004,-23.7516,-7.1398,candidate_minus_reference,False
0,snn32_seed7_forest_anomaly,warmup,pre_tag_quality_refusal,reject,data_quality_failure,29,0.07371724137931035,0.1473,0.31529999999999997,-1.1585,0.3393,candidate_minus_reference,False
0,snn32_seed7_forest_anomaly,warmup,valid_receiver_after_bad_tag,accept,accepted,29,-5.999827586206896,-5.0238,-3.0501800000000014,-19.1592,-1.7183,candidate_minus_reference,False
1,logistic_motion_forest_anomaly,condition_first_use,bad_tag_receiver,reject,invalid_tag,1,-0.0037,-0.0037,-0.0037,-0.0037,-0.0037,candidate_minus_reference,False
1,logistic_motion_forest_anomaly,condition_first_use,exact_replay_receiver,reject,duplicate_sequence,1,-3.7238,-3.7238,-3.7238,-3.7238,-3.7238,candidate_minus_reference,False
1,logistic_motion_forest_anomaly,condition_first_use,fresh_to_first_window,accept,accepted,1,-5.9333,-5.9333,-5.9333,-5.9333,-5.9333,candidate_minus_reference,False
1,logistic_motion_forest_anomaly,condition_first_use,malformed_json_receiver,reject,malformed_message,1,-0.0042,-0.0042,-0.0042,-0.0042,-0.0042,candidate_minus_reference,False
1,logistic_motion_forest_anomaly,condition_first_use,post_window_after_refusals,accept,accepted,1,-4.0323,-4.0323,-4.0323,-4.0323,-4.0323,candidate_minus_reference,False
1,logistic_motion_forest_anomaly,condition_first_use,post_window_recurring,accept,accepted,1,-9.6785,-9.6785,-9.6785,-9.6785,-9.6785,candidate_minus_reference,False
1,logistic_motion_forest_anomaly,condition_first_use,pre_tag_quality_refusal,reject,data_quality_failure,1,0.6393,0.6393,0.6393,0.6393,0.6393,candidate_minus_reference,False
1,logistic_motion_forest_anomaly,condition_first_use,valid_receiver_after_bad_tag,accept,accepted,1,-5.4593,-5.4593,-5.4593,-5.4593,-5.4593,candidate_minus_reference,False
1,logistic_motion_forest_anomaly,measured,bad_tag_receiver,reject,invalid_tag,119,0.04873613445378151,0.0469,0.6985299999999999,-1.4687,0.9052,candidate_minus_reference,False
1,logistic_motion_forest_anomaly,measured,exact_replay_receiver,reject,duplicate_sequence,119,-3.7714546218487395,-3.9864,-2.7732200000000007,-8.5033,34.8718,candidate_minus_reference,False
1,logistic_motion_forest_anomaly,measured,fresh_to_first_window,accept,accepted,119,-10.476017647058825,-9.2657,1.5738199999999973,-69.8354,11.6819,candidate_minus_reference,False
1,logistic_motion_forest_anomaly,measured,fresh_to_first_window,reject,failed_reconstruction,1,1.3533,1.3533,1.3533,1.3533,1.3533,candidate_minus_reference,False
1,logistic_motion_forest_anomaly,measured,malformed_json_receiver,reject,malformed_message,119,-0.0008210084033613446,0.0048,0.06711999999999989,-0.1589,0.1299,candidate_minus_reference,False
1,logistic_motion_forest_anomaly,measured,post_window_after_refusals,accept,accepted,119,-5.809690756302521,-4.5091,1.164709999999999,-31.8612,7.0803,candidate_minus_reference,False
1,logistic_motion_forest_anomaly,measured,post_window_recurring,accept,accepted,119,-10.036588235294118,-9.4907,-2.122320000000002,-26.9912,3.5017,candidate_minus_reference,False
1,logistic_motion_forest_anomaly,measured,pre_tag_quality_refusal,reject,data_quality_failure,119,0.4255680672268908,0.5192,1.33275,-1.4805,1.5883,candidate_minus_reference,False
1,logistic_motion_forest_anomaly,measured,valid_receiver_after_bad_tag,accept,accepted,119,-4.377798319327731,-4.0746,0.16904999999999973,-16.8635,3.9386,candidate_minus_reference,False
1,logistic_motion_forest_anomaly,sustained,post_window_recurring,accept,accepted,64,-3.537815625,-3.8484,0.03125999999999162,-6.3233,2.625,candidate_minus_reference,False
1,logistic_motion_forest_anomaly,warmup,bad_tag_receiver,reject,invalid_tag,29,0.07127586206896552,0.0494,0.5226599999999998,-0.432,0.6892,candidate_minus_reference,False
1,logistic_motion_forest_anomaly,warmup,exact_replay_receiver,reject,duplicate_sequence,29,-4.155782758620689,-4.2305,-3.3168400000000005,-5.2624,-2.9662,candidate_minus_reference,False
1,logistic_motion_forest_anomaly,warmup,fresh_to_first_window,accept,accepted,29,-8.430713793103449,-8.4274,-3.8957200000000096,-16.5529,-0.3119,candidate_minus_reference,False
1,logistic_motion_forest_anomaly,warmup,malformed_json_receiver,reject,malformed_message,29,-0.009631034482758621,-0.0064,0.04549999999999996,-0.2179,0.0635,candidate_minus_reference,False
1,logistic_motion_forest_anomaly,warmup,post_window_after_refusals,accept,accepted,29,-4.937834482758621,-5.5114,-1.6485000000000003,-10.6477,2.8259,candidate_minus_reference,False
1,logistic_motion_forest_anomaly,warmup,post_window_recurring,accept,accepted,29,-9.308334482758621,-8.6226,-3.7942000000000093,-21.0056,2.3695,candidate_minus_reference,False
1,logistic_motion_forest_anomaly,warmup,pre_tag_quality_refusal,reject,data_quality_failure,29,0.3396034482758621,0.3252,0.7772399999999998,-0.2556,1.2289,candidate_minus_reference,False
1,logistic_motion_forest_anomaly,warmup,valid_receiver_after_bad_tag,accept,accepted,29,-3.7797689655172415,-4.1261,0.38819999999999805,-8.6396,3.1487,candidate_minus_reference,False
1,logistic_motion_logistic_anomaly,condition_first_use,bad_tag_receiver,reject,invalid_tag,1,0.6668,0.6668,0.6668,0.6668,0.6668,candidate_minus_reference,False
1,logistic_motion_logistic_anomaly,condition_first_use,exact_replay_receiver,reject,duplicate_sequence,1,-4.5311,-4.5311,-4.5311,-4.5311,-4.5311,candidate_minus_reference,False
1,logistic_motion_logistic_anomaly,condition_first_use,fresh_to_first_window,accept,accepted,1,-4.5393,-4.5393,-4.5393,-4.5393,-4.5393,candidate_minus_reference,False
1,logistic_motion_logistic_anomaly,condition_first_use,malformed_json_receiver,reject,malformed_message,1,-0.0576,-0.0576,-0.0576,-0.0576,-0.0576,candidate_minus_reference,False
1,logistic_motion_logistic_anomaly,condition_first_use,post_window_after_refusals,accept,accepted,1,-6.1714,-6.1714,-6.1714,-6.1714,-6.1714,candidate_minus_reference,False
1,logistic_motion_logistic_anomaly,condition_first_use,post_window_recurring,accept,accepted,1,-6.3699,-6.3699,-6.3699,-6.3699,-6.3699,candidate_minus_reference,False
1,logistic_motion_logistic_anomaly,condition_first_use,pre_tag_quality_refusal,reject,data_quality_failure,1,0.2409,0.2409,0.2409,0.2409,0.2409,candidate_minus_reference,False
1,logistic_motion_logistic_anomaly,condition_first_use,valid_receiver_after_bad_tag,accept,accepted,1,-2.3803,-2.3803,-2.3803,-2.3803,-2.3803,candidate_minus_reference,False
1,logistic_motion_logistic_anomaly,measured,bad_tag_receiver,reject,invalid_tag,119,0.14307394957983194,0.1243,0.6598699999999995,-0.8854,1.4627,candidate_minus_reference,False
1,logistic_motion_logistic_anomaly,measured,exact_replay_receiver,reject,duplicate_sequence,119,-4.421733613445378,-4.4163,-2.90036,-6.7595,-1.4606,candidate_minus_reference,False
1,logistic_motion_logistic_anomaly,measured,fresh_to_first_window,accept,accepted,119,-7.813448739495798,-7.6742,-2.290300000000007,-22.332,7.9972,candidate_minus_reference,False
1,logistic_motion_logistic_anomaly,measured,fresh_to_first_window,reject,failed_reconstruction,1,34.2375,34.2375,34.2375,34.2375,34.2375,candidate_minus_reference,False
1,logistic_motion_logistic_anomaly,measured,malformed_json_receiver,reject,malformed_message,119,0.004933613445378152,-0.0012,0.06553999999999995,-0.0511,0.1584,candidate_minus_reference,False
1,logistic_motion_logistic_anomaly,measured,post_window_after_refusals,accept,accepted,119,-7.317553781512605,-8.0266,-3.6956800000000025,-11.0383,42.0459,candidate_minus_reference,False
1,logistic_motion_logistic_anomaly,measured,post_window_recurring,accept,accepted,119,-9.01527899159664,-8.6377,-5.519560000000001,-19.0304,-3.1946,candidate_minus_reference,False
1,logistic_motion_logistic_anomaly,measured,pre_tag_quality_refusal,reject,data_quality_failure,119,0.2149268907563025,0.1557,0.8054399999999997,-0.3465,1.2868,candidate_minus_reference,False
1,logistic_motion_logistic_anomaly,measured,valid_receiver_after_bad_tag,accept,accepted,119,-4.273925210084033,-4.1718,-1.33554,-11.8451,0.0015,candidate_minus_reference,False
1,logistic_motion_logistic_anomaly,sustained,post_window_recurring,accept,accepted,64,-3.2323625,-4.03575,3.2802549999999964,-9.0972,4.8846,candidate_minus_reference,False
1,logistic_motion_logistic_anomaly,warmup,bad_tag_receiver,reject,invalid_tag,29,0.09819310344827585,-0.0009,0.35947999999999997,-0.295,1.6001,candidate_minus_reference,False
1,logistic_motion_logistic_anomaly,warmup,exact_replay_receiver,reject,duplicate_sequence,29,-4.659844827586206,-4.5324,-3.1349400000000007,-9.0279,-2.7585,candidate_minus_reference,False
1,logistic_motion_logistic_anomaly,warmup,fresh_to_first_window,accept,accepted,29,-9.301813793103449,-8.698,-4.705680000000002,-21.4169,-3.5471,candidate_minus_reference,False
1,logistic_motion_logistic_anomaly,warmup,malformed_json_receiver,reject,malformed_message,29,-0.008993103448275863,-0.0132,0.03802,-0.1111,0.0421,candidate_minus_reference,False
1,logistic_motion_logistic_anomaly,warmup,post_window_after_refusals,accept,accepted,29,-7.567927586206896,-7.6583,-4.962520000000001,-10.5003,-4.4556,candidate_minus_reference,False
1,logistic_motion_logistic_anomaly,warmup,post_window_recurring,accept,accepted,29,-8.907668965517242,-9.2904,-7.09904,-11.4643,-5.8795,candidate_minus_reference,False
1,logistic_motion_logistic_anomaly,warmup,pre_tag_quality_refusal,reject,data_quality_failure,29,-0.03206896551724138,0.0204,0.4337999999999999,-1.1312,0.7027,candidate_minus_reference,False
1,logistic_motion_logistic_anomaly,warmup,valid_receiver_after_bad_tag,accept,accepted,29,-4.913175862068965,-4.6783,-3.1162600000000005,-10.7644,-2.7781,candidate_minus_reference,False
1,snn32_seed7_forest_anomaly,condition_first_use,bad_tag_receiver,reject,invalid_tag,1,-0.2047,-0.2047,-0.2047,-0.2047,-0.2047,candidate_minus_reference,False
1,snn32_seed7_forest_anomaly,condition_first_use,exact_replay_receiver,reject,duplicate_sequence,1,-3.5295,-3.5295,-3.5295,-3.5295,-3.5295,candidate_minus_reference,False
1,snn32_seed7_forest_anomaly,condition_first_use,fresh_to_first_window,accept,accepted,1,188.6542,188.6542,188.6542,188.6542,188.6542,candidate_minus_reference,False
1,snn32_seed7_forest_anomaly,condition_first_use,malformed_json_receiver,reject,malformed_message,1,-0.0464,-0.0464,-0.0464,-0.0464,-0.0464,candidate_minus_reference,False
1,snn32_seed7_forest_anomaly,condition_first_use,post_window_after_refusals,accept,accepted,1,-12.795,-12.795,-12.795,-12.795,-12.795,candidate_minus_reference,False
1,snn32_seed7_forest_anomaly,condition_first_use,post_window_recurring,accept,accepted,1,-11.0149,-11.0149,-11.0149,-11.0149,-11.0149,candidate_minus_reference,False
1,snn32_seed7_forest_anomaly,condition_first_use,pre_tag_quality_refusal,reject,data_quality_failure,1,-0.0385,-0.0385,-0.0385,-0.0385,-0.0385,candidate_minus_reference,False
1,snn32_seed7_forest_anomaly,condition_first_use,valid_receiver_after_bad_tag,accept,accepted,1,-7.5691,-7.5691,-7.5691,-7.5691,-7.5691,candidate_minus_reference,False
1,snn32_seed7_forest_anomaly,measured,bad_tag_receiver,reject,invalid_tag,119,0.15744705882352938,0.1251,0.5899199999999996,-1.4558,0.8359,candidate_minus_reference,False
1,snn32_seed7_forest_anomaly,measured,exact_replay_receiver,reject,duplicate_sequence,119,-3.6077714285714286,-3.2869,-2.4516000000000004,-8.5838,-1.3505,candidate_minus_reference,False
1,snn32_seed7_forest_anomaly,measured,fresh_to_first_window,accept,accepted,119,-8.234278151260504,-7.3302,3.0973499999999943,-32.1573,13.227,candidate_minus_reference,False
1,snn32_seed7_forest_anomaly,measured,fresh_to_first_window,reject,failed_reconstruction,1,0.1389,0.1389,0.1389,0.1389,0.1389,candidate_minus_reference,False
1,snn32_seed7_forest_anomaly,measured,malformed_json_receiver,reject,malformed_message,119,-0.001473109243697479,-0.0028,0.09807,-0.2375,0.158,candidate_minus_reference,False
1,snn32_seed7_forest_anomaly,measured,post_window_after_refusals,accept,accepted,119,-7.5099865546218485,-6.0873,-0.17669000000000215,-39.059,8.1234,candidate_minus_reference,False
1,snn32_seed7_forest_anomaly,measured,post_window_recurring,accept,accepted,119,-7.800447899159664,-7.7273,0.2889999999999995,-18.6958,12.0583,candidate_minus_reference,False
1,snn32_seed7_forest_anomaly,measured,pre_tag_quality_refusal,reject,data_quality_failure,119,0.12545210084033614,0.0853,1.1818499999999996,-1.4102,1.9367,candidate_minus_reference,False
1,snn32_seed7_forest_anomaly,measured,valid_receiver_after_bad_tag,accept,accepted,119,0.12322605042016807,0.6159,4.71627,-22.9214,17.6465,candidate_minus_reference,False
1,snn32_seed7_forest_anomaly,sustained,post_window_recurring,accept,accepted,64,-6.90865,-5.9115,-2.825400000000002,-37.298,11.491,candidate_minus_reference,False
1,snn32_seed7_forest_anomaly,warmup,bad_tag_receiver,reject,invalid_tag,29,0.3023241379310345,0.3126,0.6831199999999995,-0.5801,0.7829,candidate_minus_reference,False
1,snn32_seed7_forest_anomaly,warmup,exact_replay_receiver,reject,duplicate_sequence,29,-3.2080379310344824,-3.0028,-1.69618,-6.4277,-1.2936,candidate_minus_reference,False
1,snn32_seed7_forest_anomaly,warmup,fresh_to_first_window,accept,accepted,29,-4.996882758620689,-5.7157,-0.6447400000000004,-9.6457,0.1022,candidate_minus_reference,False
1,snn32_seed7_forest_anomaly,warmup,malformed_json_receiver,reject,malformed_message,29,0.012620689655172414,0.0107,0.07417999999999998,-0.1009,0.1029,candidate_minus_reference,False
1,snn32_seed7_forest_anomaly,warmup,post_window_after_refusals,accept,accepted,29,-2.028031034482759,-1.5045,10.776359999999997,-24.3916,11.8777,candidate_minus_reference,False
1,snn32_seed7_forest_anomaly,warmup,post_window_recurring,accept,accepted,29,-5.393968965517241,-5.7294,-1.1046400000000005,-9.7358,1.1047,candidate_minus_reference,False
1,snn32_seed7_forest_anomaly,warmup,pre_tag_quality_refusal,reject,data_quality_failure,29,0.4413206896551724,0.5314,1.2133799999999997,-0.6747,1.2503,candidate_minus_reference,False
1,snn32_seed7_forest_anomaly,warmup,valid_receiver_after_bad_tag,accept,accepted,29,4.008037931034482,4.8451,10.828359999999998,-11.1905,11.3368,candidate_minus_reference,False
