phase,sweep_index,measurement_noise_std,evaluator_error_count63,attempt_count,success_count,failure_count,success_rate,frr,decoder_failures,invalid_format,miscorrections,mean_ber63,mean_ber64,error_count_distribution,latency_sample_count,latency_mean_ns,latency_median_ns,latency_p95_ns,latency_max_ns
baseline,,0.1,1,3109,3109,0,1.0,0.0,0,0,0,0.015873015873015872,0.016268293663557414,"{""1"": 3109}",3109,1275314.9887423608,1096500,2193220.0,7278400
baseline,,0.1,4,1115,1115,0,1.0,0.0,0,0,0,0.06349206349206349,0.06292040358744394,"{""4"": 1115}",1115,1419402.1524663677,1193500,2488939.9999999995,16622600
baseline,,0.1,3,2174,2174,0,1.0,0.0,0,0,0,0.047619047619047616,0.04751466191352346,"{""3"": 2174}",2174,1350045.3541858327,1151850.0,2344440.0,5630700
baseline,,0.1,2,3292,3292,0,1.0,0.0,0,0,0,0.031746031746031744,0.031876518833535844,"{""2"": 3292}",3292,1313263.304981774,1108450.0,2294744.999999999,7385600
baseline,,0.1,6,159,0,159,0.0,1.0,153,5,1,0.09523809523809523,0.09433962264150944,"{""6"": 159}",159,1264564.1509433961,1066500,2213759.9999999995,5863000
baseline,,0.1,5,455,455,0,1.0,0.0,0,0,0,0.07936507936507936,0.0787087912087912,"{""5"": 455}",455,1473211.6483516484,1213500,2656990.0,6253500
baseline,,0.1,0,1660,1660,0,1.0,0.0,0,0,0,0.0,0.000574171686746988,"{""0"": 1660}",1660,189618.97590361445,172750.0,288320.0,723600
baseline,,0.1,7,27,0,27,0.0,1.0,24,2,1,0.1111111111111111,0.1099537037037037,"{""7"": 27}",27,1389918.5185185184,1088000,2862810.0,3152400
baseline,,0.1,8,7,0,7,0.0,1.0,7,0,0,0.12698412698412698,0.125,"{""8"": 7}",7,1070471.4285714286,906000,1748659.999999999,2101100
baseline,,0.1,11,1,0,1,0.0,1.0,1,0,0,0.1746031746031746,0.171875,"{""11"": 1}",1,2163700,2163700,2163700.0,2163700
baseline,,0.1,10,1,0,1,0.0,1.0,1,0,0,0.15873015873015872,0.15625,"{""10"": 1}",1,850500,850500,850500.0,850500
noise_sweep,0,0.0,0,12000,12000,0,1.0,0.0,0,0,0,0.0,0.0,"{""0"": 12000}",12000,163935.05,145000.0,251000.0,1255100
noise_sweep,1,0.05,1,4317,4317,0,1.0,0.0,0,0,0,0.015873015873015872,0.01597608292795923,"{""1"": 4317}",4317,1232238.475793375,1041900,2065720.0,4607900
noise_sweep,1,0.05,0,4428,4428,0,1.0,0.0,0,0,0,0.0,0.0003846262420957543,"{""0"": 4428}",4428,182120.77687443543,163900.0,282064.99999999994,829600
noise_sweep,1,0.05,2,2220,2220,0,1.0,0.0,0,0,0,0.031746031746031744,0.03162302927927928,"{""2"": 2220}",2220,1263919.009009009,1076600.0,2134740.0,3763500
noise_sweep,1,0.05,3,806,806,0,1.0,0.0,0,0,0,0.047619047619047616,0.04708824441687345,"{""3"": 806}",806,1262911.5384615385,1092100.0,2077200.0,3513400
noise_sweep,1,0.05,4,189,189,0,1.0,0.0,0,0,0,0.06349206349206349,0.06283068783068783,"{""4"": 189}",189,1287152.91005291,1140700,2106840.0,3930700
noise_sweep,1,0.05,5,37,37,0,1.0,0.0,0,0,0,0.07936507936507936,0.078125,"{""5"": 37}",37,1404124.3243243243,1180700,2401519.9999999995,2880100
noise_sweep,1,0.05,6,3,0,3,0.0,1.0,3,0,0,0.09523809523809523,0.09375,"{""6"": 3}",3,829500,829400,832010.0,832300
noise_sweep,2,0.1,3,2190,2190,0,1.0,0.0,0,0,0,0.047619047619047616,0.04739583333333333,"{""3"": 2190}",2190,1315978.7214611871,1120050.0,2279584.999999998,8727700
noise_sweep,2,0.1,5,447,447,0,1.0,0.0,0,0,0,0.07936507936507936,0.07878914988814317,"{""5"": 447}",447,1452386.8008948546,1196000,2701459.9999999995,4466900
noise_sweep,2,0.1,4,1094,1094,0,1.0,0.0,0,0,0,0.06349206349206349,0.06309986288848263,"{""4"": 1094}",1094,1380598.0804387568,1181900.0,2396129.9999999986,5131100
noise_sweep,2,0.1,2,3198,3198,0,1.0,0.0,0,0,0,0.031746031746031744,0.03185584740462789,"{""2"": 3198}",3198,1241583.5209505942,1067100.0,2099749.9999999995,6897600
noise_sweep,2,0.1,1,3235,3235,0,1.0,0.0,0,0,0,0.015873015873015872,0.01633500772797527,"{""1"": 3235}",3235,1187425.316846986,1018300,2001919.9999999993,4636600
noise_sweep,2,0.1,0,1651,1651,0,1.0,0.0,0,0,0,0.0,0.0005299818291944276,"{""0"": 1651}",1651,183987.0381586917,166700,287300.0,750700
noise_sweep,2,0.1,6,136,0,136,0.0,1.0,126,5,5,0.09523809523809523,0.09432444852941177,"{""6"": 136}",136,1248089.705882353,1039000.0,2292550.0,2989100
noise_sweep,2,0.1,7,44,0,44,0.0,1.0,44,0,0,0.1111111111111111,0.10973011363636363,"{""7"": 44}",44,1231277.2727272727,1013450.0,2244540.0,2839100
noise_sweep,2,0.1,8,3,0,3,0.0,1.0,3,0,0,0.12698412698412698,0.125,"{""8"": 3}",3,1432400,1602900,1744200.0,1759900
noise_sweep,2,0.1,9,2,0,2,0.0,1.0,2,0,0,0.14285714285714285,0.140625,"{""9"": 2}",2,1313600,1313600.0,1714550.0,1759100
noise_sweep,3,0.25,8,748,0,748,0.0,1.0,700,33,15,0.12698412698412698,0.12646223262032086,"{""8"": 748}",748,1075212.165775401,942400.0,1745425.0,3846600
noise_sweep,3,0.25,7,1174,0,1174,0.0,1.0,1138,24,12,0.1111111111111111,0.11078577512776831,"{""7"": 1174}",1174,1112140.7155025555,961750.0,1935804.999999999,3169300
noise_sweep,3,0.25,3,1717,1717,0,1.0,0.0,0,0,0,0.047619047619047616,0.048221825859056495,"{""3"": 1717}",1717,1252521.9569015724,1070100,2077239.9999999995,3988800
noise_sweep,3,0.25,5,2252,2252,0,1.0,0.0,0,0,0,0.07936507936507936,0.07943633436944939,"{""5"": 2252}",2252,1326599.2895204262,1140950.0,2228974.999999998,6764300
noise_sweep,3,0.25,11,85,0,85,0.0,1.0,78,6,1,0.1746031746031746,0.17352941176470588,"{""11"": 85}",85,1092455.294117647,963400,1831719.9999999998,3060300
noise_sweep,3,0.25,6,1769,0,1769,0.0,1.0,1710,32,27,0.09523809523809523,0.09506606840022612,"{""6"": 1769}",1769,1118662.9169022047,960600,1894839.9999999998,7975500
noise_sweep,3,0.25,10,204,0,204,0.0,1.0,193,7,4,0.15873015873015872,0.15755208333333334,"{""10"": 204}",204,1102475.9803921569,975400.0,1850164.9999999998,3041400
noise_sweep,3,0.25,4,2169,2169,0,1.0,0.0,0,0,0,0.06349206349206349,0.06391914476717381,"{""4"": 2169}",2169,1270369.8939603504,1079500,2142479.9999999995,5290200
noise_sweep,3,0.25,1,422,422,0,1.0,0.0,0,0,0,0.015873015873015872,0.01636552132701422,"{""1"": 422}",422,1218542.1800947867,1032850.0,2076955.0,2947800
noise_sweep,3,0.25,9,372,0,372,0.0,1.0,354,9,9,0.14285714285714285,0.14196908602150538,"{""9"": 372}",372,1124451.0752688171,945600.0,1913974.9999999993,3566500
noise_sweep,3,0.25,2,982,982,0,1.0,0.0,0,0,0,0.031746031746031744,0.03266611507128309,"{""2"": 982}",982,1236633.2993890021,1061550.0,2088069.9999999998,3366900
noise_sweep,3,0.25,0,68,68,0,1.0,0.0,0,0,0,0.0,0.001608455882352941,"{""0"": 68}",68,189638.23529411765,179600.0,268805.0,328900
noise_sweep,3,0.25,12,29,0,29,0.0,1.0,28,1,0,0.19047619047619047,0.1896551724137931,"{""12"": 29}",29,1012748.275862069,900700,1434099.9999999998,1675400
noise_sweep,3,0.25,13,7,0,7,0.0,1.0,5,1,1,0.20634920634920634,0.203125,"{""13"": 7}",7,1022071.4285714285,968100,1328070.0,1366800
noise_sweep,3,0.25,14,1,0,1,0.0,1.0,1,0,0,0.2222222222222222,0.21875,"{""14"": 1}",1,1322600,1322600,1322600.0,1322600
noise_sweep,3,0.25,15,1,0,1,0.0,1.0,1,0,0,0.23809523809523808,0.25,"{""15"": 1}",1,828200,828200,828200.0,828200
noise_sweep,4,0.5,14,440,0,440,0.0,1.0,415,18,7,0.2222222222222222,0.22123579545454544,"{""14"": 440}",440,1101513.6363636365,926250.0,1915194.9999999998,3291100
noise_sweep,4,0.5,9,1662,0,1662,0.0,1.0,1574,63,25,0.14285714285714285,0.14322916666666666,"{""9"": 1662}",1662,1138900.5415162456,968750.0,1917644.9999999995,3791400
noise_sweep,4,0.5,13,686,0,686,0.0,1.0,643,27,16,0.20634920634920634,0.20535714285714285,"{""13"": 686}",686,1128041.5451895043,958750.0,1919175.0,4005200
noise_sweep,4,0.5,10,1636,0,1636,0.0,1.0,1558,45,33,0.15873015873015872,0.1586854370415648,"{""10"": 1636}",1636,1123028.8508557456,943800.0,1923375.0,4207500
noise_sweep,4,0.5,12,996,0,996,0.0,1.0,946,37,13,0.19047619047619047,0.18971197289156627,"{""12"": 996}",996,1127401.6064257028,957550.0,1993025.0,3460200
noise_sweep,4,0.5,7,1334,0,1334,0.0,1.0,1288,23,23,0.1111111111111111,0.11155359820089955,"{""7"": 1334}",1334,1142218.0659670164,960450.0,2024105.0,3847200
noise_sweep,4,0.5,11,1335,0,1335,0.0,1.0,1267,53,15,0.1746031746031746,0.17447331460674156,"{""11"": 1335}",1335,1144847.490636704,970800,1962030.0,7862900
noise_sweep,4,0.5,4,258,258,0,1.0,0.0,0,0,0,0.06349206349206349,0.0650436046511628,"{""4"": 258}",258,1302903.100775194,1105950.0,2330084.9999999986,3929800
noise_sweep,4,0.5,8,1570,0,1570,0.0,1.0,1496,37,37,0.12698412698412698,0.12737858280254777,"{""8"": 1570}",1570,1123313.6305732485,955150.0,1976210.0,3277100
noise_sweep,4,0.5,16,138,0,138,0.0,1.0,128,6,4,0.25396825396825395,0.2519248188405797,"{""16"": 138}",138,1152744.2028985508,988050.0,1920525.0000000005,3259100
noise_sweep,4,0.5,17,65,0,65,0.0,1.0,59,5,1,0.2698412698412698,0.26778846153846153,"{""17"": 65}",65,1181420,970200,2228239.9999999995,3478300
noise_sweep,4,0.5,15,230,0,230,0.0,1.0,216,9,5,0.23809523809523808,0.23675271739130435,"{""15"": 230}",230,1142235.2173913044,942600.0,1984204.9999999998,2941800
noise_sweep,4,0.5,6,940,0,940,0.0,1.0,910,16,14,0.09523809523809523,0.09634308510638298,"{""6"": 940}",940,1129511.3829787234,950650.0,1941729.9999999998,3670900
noise_sweep,4,0.5,5,525,525,0,1.0,0.0,0,0,0,0.07936507936507936,0.08077380952380953,"{""5"": 525}",525,1352751.4285714286,1170400,2221680.0,5732400
noise_sweep,4,0.5,20,6,0,6,0.0,1.0,6,0,0,0.31746031746031744,0.3125,"{""20"": 6}",6,1045733.3333333334,865550.0,1476050.0,1486700
noise_sweep,4,0.5,2,30,30,0,1.0,0.0,0,0,0,0.031746031746031744,0.03333333333333333,"{""2"": 30}",30,1225356.6666666667,1066300.0,1808624.9999999998,2077500
noise_sweep,4,0.5,3,87,87,0,1.0,0.0,0,0,0,0.047619047619047616,0.048670977011494254,"{""3"": 87}",87,1346742.528735632,1119900,2250930.0,4825400
noise_sweep,4,0.5,1,11,11,0,1.0,0.0,0,0,0,0.015873015873015872,0.015625,"{""1"": 11}",11,1375272.7272727273,918300,2626450.0,2895000
noise_sweep,4,0.5,18,35,0,35,0.0,1.0,31,3,1,0.2857142857142857,0.28214285714285714,"{""18"": 35}",35,1195708.5714285714,980500,2657999.9999999995,2794500
noise_sweep,4,0.5,19,14,0,14,0.0,1.0,14,0,0,0.30158730158730157,0.3013392857142857,"{""19"": 14}",14,1309150,1038450.0,2478369.9999999995,2992000
noise_sweep,4,0.5,22,1,0,1,0.0,1.0,1,0,0,0.3492063492063492,0.34375,"{""22"": 1}",1,1188500,1188500,1188500.0,1188500
noise_sweep,4,0.5,0,1,1,0,1.0,0.0,0,0,0,0.0,0.0,"{""0"": 1}",1,242900,242900,242900.0,242900
noise_sweep,5,1.0,12,729,0,729,0.0,1.0,699,23,7,0.19047619047619047,0.19195816186556927,"{""12"": 729}",729,1144413.0315500686,984100,1988640.0,3544100
noise_sweep,5,1.0,15,1414,0,1414,0.0,1.0,1323,70,21,0.23809523809523808,0.2385519801980198,"{""15"": 1414}",1414,1130641.513437058,981150.0,1944454.9999999993,4838700
noise_sweep,5,1.0,14,1191,0,1191,0.0,1.0,1112,60,19,0.2222222222222222,0.22284319899244331,"{""14"": 1191}",1191,1138937.5314861462,987700,1962600.0,4076100
noise_sweep,5,1.0,19,898,0,898,0.0,1.0,850,40,8,0.30158730158730157,0.30068555122494434,"{""19"": 898}",898,1114080.1781737194,969550.0,1947069.9999999995,3249200
noise_sweep,5,1.0,17,1283,0,1283,0.0,1.0,1220,50,13,0.2698412698412698,0.26977786438035856,"{""17"": 1283}",1283,1109622.1356196415,970200,1855089.9999999986,4285700
noise_sweep,5,1.0,13,1115,0,1115,0.0,1.0,1034,53,28,0.20634920634920634,0.2071048206278027,"{""13"": 1115}",1115,1147058.1165919283,1001700,1951849.9999999998,2792000
noise_sweep,5,1.0,16,1367,0,1367,0.0,1.0,1292,62,13,0.25396825396825395,0.25400054864667154,"{""16"": 1367}",1367,1123613.021214338,975400,1877970.0,3557500
noise_sweep,5,1.0,20,646,0,646,0.0,1.0,607,32,7,0.31746031746031744,0.31636996904024767,"{""20"": 646}",646,1104313.3126934986,963350.0,1945475.0,3401200
noise_sweep,5,1.0,18,1106,0,1106,0.0,1.0,1049,45,12,0.2857142857142857,0.2850361663652803,"{""18"": 1106}",1106,1121529.8372513563,985850.0,1865400.0,3685900
noise_sweep,5,1.0,11,513,0,513,0.0,1.0,473,22,18,0.1746031746031746,0.175682261208577,"{""11"": 513}",513,1144406.432748538,995400,2029739.9999999998,3115600
noise_sweep,5,1.0,10,333,0,333,0.0,1.0,323,5,5,0.15873015873015872,0.1596753003003003,"{""10"": 333}",333,1173482.2822822824,1028300,2052839.999999999,3146900
noise_sweep,5,1.0,23,154,0,154,0.0,1.0,145,9,0,0.36507936507936506,0.36343344155844154,"{""23"": 154}",154,1136484.4155844157,994550.0,1784889.9999999998,3172900
noise_sweep,5,1.0,7,49,0,49,0.0,1.0,47,2,0,0.1111111111111111,0.11352040816326531,"{""7"": 49}",49,1139116.3265306123,984800,1827339.9999999993,2613200
noise_sweep,5,1.0,21,475,0,475,0.0,1.0,454,18,3,0.3333333333333333,0.3324013157894737,"{""21"": 475}",475,1093472.2105263157,925100,1932089.9999999995,3718200
noise_sweep,5,1.0,22,263,0,263,0.0,1.0,252,10,1,0.3492063492063492,0.34796815589353614,"{""22"": 263}",263,1147088.5931558935,1020600,1847499.9999999998,2775300
noise_sweep,5,1.0,9,178,0,178,0.0,1.0,171,5,2,0.14285714285714285,0.14404845505617977,"{""9"": 178}",178,1114417.4157303371,993850.0,1825855.0,2225500
noise_sweep,5,1.0,24,105,0,105,0.0,1.0,100,4,1,0.38095238095238093,0.3773809523809524,"{""24"": 105}",105,1096620.9523809524,950500,1888400.0,2166500
noise_sweep,5,1.0,6,18,0,18,0.0,1.0,17,1,0,0.09523809523809523,0.09635416666666667,"{""6"": 18}",18,1298261.111111111,1274650.0,1867734.9999999995,2094600
noise_sweep,5,1.0,8,84,0,84,0.0,1.0,81,1,2,0.12698412698412698,0.12834821428571427,"{""8"": 84}",84,1137836.9047619049,980600.0,1954704.9999999998,2328200
noise_sweep,5,1.0,26,18,0,18,0.0,1.0,18,0,0,0.4126984126984127,0.4157986111111111,"{""26"": 18}",18,1190666.6666666667,1172850.0,1751894.9999999988,2448300
noise_sweep,5,1.0,25,44,0,44,0.0,1.0,42,2,0,0.3968253968253968,0.39453125,"{""25"": 44}",44,1153556.8181818181,975400.0,2264440.0,3219500
noise_sweep,5,1.0,30,1,0,1,0.0,1.0,1,0,0,0.47619047619047616,0.46875,"{""30"": 1}",1,880900,880900,880900.0,880900
noise_sweep,5,1.0,28,5,0,5,0.0,1.0,5,0,0,0.4444444444444444,0.440625,"{""28"": 5}",5,1165580,859800,1948160.0,2134600
noise_sweep,5,1.0,29,3,0,3,0.0,1.0,3,0,0,0.4603174603174603,0.453125,"{""29"": 3}",3,701733.3333333334,807900,1135680.0,1172100
noise_sweep,5,1.0,5,3,3,0,1.0,0.0,0,0,0,0.07936507936507936,0.078125,"{""5"": 3}",3,1410933.3333333333,1520500,1613290.0,1623600
noise_sweep,5,1.0,27,5,0,5,0.0,1.0,5,0,0,0.42857142857142855,0.428125,"{""27"": 5}",5,1209580,907100,2192920.0,2498400
