phase,sweep_index,measurement_noise_std,simulation_seed,attempt_count,success_count,failure_count,success_rate,frr,decoder_failures,invalid_format,miscorrections,mean_ber63,mean_ber64,error_count_distribution,latency_sample_count,latency_mean_ns,latency_median_ns,latency_p95_ns,latency_max_ns
baseline,,0.1,1111,600,595,5,0.9916666666666667,0.008333333333333333,5,0,0,0.03148148148148148,0.031015625,"{""0"": 68, ""1"": 160, ""2"": 181, ""3"": 120, ""4"": 52, ""5"": 14, ""6"": 5}",600,1052593.5,1004000.0,1745580.0,3842600
baseline,,0.1,1122,600,594,6,0.99,0.01,6,0,0,0.030052910052910053,0.032239583333333335,"{""0"": 85, ""1"": 180, ""2"": 162, ""3"": 97, ""4"": 48, ""5"": 22, ""6"": 4, ""7"": 1, ""8"": 1}",600,1134569.5,1059050.0,2052860.0,3534500
baseline,,0.1,1234,600,599,1,0.9983333333333333,0.0016666666666666668,1,0,0,0.023994708994708996,0.024661458333333334,"{""0"": 124, ""1"": 198, ""2"": 168, ""3"": 75, ""4"": 28, ""5"": 6, ""6"": 1}",600,942337.6666666666,953800.0,1641119.9999999998,3153200
baseline,,0.1,2121,600,589,11,0.9816666666666667,0.018333333333333333,11,0,0,0.030582010582010582,0.030130208333333332,"{""0"": 78, ""1"": 188, ""2"": 173, ""3"": 76, ""4"": 50, ""5"": 24, ""6"": 7, ""7"": 3, ""11"": 1}",600,1647188,1440200.0,3128759.9999999995,16622600
baseline,,0.1,2222,600,596,4,0.9933333333333333,0.006666666666666667,3,0,1,0.027936507936507936,0.028854166666666667,"{""0"": 129, ""1"": 151, ""2"": 154, ""3"": 93, ""4"": 51, ""5"": 18, ""6"": 4}",600,1671894,1806800.0,2809799.999999998,7385600
baseline,,0.1,2391,600,587,13,0.9783333333333334,0.021666666666666667,11,2,0,0.034312169312169315,0.033828125,"{""0"": 63, ""1"": 144, ""2"": 173, ""3"": 124, ""4"": 60, ""5"": 23, ""6"": 11, ""7"": 2}",600,1487028.5,1517100.0,2631455.0,4842100
baseline,,0.1,3232,600,592,8,0.9866666666666667,0.013333333333333334,8,0,0,0.029312169312169314,0.028854166666666667,"{""0"": 124, ""1"": 162, ""2"": 134, ""3"": 85, ""4"": 62, ""5"": 25, ""6"": 7, ""8"": 1}",600,934544.6666666666,944300.0,1672859.9999999995,3379400
baseline,,0.1,3333,600,590,10,0.9833333333333333,0.016666666666666666,9,1,0,0.03531746031746032,0.034765625,"{""0"": 58, ""1"": 142, ""2"": 165, ""3"": 126, ""4"": 72, ""5"": 27, ""6"": 8, ""7"": 2}",600,1116842,1002200.0,2047454.9999999984,2968900
baseline,,0.1,4321,600,597,3,0.995,0.005,3,0,0,0.030767195767195766,0.0309375,"{""0"": 66, ""1"": 167, ""2"": 198, ""3"": 100, ""4"": 48, ""5"": 18, ""6"": 3}",600,1069788.1666666667,1006000.0,1789249.9999999998,3183900
baseline,,0.1,4433,600,593,7,0.9883333333333333,0.011666666666666667,6,1,0,0.02232804232804233,0.022630208333333332,"{""0"": 198, ""1"": 170, ""2"": 113, ""3"": 59, ""4"": 36, ""5"": 17, ""6"": 7}",600,1254011.3333333333,1544100.0,2319995.0,3782800
baseline,,0.1,4444,600,585,15,0.975,0.025,14,1,0,0.032857142857142856,0.03276041666666667,"{""0"": 73, ""1"": 164, ""2"": 166, ""3"": 107, ""4"": 45, ""5"": 30, ""6"": 12, ""7"": 1, ""8"": 2}",600,1142073.8333333333,1080000.0,2052519.9999999993,4425900
baseline,,0.1,5426,600,586,14,0.9766666666666667,0.023333333333333334,14,0,0,0.033095238095238094,0.03338541666666667,"{""0"": 68, ""1"": 171, ""2"": 149, ""3"": 123, ""4"": 49, ""5"": 26, ""6"": 11, ""7"": 3}",600,1066263.8333333333,1011050.0,1751244.9999999998,3408000
baseline,,0.1,5555,600,591,9,0.985,0.015,9,0,0,0.03428571428571429,0.03390625,"{""0"": 60, ""1"": 138, ""2"": 183, ""3"": 127, ""4"": 59, ""5"": 24, ""6"": 8, ""7"": 1}",600,1115238.6666666667,1019650.0,2017324.9999999993,3564000
baseline,,0.1,6543,600,586,14,0.9766666666666667,0.023333333333333334,12,1,1,0.03433862433862434,0.035182291666666664,"{""0"": 62, ""1"": 146, ""2"": 170, ""3"": 127, ""4"": 60, ""5"": 21, ""6"": 12, ""7"": 2}",600,1093249.3333333333,1036100.0,1818169.9999999998,4019800
baseline,,0.1,6666,600,590,10,0.9833333333333333,0.016666666666666666,10,0,0,0.03044973544973545,0.030130208333333332,"{""0"": 130, ""1"": 133, ""2"": 140, ""3"": 97, ""4"": 66, ""5"": 24, ""6"": 7, ""7"": 3}",600,1004247.5,945200.0,2045294.9999999995,3842500
baseline,,0.1,7654,600,585,15,0.975,0.025,15,0,0,0.03695767195767196,0.037734375,"{""0"": 51, ""1"": 134, ""2"": 158, ""3"": 144, ""4"": 69, ""5"": 29, ""6"": 12, ""7"": 2, ""8"": 1}",600,1160568.5,1008350.0,2078614.9999999998,3155400
baseline,,0.1,7777,600,577,23,0.9616666666666667,0.03833333333333333,23,0,0,0.042645502645502646,0.042317708333333336,"{""0"": 30, ""1"": 84, ""2"": 180, ""3"": 151, ""4"": 92, ""5"": 40, ""6"": 18, ""7"": 3, ""8"": 1, ""10"": 1}",600,1133218.3333333333,998350.0,1846189.9999999995,4808000
baseline,,0.1,8231,600,596,4,0.9933333333333333,0.006666666666666667,4,0,0,0.034126984126984124,0.03359375,"{""0"": 52, ""1"": 143, ""2"": 192, ""3"": 119, ""4"": 68, ""5"": 22, ""6"": 4}",600,1160912.3333333333,1012600.0,2284374.9999999986,3427700
baseline,,0.1,8888,600,584,16,0.9733333333333334,0.02666666666666667,15,1,0,0.032645502645502644,0.033125,"{""0"": 72, ""1"": 156, ""2"": 183, ""3"": 104, ""4"": 46, ""5"": 23, ""6"": 12, ""7"": 3, ""8"": 1}",600,1080915.3333333333,995450.0,1989799.9999999981,2947900
baseline,,0.1,9999,600,593,7,0.9883333333333333,0.011666666666666667,7,0,0,0.03193121693121693,0.03145833333333333,"{""0"": 69, ""1"": 178, ""2"": 150, ""3"": 120, ""4"": 54, ""5"": 22, ""6"": 6, ""7"": 1}",600,1132563.1666666667,1022800.0,2135439.9999999986,3106200
noise_sweep,0,0.0,1111,600,600,0,1.0,0.0,0,0,0,0.0,0.0,"{""0"": 600}",600,157964.66666666666,142550.0,249709.9999999998,419000
noise_sweep,0,0.0,1122,600,600,0,1.0,0.0,0,0,0,0.0,0.0,"{""0"": 600}",600,168427.83333333334,147050.0,260854.99999999968,389900
noise_sweep,0,0.0,1234,600,600,0,1.0,0.0,0,0,0,0.0,0.0,"{""0"": 600}",600,155702.83333333334,141550.0,224359.99999999994,496500
noise_sweep,0,0.0,2121,600,600,0,1.0,0.0,0,0,0,0.0,0.0,"{""0"": 600}",600,158302.83333333334,142450.0,228424.99999999997,549500
noise_sweep,0,0.0,2222,600,600,0,1.0,0.0,0,0,0,0.0,0.0,"{""0"": 600}",600,174329.5,153950.0,256504.9999999999,640100
noise_sweep,0,0.0,2391,600,600,0,1.0,0.0,0,0,0,0.0,0.0,"{""0"": 600}",600,173022,155700.0,256924.99999999997,550800
noise_sweep,0,0.0,3232,600,600,0,1.0,0.0,0,0,0,0.0,0.0,"{""0"": 600}",600,157049.33333333334,141200.0,236364.99999999985,527100
noise_sweep,0,0.0,3333,600,600,0,1.0,0.0,0,0,0,0.0,0.0,"{""0"": 600}",600,157736.83333333334,141800.0,236110.0,353200
noise_sweep,0,0.0,4321,600,600,0,1.0,0.0,0,0,0,0.0,0.0,"{""0"": 600}",600,165468.16666666666,145950.0,251069.99999999994,715400
noise_sweep,0,0.0,4433,600,600,0,1.0,0.0,0,0,0,0.0,0.0,"{""0"": 600}",600,156216.33333333334,142700.0,221405.0,352300
noise_sweep,0,0.0,4444,600,600,0,1.0,0.0,0,0,0,0.0,0.0,"{""0"": 600}",600,161741,143500.0,251405.0,341100
noise_sweep,0,0.0,5426,600,600,0,1.0,0.0,0,0,0,0.0,0.0,"{""0"": 600}",600,159627,142900.0,231929.9999999998,760800
noise_sweep,0,0.0,5555,600,600,0,1.0,0.0,0,0,0,0.0,0.0,"{""0"": 600}",600,159607.5,141800.0,248769.99999999994,347800
noise_sweep,0,0.0,6543,600,600,0,1.0,0.0,0,0,0,0.0,0.0,"{""0"": 600}",600,163186.66666666666,147000.0,236929.99999999997,536200
noise_sweep,0,0.0,6666,600,600,0,1.0,0.0,0,0,0,0.0,0.0,"{""0"": 600}",600,189584.33333333334,174250.0,298224.9999999999,1255100
noise_sweep,0,0.0,7654,600,600,0,1.0,0.0,0,0,0,0.0,0.0,"{""0"": 600}",600,168385.5,145700.0,270259.9999999999,411100
noise_sweep,0,0.0,7777,600,600,0,1.0,0.0,0,0,0,0.0,0.0,"{""0"": 600}",600,163575.83333333334,142900.0,259939.99999999968,409200
noise_sweep,0,0.0,8231,600,600,0,1.0,0.0,0,0,0,0.0,0.0,"{""0"": 600}",600,167154,145650.0,254719.99999999997,1128700
noise_sweep,0,0.0,8888,600,600,0,1.0,0.0,0,0,0,0.0,0.0,"{""0"": 600}",600,160931.33333333334,143750.0,248534.99999999997,392900
noise_sweep,0,0.0,9999,600,600,0,1.0,0.0,0,0,0,0.0,0.0,"{""0"": 600}",600,160687.5,142850.0,252874.99999999994,357300
noise_sweep,1,0.05,1111,600,600,0,1.0,0.0,0,0,0,0.014814814814814815,0.014583333333333334,"{""0"": 230, ""1"": 220, ""2"": 117, ""3"": 26, ""4"": 7}",600,854373.8333333334,888850.0,1968694.9999999988,3763500
noise_sweep,1,0.05,1122,600,600,0,1.0,0.0,0,0,0,0.01521164021164021,0.017109375,"{""0"": 240, ""1"": 207, ""2"": 104, ""3"": 37, ""4"": 11, ""5"": 1}",600,773482.3333333334,883850.0,1702829.9999999998,3410800
noise_sweep,1,0.05,1234,600,600,0,1.0,0.0,0,0,0,0.010846560846560847,0.011119791666666667,"{""0"": 291, ""1"": 225, ""2"": 68, ""3"": 15, ""4"": 1}",600,663363.8333333334,846650.0,1601104.9999999995,2287600
noise_sweep,1,0.05,2121,600,599,1,0.9983333333333333,0.0016666666666666668,1,0,0,0.014126984126984127,0.01390625,"{""0"": 247, ""1"": 229, ""2"": 86, ""3"": 24, ""4"": 10, ""5"": 3, ""6"": 1}",600,812355.1666666666,869600.0,2026374.9999999998,2913500
noise_sweep,1,0.05,2222,600,600,0,1.0,0.0,0,0,0,0.010502645502645503,0.011692708333333333,"{""0"": 322, ""1"": 185, ""2"": 72, ""3"": 16, ""4"": 5}",600,601592,247550.0,1466650.0,2532300
noise_sweep,1,0.05,2391,600,600,0,1.0,0.0,0,0,0,0.020925925925925924,0.020598958333333334,"{""0"": 126, ""1"": 243, ""2"": 162, ""3"": 55, ""4"": 11, ""5"": 3}",600,989100.6666666666,943750.0,1945184.9999999995,3744800
noise_sweep,1,0.05,3232,600,600,0,1.0,0.0,0,0,0,0.013042328042328043,0.012838541666666667,"{""0"": 292, ""1"": 179, ""2"": 86, ""3"": 31, ""4"": 11, ""5"": 1}",600,669396,849800.0,1665579.9999999995,2869200
noise_sweep,1,0.05,3333,600,600,0,1.0,0.0,0,0,0,0.018095238095238095,0.0178125,"{""0"": 187, ""1"": 228, ""2"": 119, ""3"": 51, ""4"": 10, ""5"": 5}",600,916939.1666666666,925450.0,2063150.0,3513400
noise_sweep,1,0.05,4321,600,600,0,1.0,0.0,0,0,0,0.014867724867724868,0.015,"{""0"": 211, ""1"": 250, ""2"": 109, ""3"": 26, ""4"": 4}",600,855918.3333333334,897450.0,1824799.999999999,4607900
noise_sweep,1,0.05,4433,600,600,0,1.0,0.0,0,0,0,0.008941798941798942,0.008880208333333334,"{""0"": 371, ""1"": 148, ""2"": 55, ""3"": 24, ""4"": 2}",600,542440.1666666666,190800.0,1499504.9999999995,4066500
noise_sweep,1,0.05,4444,600,600,0,1.0,0.0,0,0,0,0.017275132275132277,0.01703125,"{""0"": 186, ""1"": 250, ""2"": 111, ""3"": 37, ""4"": 10, ""5"": 6}",600,927209.8333333334,935600.0,2072324.9999999995,3527100
noise_sweep,1,0.05,5426,600,600,0,1.0,0.0,0,0,0,0.014232804232804232,0.014348958333333333,"{""0"": 258, ""1"": 190, ""2"": 115, ""3"": 30, ""4"": 7}",600,958119.8333333334,889150.0,2086709.9999999986,3623900
noise_sweep,1,0.05,5555,600,600,0,1.0,0.0,0,0,0,0.018677248677248678,0.018385416666666668,"{""0"": 166, ""1"": 237, ""2"": 135, ""3"": 53, ""4"": 5, ""5"": 4}",600,1245366.3333333333,1322100.0,2428850.0,3930700
noise_sweep,1,0.05,6543,600,600,0,1.0,0.0,0,0,0,0.016825396825396827,0.017578125,"{""0"": 196, ""1"": 244, ""2"": 107, ""3"": 36, ""4"": 15, ""5"": 2}",600,1096178.6666666667,999150.0,2324634.999999999,3681300
noise_sweep,1,0.05,6666,600,600,0,1.0,0.0,0,0,0,0.017883597883597883,0.017604166666666667,"{""0"": 252, ""1"": 156, ""2"": 95, ""3"": 67, ""4"": 21, ""5"": 9}",600,744910.6666666666,888500.0,1661215.0,3569000
noise_sweep,1,0.05,7654,600,600,0,1.0,0.0,0,0,0,0.019312169312169312,0.019973958333333333,"{""0"": 182, ""1"": 196, ""2"": 150, ""3"": 55, ""4"": 16, ""5"": 1}",600,843619.3333333334,923300.0,1627709.9999999995,2294700
noise_sweep,1,0.05,7777,600,599,1,0.9983333333333333,0.0016666666666666668,1,0,0,0.02185185185185185,0.021510416666666667,"{""0"": 132, ""1"": 226, ""2"": 147, ""3"": 77, ""4"": 16, ""5"": 1, ""6"": 1}",600,1023711.6666666666,975900.0,2042719.9999999995,3052600
noise_sweep,1,0.05,8231,600,600,0,1.0,0.0,0,0,0,0.018571428571428572,0.01828125,"{""0"": 158, ""1"": 243, ""2"": 147, ""3"": 43, ""4"": 9}",600,863307.8333333334,903900.0,1679889.9999999998,2434500
noise_sweep,1,0.05,8888,600,599,1,0.9983333333333333,0.0016666666666666668,1,0,0,0.018756613756613756,0.018880208333333332,"{""0"": 182, ""1"": 216, ""2"": 131, ""3"": 56, ""4"": 13, ""5"": 1, ""6"": 1}",600,904962.6666666666,906700.0,1946629.9999999986,3182400
noise_sweep,1,0.05,9999,600,600,0,1.0,0.0,0,0,0,0.016243386243386244,0.015989583333333335,"{""0"": 199, ""1"": 245, ""2"": 104, ""3"": 47, ""4"": 5}",600,792858.6666666666,882400.0,1594869.9999999998,2298600
noise_sweep,2,0.1,1111,600,597,3,0.995,0.005,3,0,0,0.03044973544973545,0.030026041666666666,"{""0"": 89, ""1"": 167, ""2"": 156, ""3"": 113, ""4"": 45, ""5"": 27, ""6"": 3}",600,1093190.8333333333,973650.0,2126765.0,3245200
noise_sweep,2,0.1,1122,600,588,12,0.98,0.02,12,0,0,0.0317989417989418,0.034140625,"{""0"": 78, ""1"": 176, ""2"": 166, ""3"": 88, ""4"": 51, ""5"": 29, ""6"": 6, ""7"": 4, ""8"": 1, ""9"": 1}",600,1084717.3333333333,959800.0,2078144.9999999986,3945000
noise_sweep,2,0.1,1234,600,597,3,0.995,0.005,2,1,0,0.025026455026455025,0.025598958333333335,"{""0"": 97, ""1"": 218, ""2"": 171, ""3"": 79, ""4"": 29, ""5"": 3, ""6"": 3}",600,985196,944300.0,1751474.9999999998,3626400
noise_sweep,2,0.1,2121,600,579,21,0.965,0.035,19,1,1,0.030925925925925926,0.030546875,"{""0"": 101, ""1"": 178, ""2"": 131, ""3"": 104, ""4"": 43, ""5"": 22, ""6"": 13, ""7"": 7, ""8"": 1}",600,1062157.5,950950.0,2073879.9999999998,4636600
noise_sweep,2,0.1,2222,600,595,5,0.9916666666666667,0.008333333333333333,5,0,0,0.028703703703703703,0.029635416666666668,"{""0"": 127, ""1"": 158, ""2"": 136, ""3"": 96, ""4"": 53, ""5"": 25, ""6"": 5}",600,1024487.8333333334,965000.0,2047394.9999999995,5617300
noise_sweep,2,0.1,2391,600,587,13,0.9783333333333334,0.021666666666666667,13,0,0,0.03468253968253968,0.034270833333333334,"{""0"": 57, ""1"": 151, ""2"": 174, ""3"": 114, ""4"": 67, ""5"": 24, ""6"": 9, ""7"": 4}",600,1154635,1044450.0,2091129.9999999998,3954400
noise_sweep,2,0.1,3232,600,593,7,0.9883333333333333,0.011666666666666667,7,0,0,0.028835978835978836,0.028385416666666666,"{""0"": 116, ""1"": 176, ""2"": 127, ""3"": 102, ""4"": 49, ""5"": 23, ""6"": 6, ""7"": 1}",600,1027627.8333333334,988900.0,1952229.9999999993,3220700
noise_sweep,2,0.1,3333,600,593,7,0.9883333333333333,0.011666666666666667,7,0,0,0.034656084656084656,0.03411458333333333,"{""0"": 53, ""1"": 154, ""2"": 163, ""3"": 136, ""4"": 56, ""5"": 31, ""6"": 6, ""7"": 1}",600,1164129,1052200.0,2145160.0,3681300
noise_sweep,2,0.1,4321,600,597,3,0.995,0.005,3,0,0,0.030793650793650793,0.030989583333333334,"{""0"": 71, ""1"": 144, ""2"": 214, ""3"": 110, ""4"": 47, ""5"": 11, ""6"": 2, ""7"": 1}",600,1102400.6666666667,1009500.0,2091419.9999999986,3662500
noise_sweep,2,0.1,4433,600,594,6,0.99,0.01,5,0,1,0.020767195767195767,0.020729166666666667,"{""0"": 214, ""1"": 179, ""2"": 96, ""3"": 56, ""4"": 36, ""5"": 13, ""6"": 5, ""7"": 1}",600,785438.8333333334,894350.0,1626339.9999999998,2621500
noise_sweep,2,0.1,4444,600,581,19,0.9683333333333334,0.03166666666666667,18,0,1,0.03198412698412698,0.03205729166666667,"{""0"": 69, ""1"": 175, ""2"": 176, ""3"": 97, ""4"": 50, ""5"": 14, ""6"": 14, ""7"": 4, ""9"": 1}",600,1129063.6666666667,1023450.0,2102589.9999999986,3786700
noise_sweep,2,0.1,5426,600,585,15,0.975,0.025,15,0,0,0.035449735449735446,0.03575520833333334,"{""0"": 53, ""1"": 158, ""2"": 158, ""3"": 127, ""4"": 55, ""5"": 34, ""6"": 10, ""7"": 5}",600,1305072.5,1081900.0,2564055.0,8727700
noise_sweep,2,0.1,5555,600,595,5,0.9916666666666667,0.008333333333333333,5,0,0,0.03391534391534391,0.033463541666666666,"{""0"": 50, ""1"": 145, ""2"": 191, ""3"": 136, ""4"": 52, ""5"": 21, ""6"": 1, ""7"": 4}",600,1374775,1196300.0,2505774.9999999995,5882800
noise_sweep,2,0.1,6543,600,590,10,0.9833333333333333,0.016666666666666666,7,2,1,0.03283068783068783,0.033776041666666666,"{""0"": 54, ""1"": 176, ""2"": 170, ""3"": 120, ""4"": 45, ""5"": 25, ""6"": 10}",600,1172506.8333333333,1042500.0,2197199.9999999995,3363400
noise_sweep,2,0.1,6666,600,595,5,0.9916666666666667,0.008333333333333333,5,0,0,0.028835978835978836,0.028463541666666668,"{""0"": 136, ""1"": 144, ""2"": 126, ""3"": 109, ""4"": 63, ""5"": 17, ""6"": 5}",600,932815.5,959700.0,1644474.9999999998,3191700
noise_sweep,2,0.1,7654,600,589,11,0.9816666666666667,0.018333333333333333,11,0,0,0.03626984126984127,0.037265625,"{""0"": 48, ""1"": 153, ""2"": 150, ""3"": 128, ""4"": 84, ""5"": 26, ""6"": 9, ""7"": 2}",600,1427272.5,1392500.0,2546194.999999999,4380500
noise_sweep,2,0.1,7777,600,586,14,0.9766666666666667,0.023333333333333334,13,0,1,0.04150793650793651,0.040989583333333336,"{""0"": 34, ""1"": 95, ""2"": 157, ""3"": 161, ""4"": 105, ""5"": 34, ""6"": 11, ""7"": 3}",600,1227975.3333333333,1108500.0,2328850.0,3411400
noise_sweep,2,0.1,8231,600,592,8,0.9866666666666667,0.013333333333333334,8,0,0,0.0344973544973545,0.03395833333333333,"{""0"": 43, ""1"": 147, ""2"": 193, ""3"": 131, ""4"": 61, ""5"": 17, ""6"": 7, ""7"": 1}",600,1093209.5,1025150.0,1744904.9999999988,2572800
noise_sweep,2,0.1,8888,600,592,8,0.9866666666666667,0.013333333333333334,8,0,0,0.0317989417989418,0.03229166666666667,"{""0"": 71, ""1"": 170, ""2"": 180, ""3"": 91, ""4"": 54, ""5"": 26, ""6"": 4, ""7"": 3, ""8"": 1}",600,1121977.5,1008750.0,2131154.9999999995,3307000
noise_sweep,2,0.1,9999,600,590,10,0.9833333333333333,0.016666666666666666,9,1,0,0.03060846560846561,0.030130208333333332,"{""0"": 90, ""1"": 171, ""2"": 163, ""3"": 92, ""4"": 49, ""5"": 25, ""6"": 7, ""7"": 3}",600,1044839.1666666666,972450.0,1931139.9999999993,2683200
noise_sweep,3,0.25,1111,600,372,228,0.62,0.38,216,5,7,0.08029100529100529,0.07955729166666667,"{""0"": 1, ""1"": 13, ""2"": 40, ""3"": 68, ""4"": 111, ""5"": 139, ""6"": 107, ""7"": 59, ""8"": 32, ""9"": 16, ""10"": 11, ""11"": 2, ""12"": 1}",600,1227988.1666666667,1052950.0,2140974.9999999995,3232500
noise_sweep,3,0.25,1122,600,407,193,0.6783333333333333,0.32166666666666666,179,7,7,0.07486772486772486,0.07708333333333334,"{""0"": 3, ""1"": 26, ""2"": 54, ""3"": 94, ""4"": 108, ""5"": 122, ""6"": 85, ""7"": 53, ""8"": 26, ""9"": 15, ""10"": 8, ""11"": 5, ""13"": 1}",600,1201327.3333333333,1023400.0,2077210.0,3925300
noise_sweep,3,0.25,1234,600,444,156,0.74,0.26,152,4,0,0.06994708994708995,0.07013020833333333,"{""0"": 2, ""1"": 21, ""2"": 66, ""3"": 108, ""4"": 133, ""5"": 114, ""6"": 80, ""7"": 40, ""8"": 26, ""9"": 5, ""10"": 3, ""11"": 2}",600,1153490,1044850.0,1745725.0,3186200
noise_sweep,3,0.25,2121,600,385,215,0.6416666666666667,0.35833333333333334,205,7,3,0.07788359788359789,0.07723958333333333,"{""0"": 5, ""1"": 28, ""2"": 57, ""3"": 94, ""4"": 101, ""5"": 100, ""6"": 70, ""7"": 56, ""8"": 40, ""9"": 24, ""10"": 12, ""11"": 9, ""12"": 3, ""13"": 1}",600,1231143.1666666667,1083250.0,2162019.9999999986,3456300
noise_sweep,3,0.25,2222,600,368,232,0.6133333333333333,0.38666666666666666,219,9,4,0.07812169312169312,0.07908854166666666,"{""0"": 6, ""1"": 24, ""2"": 57, ""3"": 82, ""4"": 102, ""5"": 97, ""6"": 87, ""7"": 67, ""8"": 41, ""9"": 21, ""10"": 10, ""11"": 4, ""12"": 2}",600,1120412.6666666667,1005300.0,1788784.9999999998,3349800
noise_sweep,3,0.25,2391,600,387,213,0.645,0.355,199,11,3,0.07703703703703704,0.077421875,"{""0"": 5, ""1"": 28, ""2"": 38, ""3"": 89, ""4"": 109, ""5"": 118, ""6"": 91, ""7"": 56, ""8"": 36, ""9"": 18, ""10"": 6, ""11"": 5, ""12"": 1}",600,1242543.3333333333,1047000.0,2186104.9999999986,7975500
noise_sweep,3,0.25,3232,600,358,242,0.5966666666666667,0.4033333333333333,234,5,3,0.08097883597883598,0.07997395833333333,"{""0"": 4, ""1"": 24, ""2"": 44, ""3"": 82, ""4"": 96, ""5"": 108, ""6"": 92, ""7"": 54, ""8"": 48, ""9"": 24, ""10"": 17, ""11"": 5, ""12"": 2}",600,1233177.3333333333,1056200.0,2283794.9999999995,5290200
noise_sweep,3,0.25,3333,600,333,267,0.555,0.445,257,7,3,0.0855026455026455,0.08510416666666666,"{""1"": 11, ""2"": 25, ""3"": 55, ""4"": 117, ""5"": 125, ""6"": 112, ""7"": 71, ""8"": 40, ""9"": 31, ""10"": 4, ""11"": 5, ""12"": 3, ""14"": 1}",600,1179338.5,1054450.0,1916519.9999999988,3186400
noise_sweep,3,0.25,4321,600,429,171,0.715,0.285,163,4,4,0.0714021164021164,0.07177083333333334,"{""0"": 3, ""1"": 29, ""2"": 57, ""3"": 104, ""4"": 107, ""5"": 129, ""6"": 86, ""7"": 44, ""8"": 28, ""9"": 9, ""10"": 2, ""11"": 2}",600,1270165.6666666667,1100900.0,2181185.0,3846600
noise_sweep,3,0.25,4433,600,438,162,0.73,0.27,156,3,3,0.06862433862433863,0.06875,"{""0"": 15, ""1"": 44, ""2"": 84, ""3"": 89, ""4"": 123, ""5"": 83, ""6"": 57, ""7"": 44, ""8"": 24, ""9"": 15, ""10"": 14, ""11"": 5, ""12"": 3}",600,1222339.5,1068700.0,2124484.9999999995,3649800
noise_sweep,3,0.25,4444,600,383,217,0.6383333333333333,0.3616666666666667,211,2,4,0.07539682539682539,0.075625,"{""0"": 2, ""1"": 31, ""2"": 61, ""3"": 111, ""4"": 100, ""5"": 78, ""6"": 85, ""7"": 57, ""8"": 40, ""9"": 17, ""10"": 11, ""11"": 3, ""12"": 3, ""13"": 1}",600,1121460.6666666667,983900.0,1800189.9999999995,4138300
noise_sweep,3,0.25,5426,600,371,229,0.6183333333333333,0.38166666666666665,222,6,1,0.0793121693121693,0.07955729166666667,"{""0"": 7, ""1"": 18, ""2"": 42, ""3"": 84, ""4"": 110, ""5"": 110, ""6"": 90, ""7"": 68, ""8"": 30, ""9"": 22, ""10"": 14, ""11"": 3, ""12"": 1, ""15"": 1}",600,1191628.6666666667,1011800.0,2057664.999999998,3736700
noise_sweep,3,0.25,5555,600,319,281,0.5316666666666666,0.4683333333333333,267,12,2,0.08621693121693122,0.08544270833333334,"{""0"": 2, ""1"": 9, ""2"": 34, ""3"": 67, ""4"": 101, ""5"": 106, ""6"": 99, ""7"": 86, ""8"": 43, ""9"": 31, ""10"": 16, ""11"": 5, ""13"": 1}",600,1183742,997800.0,2099920.0,3566500
noise_sweep,3,0.25,6543,600,382,218,0.6366666666666667,0.36333333333333334,212,2,4,0.08084656084656085,0.08184895833333333,"{""0"": 2, ""1"": 9, ""2"": 31, ""3"": 89, ""4"": 111, ""5"": 140, ""6"": 81, ""7"": 61, ""8"": 47, ""9"": 15, ""10"": 6, ""11"": 6, ""12"": 2}",600,1164270.8333333333,1038800.0,1841070.0,3077300
noise_sweep,3,0.25,6666,600,427,173,0.7116666666666667,0.28833333333333333,167,1,5,0.07092592592592592,0.07083333333333333,"{""0"": 5, ""1"": 28, ""2"": 70, ""3"": 92, ""4"": 109, ""5"": 123, ""6"": 84, ""7"": 50, ""8"": 23, ""9"": 12, ""10"": 4}",600,1209982.3333333333,1021650.0,2082169.9999999998,4894500
noise_sweep,3,0.25,7654,600,333,267,0.555,0.445,254,8,5,0.08383597883597883,0.084921875,"{""0"": 2, ""1"": 16, ""2"": 48, ""3"": 70, ""4"": 93, ""5"": 104, ""6"": 88, ""7"": 80, ""8"": 57, ""9"": 20, ""10"": 14, ""11"": 6, ""12"": 1, ""13"": 1}",600,1309317.3333333333,1132750.0,2210305.0,3160200
noise_sweep,3,0.25,7777,600,322,278,0.5366666666666666,0.4633333333333333,265,7,6,0.08648148148148148,0.08645833333333333,"{""1"": 8, ""2"": 39, ""3"": 64, ""4"": 96, ""5"": 115, ""6"": 107, ""7"": 70, ""8"": 46, ""9"": 30, ""10"": 16, ""11"": 6, ""12"": 3}",600,1341217.8333333333,1269100.0,2163200.0,2829400
noise_sweep,3,0.25,8231,600,380,220,0.6333333333333333,0.36666666666666664,215,3,2,0.07849206349206349,0.07739583333333333,"{""0"": 2, ""1"": 16, ""2"": 36, ""3"": 99, ""4"": 110, ""5"": 117, ""6"": 95, ""7"": 52, ""8"": 46, ""9"": 17, ""10"": 8, ""11"": 2}",600,1220548.8333333333,1050150.0,2081304.9999999993,3709100
noise_sweep,3,0.25,8888,600,373,227,0.6216666666666667,0.37833333333333335,220,5,2,0.08113756613756613,0.081640625,"{""0"": 1, ""1"": 17, ""2"": 42, ""3"": 77, ""4"": 117, ""5"": 119, ""6"": 96, ""7"": 52, ""8"": 30, ""9"": 19, ""10"": 17, ""11"": 7, ""12"": 4, ""13"": 2}",600,1232757.1666666667,1077300.0,2078379.9999999984,3432200
noise_sweep,3,0.25,9999,600,399,201,0.665,0.335,195,5,1,0.07566137566137567,0.07572916666666667,"{""0"": 1, ""1"": 22, ""2"": 57, ""3"": 99, ""4"": 115, ""5"": 105, ""6"": 77, ""7"": 54, ""8"": 45, ""9"": 11, ""10"": 11, ""11"": 3}",600,1107431,974750.0,1775969.9999999998,3631600
noise_sweep,4,0.5,1111,600,26,574,0.043333333333333335,0.9566666666666667,542,18,14,0.1530952380952381,0.15200520833333334,"{""4"": 6, ""5"": 20, ""6"": 32, ""7"": 59, ""8"": 84, ""9"": 95, ""10"": 102, ""11"": 72, ""12"": 48, ""13"": 42, ""14"": 20, ""15"": 10, ""16"": 6, ""17"": 3, ""20"": 1}",600,1102107.1666666667,914550.0,1967925.0,3307800
noise_sweep,4,0.5,1122,600,54,546,0.09,0.91,517,17,12,0.1455820105820106,0.14731770833333332,"{""1"": 1, ""2"": 1, ""3"": 4, ""4"": 19, ""5"": 29, ""6"": 48, ""7"": 62, ""8"": 89, ""9"": 86, ""10"": 81, ""11"": 58, ""12"": 51, ""13"": 32, ""14"": 20, ""15"": 10, ""16"": 4, ""17"": 2, ""18"": 2, ""19"": 1}",600,1068439.6666666667,909250.0,1756110.0,3460200
noise_sweep,4,0.5,1234,600,33,567,0.055,0.945,534,24,9,0.1478042328042328,0.14734375,"{""1"": 1, ""3"": 1, ""4"": 11, ""5"": 20, ""6"": 56, ""7"": 56, ""8"": 99, ""9"": 91, ""10"": 81, ""11"": 65, ""12"": 54, ""13"": 29, ""14"": 13, ""15"": 9, ""16"": 9, ""17"": 3, ""18"": 1, ""20"": 1}",600,1115417,929500.0,1944429.9999999998,7862900
noise_sweep,4,0.5,2121,600,45,555,0.075,0.925,530,18,7,0.14775132275132274,0.14721354166666667,"{""1"": 1, ""2"": 2, ""3"": 1, ""4"": 14, ""5"": 27, ""6"": 54, ""7"": 64, ""8"": 87, ""9"": 75, ""10"": 70, ""11"": 76, ""12"": 54, ""13"": 33, ""14"": 20, ""15"": 11, ""16"": 7, ""17"": 1, ""18"": 2, ""20"": 1}",600,1050500.5,934750.0,1764300.0,3277100
noise_sweep,4,0.5,2222,600,42,558,0.07,0.93,534,14,10,0.14994708994708994,0.15091145833333333,"{""2"": 5, ""3"": 4, ""4"": 7, ""5"": 26, ""6"": 56, ""7"": 62, ""8"": 73, ""9"": 86, ""10"": 70, ""11"": 70, ""12"": 58, ""13"": 35, ""14"": 13, ""15"": 17, ""16"": 9, ""17"": 5, ""18"": 3, ""19"": 1}",600,1137174.1666666667,948150.0,1993309.9999999998,3670900
noise_sweep,4,0.5,2391,600,56,544,0.09333333333333334,0.9066666666666666,522,13,9,0.14457671957671958,0.14609375,"{""2"": 1, ""3"": 6, ""4"": 19, ""5"": 30, ""6"": 54, ""7"": 65, ""8"": 70, ""9"": 86, ""10"": 85, ""11"": 67, ""12"": 59, ""13"": 26, ""14"": 19, ""15"": 7, ""16"": 3, ""17"": 1, ""18"": 1, ""19"": 1}",600,1120255.5,964950.0,1964959.999999999,4825400
noise_sweep,4,0.5,3232,600,34,566,0.056666666666666664,0.9433333333333334,541,20,5,0.15634920634920635,0.15484375,"{""2"": 1, ""3"": 4, ""4"": 7, ""5"": 22, ""6"": 33, ""7"": 68, ""8"": 62, ""9"": 91, ""10"": 83, ""11"": 65, ""12"": 57, ""13"": 42, ""14"": 28, ""15"": 15, ""16"": 9, ""17"": 4, ""18"": 6, ""19"": 3}",600,1034117.8333333334,940550.0,1579784.9999999988,2987400
noise_sweep,4,0.5,3333,600,24,576,0.04,0.96,561,11,4,0.1608201058201058,0.16067708333333333,"{""3"": 1, ""4"": 10, ""5"": 13, ""6"": 31, ""7"": 53, ""8"": 71, ""9"": 70, ""10"": 90, ""11"": 74, ""12"": 67, ""13"": 44, ""14"": 43, ""15"": 18, ""16"": 9, ""17"": 1, ""18"": 3, ""19"": 1, ""20"": 1}",600,1132393.8333333333,976400.0,1929109.9999999998,3791400
noise_sweep,4,0.5,4321,600,63,537,0.105,0.895,514,13,10,0.14055555555555554,0.14122395833333334,"{""2"": 4, ""3"": 2, ""4"": 14, ""5"": 43, ""6"": 56, ""7"": 78, ""8"": 73, ""9"": 94, ""10"": 83, ""11"": 64, ""12"": 38, ""13"": 22, ""14"": 13, ""15"": 7, ""16"": 2, ""17"": 5, ""18"": 2}",600,1080133.3333333333,993450.0,1666469.9999999998,2560800
noise_sweep,4,0.5,4433,600,88,512,0.14666666666666667,0.8533333333333334,490,15,7,0.13775132275132276,0.137734375,"{""1"": 3, ""2"": 2, ""3"": 11, ""4"": 30, ""5"": 42, ""6"": 55, ""7"": 84, ""8"": 84, ""9"": 65, ""10"": 69, ""11"": 49, ""12"": 36, ""13"": 28, ""14"": 17, ""15"": 9, ""16"": 10, ""17"": 4, ""18"": 2}",600,1151759.5,996250.0,2025314.999999999,3929800
noise_sweep,4,0.5,4444,600,63,537,0.105,0.895,507,17,13,0.14716931216931217,0.147265625,"{""1"": 1, ""2"": 2, ""3"": 6, ""4"": 18, ""5"": 36, ""6"": 52, ""7"": 64, ""8"": 61, ""9"": 88, ""10"": 77, ""11"": 69, ""12"": 42, ""13"": 28, ""14"": 25, ""15"": 14, ""16"": 8, ""17"": 5, ""18"": 1, ""19"": 2, ""22"": 1}",600,1157909.1666666667,1005050.0,1965805.0,3554400
noise_sweep,4,0.5,5426,600,37,563,0.06166666666666667,0.9383333333333334,539,12,12,0.1482010582010582,0.14786458333333333,"{""2"": 1, ""3"": 4, ""4"": 10, ""5"": 22, ""6"": 48, ""7"": 67, ""8"": 93, ""9"": 82, ""10"": 78, ""11"": 71, ""12"": 53, ""13"": 32, ""14"": 18, ""15"": 10, ""16"": 7, ""17"": 1, ""18"": 2, ""19"": 1}",600,1075884.3333333333,938750.0,1776680.0,2828900
noise_sweep,4,0.5,5555,600,22,578,0.03666666666666667,0.9633333333333334,554,15,9,0.16113756613756614,0.15966145833333334,"{""2"": 1, ""3"": 1, ""4"": 6, ""5"": 14, ""6"": 33, ""7"": 48, ""8"": 67, ""9"": 82, ""10"": 95, ""11"": 65, ""12"": 64, ""13"": 52, ""14"": 37, ""15"": 17, ""16"": 10, ""17"": 4, ""18"": 2, ""19"": 2}",600,1129024,984300.0,1940855.0,2982000
noise_sweep,4,0.5,6543,600,30,570,0.05,0.95,533,21,16,0.15015873015873016,0.15088541666666666,"{""3"": 6, ""4"": 5, ""5"": 19, ""6"": 39, ""7"": 67, ""8"": 71, ""9"": 98, ""10"": 103, ""11"": 82, ""12"": 42, ""13"": 34, ""14"": 15, ""15"": 7, ""16"": 8, ""17"": 3, ""18"": 1}",600,1050087.1666666667,943400.0,1624949.9999999998,2587000
noise_sweep,4,0.5,6666,600,71,529,0.11833333333333333,0.8816666666666667,504,15,10,0.13687830687830688,0.13729166666666667,"{""2"": 4, ""3"": 11, ""4"": 19, ""5"": 37, ""6"": 60, ""7"": 85, ""8"": 85, ""9"": 84, ""10"": 67, ""11"": 63, ""12"": 31, ""13"": 26, ""14"": 20, ""15"": 4, ""16"": 1, ""17"": 2, ""18"": 1}",600,1154971.6666666667,976050.0,2004220.0,3196200
noise_sweep,4,0.5,7654,600,31,569,0.051666666666666666,0.9483333333333334,534,24,11,0.15804232804232804,0.15895833333333334,"{""1"": 1, ""3"": 2, ""4"": 11, ""5"": 17, ""6"": 37, ""7"": 69, ""8"": 58, ""9"": 73, ""10"": 76, ""11"": 79, ""12"": 66, ""13"": 44, ""14"": 25, ""15"": 17, ""16"": 15, ""17"": 7, ""18"": 2, ""19"": 1}",600,1335142.1666666667,1108150.0,2481520.0,5732400
noise_sweep,4,0.5,7777,600,43,557,0.07166666666666667,0.9283333333333333,530,15,12,0.14722222222222223,0.14721354166666667,"{""3"": 2, ""4"": 9, ""5"": 32, ""6"": 43, ""7"": 78, ""8"": 88, ""9"": 91, ""10"": 72, ""11"": 55, ""12"": 46, ""13"": 43, ""14"": 22, ""15"": 13, ""16"": 5, ""17"": 1}",600,1227748.3333333333,1065900.0,1976649.999999999,3674400
noise_sweep,4,0.5,8231,600,58,542,0.09666666666666666,0.9033333333333333,515,13,14,0.14362433862433863,0.14208333333333334,"{""0"": 1, ""1"": 2, ""2"": 2, ""3"": 8, ""4"": 13, ""5"": 32, ""6"": 51, ""7"": 73, ""8"": 84, ""9"": 70, ""10"": 91, ""11"": 68, ""12"": 39, ""13"": 27, ""14"": 18, ""15"": 9, ""16"": 4, ""17"": 6, ""18"": 1, ""20"": 1}",600,1579881.6666666667,1599250.0,2363430.0,3783700
noise_sweep,4,0.5,8888,600,43,557,0.07166666666666667,0.9283333333333333,531,22,4,0.14965608465608465,0.15075520833333333,"{""1"": 1, ""2"": 2, ""3"": 9, ""4"": 10, ""5"": 21, ""6"": 41, ""7"": 66, ""8"": 99, ""9"": 79, ""10"": 81, ""11"": 55, ""12"": 44, ""13"": 32, ""14"": 26, ""15"": 16, ""16"": 8, ""17"": 5, ""18"": 3, ""19"": 1, ""20"": 1}",600,1180918.8333333333,984550.0,2118984.9999999986,4005200
noise_sweep,4,0.5,9999,600,49,551,0.08166666666666667,0.9183333333333333,520,25,6,0.1461904761904762,0.14705729166666667,"{""2"": 2, ""3"": 4, ""4"": 20, ""5"": 23, ""6"": 61, ""7"": 66, ""8"": 72, ""9"": 76, ""10"": 82, ""11"": 68, ""12"": 47, ""13"": 35, ""14"": 28, ""15"": 10, ""16"": 4, ""17"": 2}",600,1067506.5,952900.0,1727089.9999999995,2297700
noise_sweep,5,1.0,1111,600,0,600,0.0,1.0,570,16,14,0.2546825396825397,0.25361979166666665,"{""6"": 1, ""7"": 2, ""8"": 3, ""9"": 3, ""10"": 12, ""11"": 18, ""12"": 43, ""13"": 42, ""14"": 55, ""15"": 80, ""16"": 81, ""17"": 75, ""18"": 54, ""19"": 52, ""20"": 33, ""21"": 22, ""22"": 9, ""23"": 8, ""24"": 5, ""25"": 1, ""26"": 1}",600,1159102.1666666667,1000100.0,1995484.9999999998,3146900
noise_sweep,5,1.0,1122,600,0,600,0.0,1.0,558,33,9,0.24529100529100528,0.2459375,"{""6"": 1, ""7"": 1, ""8"": 3, ""9"": 13, ""10"": 16, ""11"": 40, ""12"": 50, ""13"": 57, ""14"": 56, ""15"": 77, ""16"": 67, ""17"": 62, ""18"": 44, ""19"": 41, ""20"": 30, ""21"": 18, ""22"": 11, ""23"": 3, ""24"": 6, ""25"": 2, ""28"": 1, ""30"": 1}",600,1094373.3333333333,982200.0,1827010.0,2667400
noise_sweep,5,1.0,1234,600,0,600,0.0,1.0,569,27,4,0.25082010582010583,0.2507552083333333,"{""6"": 1, ""7"": 2, ""8"": 3, ""9"": 17, ""10"": 12, ""11"": 33, ""12"": 41, ""13"": 61, ""14"": 55, ""15"": 56, ""16"": 61, ""17"": 57, ""18"": 67, ""19"": 43, ""20"": 31, ""21"": 27, ""22"": 18, ""23"": 8, ""24"": 4, ""25"": 3}",600,1098712.5,963600.0,1805420.0,4009700
noise_sweep,5,1.0,2121,600,0,600,0.0,1.0,576,20,4,0.25105820105820104,0.251171875,"{""8"": 4, ""9"": 11, ""10"": 20, ""11"": 29, ""12"": 46, ""13"": 52, ""14"": 67, ""15"": 65, ""16"": 67, ""17"": 56, ""18"": 46, ""19"": 46, ""20"": 29, ""21"": 23, ""22"": 17, ""23"": 9, ""24"": 6, ""25"": 3, ""26"": 2, ""29"": 2}",600,1129500.5,964250.0,1969869.9999999998,3685900
noise_sweep,5,1.0,2222,600,1,599,0.0016666666666666668,0.9983333333333333,565,30,4,0.2575132275132275,0.25763020833333333,"{""5"": 1, ""7"": 2, ""8"": 3, ""9"": 4, ""10"": 19, ""11"": 25, ""12"": 28, ""13"": 42, ""14"": 47, ""15"": 88, ""16"": 62, ""17"": 66, ""18"": 77, ""19"": 44, ""20"": 26, ""21"": 26, ""22"": 19, ""23"": 5, ""24"": 9, ""25"": 4, ""26"": 2, ""27"": 1}",600,1038342,941200.0,1602159.9999999998,2496600
noise_sweep,5,1.0,2391,600,0,600,0.0,1.0,570,25,5,0.24716931216931218,0.24940104166666666,"{""6"": 2, ""7"": 4, ""8"": 7, ""9"": 10, ""10"": 19, ""11"": 26, ""12"": 43, ""13"": 51, ""14"": 83, ""15"": 53, ""16"": 66, ""17"": 66, ""18"": 47, ""19"": 42, ""20"": 29, ""21"": 25, ""22"": 14, ""23"": 8, ""24"": 1, ""25"": 2, ""26"": 2}",600,1108353.1666666667,963650.0,1939125.0,3718200
noise_sweep,5,1.0,3232,600,0,600,0.0,1.0,575,22,3,0.2600793650793651,0.2585677083333333,"{""7"": 1, ""8"": 2, ""9"": 11, ""10"": 14, ""11"": 15, ""12"": 36, ""13"": 53, ""14"": 51, ""15"": 70, ""16"": 61, ""17"": 63, ""18"": 60, ""19"": 47, ""20"": 36, ""21"": 36, ""22"": 16, ""23"": 13, ""24"": 7, ""25"": 5, ""26"": 2, ""27"": 1}",600,1044921.8333333334,945800.0,1578404.9999999998,3557500
noise_sweep,5,1.0,3333,600,0,600,0.0,1.0,559,30,11,0.26835978835978835,0.268359375,"{""7"": 1, ""8"": 2, ""9"": 2, ""10"": 14, ""11"": 13, ""12"": 26, ""13"": 34, ""14"": 41, ""15"": 70, ""16"": 69, ""17"": 74, ""18"": 64, ""19"": 62, ""20"": 45, ""21"": 32, ""22"": 19, ""23"": 17, ""24"": 11, ""25"": 1, ""26"": 2, ""28"": 1}",600,1129529.8333333333,979500.0,1970019.9999999993,3401200
noise_sweep,5,1.0,4321,600,0,600,0.0,1.0,566,24,10,0.2448941798941799,0.24552083333333333,"{""6"": 2, ""7"": 4, ""8"": 8, ""9"": 8, ""10"": 17, ""11"": 27, ""12"": 40, ""13"": 63, ""14"": 64, ""15"": 77, ""16"": 58, ""17"": 69, ""18"": 59, ""19"": 45, ""20"": 24, ""21"": 18, ""22"": 9, ""23"": 4, ""24"": 2, ""25"": 2}",600,1139285.1666666667,975250.0,2062429.9999999998,3115600
noise_sweep,5,1.0,4433,600,0,600,0.0,1.0,566,28,6,0.241005291005291,0.24125,"{""6"": 3, ""8"": 4, ""9"": 12, ""10"": 20, ""11"": 40, ""12"": 50, ""13"": 66, ""14"": 61, ""15"": 73, ""16"": 72, ""17"": 58, ""18"": 40, ""19"": 41, ""20"": 27, ""21"": 14, ""22"": 10, ""23"": 6, ""24"": 2, ""28"": 1}",600,1066647,970200.0,1708469.9999999998,2549100
noise_sweep,5,1.0,4444,600,0,600,0.0,1.0,562,32,6,0.25076719576719575,0.25080729166666665,"{""7"": 5, ""8"": 3, ""9"": 11, ""10"": 15, ""11"": 29, ""12"": 32, ""13"": 51, ""14"": 57, ""15"": 76, ""16"": 87, ""17"": 58, ""18"": 52, ""19"": 46, ""20"": 31, ""21"": 15, ""22"": 10, ""23"": 12, ""24"": 4, ""25"": 5, ""27"": 1}",600,1185368,1026600.0,2187514.9999999995,3462300
noise_sweep,5,1.0,5426,600,0,600,0.0,1.0,570,19,11,0.25153439153439155,0.2515104166666667,"{""8"": 4, ""9"": 8, ""10"": 14, ""11"": 29, ""12"": 29, ""13"": 61, ""14"": 59, ""15"": 76, ""16"": 77, ""17"": 57, ""18"": 59, ""19"": 53, ""20"": 32, ""21"": 18, ""22"": 11, ""23"": 7, ""24"": 3, ""25"": 3}",600,1096605.1666666667,966050.0,1835479.9999999984,3397700
noise_sweep,5,1.0,5555,600,0,600,0.0,1.0,568,25,7,0.26267195767195767,0.26169270833333336,"{""6"": 1, ""7"": 1, ""8"": 1, ""9"": 6, ""10"": 14, ""11"": 18, ""12"": 21, ""13"": 45, ""14"": 63, ""15"": 63, ""16"": 68, ""17"": 72, ""18"": 57, ""19"": 44, ""20"": 50, ""21"": 38, ""22"": 17, ""23"": 8, ""24"": 6, ""25"": 5, ""26"": 1, ""27"": 1}",600,1141539.8333333333,993700.0,1980195.0,3227100
noise_sweep,5,1.0,6543,600,0,600,0.0,1.0,561,28,11,0.24886243386243387,0.24979166666666666,"{""7"": 4, ""8"": 5, ""9"": 7, ""10"": 20, ""11"": 34, ""12"": 24, ""13"": 60, ""14"": 64, ""15"": 58, ""16"": 88, ""17"": 64, ""18"": 52, ""19"": 43, ""20"": 30, ""21"": 26, ""22"": 13, ""23"": 5, ""24"": 3}",600,1142203.5,974000.0,2003469.9999999998,3610400
noise_sweep,5,1.0,6666,600,0,600,0.0,1.0,568,23,9,0.24251322751322751,0.24223958333333334,"{""6"": 1, ""7"": 6, ""8"": 9, ""9"": 11, ""10"": 20, ""11"": 27, ""12"": 47, ""13"": 59, ""14"": 66, ""15"": 86, ""16"": 62, ""17"": 62, ""18"": 37, ""19"": 28, ""20"": 37, ""21"": 23, ""22"": 7, ""23"": 5, ""24"": 5, ""25"": 2}",600,1033273.1666666666,917300.0,1640759.999999999,2404400
noise_sweep,5,1.0,7654,600,0,600,0.0,1.0,560,31,9,0.25716931216931216,0.25744791666666667,"{""6"": 3, ""7"": 1, ""8"": 1, ""9"": 6, ""10"": 13, ""11"": 16, ""12"": 32, ""13"": 72, ""14"": 55, ""15"": 61, ""16"": 61, ""17"": 68, ""18"": 67, ""19"": 49, ""20"": 32, ""21"": 21, ""22"": 16, ""23"": 9, ""24"": 12, ""25"": 4, ""26"": 1}",600,1194690.5,1003200.0,2110494.9999999995,4838700
noise_sweep,5,1.0,7777,600,1,599,0.0016666666666666668,0.9983333333333333,563,29,7,0.24571428571428572,0.245546875,"{""5"": 1, ""7"": 4, ""8"": 5, ""9"": 12, ""10"": 17, ""11"": 21, ""12"": 39, ""13"": 58, ""14"": 73, ""15"": 80, ""16"": 64, ""17"": 73, ""18"": 48, ""19"": 40, ""20"": 31, ""21"": 19, ""22"": 6, ""23"": 5, ""24"": 1, ""26"": 1, ""28"": 1, ""29"": 1}",600,1083969.5,956150.0,1727049.999999999,4285700
noise_sweep,5,1.0,8231,600,0,600,0.0,1.0,566,21,13,0.2454761904761905,0.24375,"{""6"": 1, ""7"": 6, ""8"": 7, ""9"": 12, ""10"": 21, ""11"": 33, ""12"": 38, ""13"": 60, ""14"": 65, ""15"": 71, ""16"": 65, ""17"": 50, ""18"": 49, ""19"": 43, ""20"": 30, ""21"": 18, ""22"": 14, ""23"": 8, ""24"": 6, ""25"": 1, ""27"": 1, ""28"": 1}",600,1134832.5,972850.0,1990420.0,3495700
noise_sweep,5,1.0,8888,600,0,600,0.0,1.0,559,33,8,0.25103174603174605,0.25169270833333335,"{""6"": 1, ""7"": 3, ""8"": 6, ""9"": 8, ""10"": 22, ""11"": 25, ""12"": 35, ""13"": 63, ""14"": 54, ""15"": 72, ""16"": 59, ""17"": 58, ""18"": 56, ""19"": 41, ""20"": 35, ""21"": 32, ""22"": 18, ""23"": 5, ""24"": 5, ""26"": 2}",600,1137459.3333333333,1001000.0,1972639.9999999998,3211700
noise_sweep,5,1.0,9999,600,1,599,0.0016666666666666668,0.9983333333333333,572,18,9,0.25502645502645505,0.25635416666666666,"{""5"": 1, ""6"": 1, ""7"": 2, ""8"": 4, ""9"": 6, ""10"": 14, ""11"": 15, ""12"": 29, ""13"": 65, ""14"": 55, ""15"": 62, ""16"": 72, ""17"": 75, ""18"": 71, ""19"": 48, ""20"": 28, ""21"": 24, ""22"": 9, ""23"": 9, ""24"": 7, ""25"": 1, ""26"": 2}",600,1401000.8333333333,1417300.0,2064224.9999999988,4076100
