split,attack_type,severity,planned,quality_valid,construction_failure,quality_failure,pre_tag_blocked
test,clean,clean,600,600,0,0,0
test,dropped_samples,high,600,4,596,0,596
test,dropped_samples,low,600,461,139,0,139
test,dropped_samples,medium,600,175,425,0,425
test,frozen_pose,high,600,600,0,0,0
test,frozen_pose,low,600,600,0,0,0
test,frozen_pose,medium,600,600,0,0,0
test,orientation_drift,high,600,600,0,0,0
test,orientation_drift,low,600,600,0,0,0
test,orientation_drift,medium,600,600,0,0,0
test,orientation_jump,high,600,600,0,0,0
test,orientation_jump,low,600,600,0,0,0
test,orientation_jump,medium,600,600,0,0,0
test,orientation_noise,high,600,600,0,0,0
test,orientation_noise,low,600,600,0,0,0
test,orientation_noise,medium,600,600,0,0,0
test,position_drift,high,600,600,0,0,0
test,position_drift,low,600,600,0,0,0
test,position_drift,medium,600,600,0,0,0
test,position_jump,high,600,600,0,0,0
test,position_jump,low,600,600,0,0,0
test,position_jump,medium,600,600,0,0,0
test,position_noise,high,600,600,0,0,0
test,position_noise,low,600,600,0,0,0
test,position_noise,medium,600,600,0,0,0
test,timestamp_jitter,high,600,0,600,0,600
test,timestamp_jitter,low,600,600,0,0,0
test,timestamp_jitter,medium,600,516,84,0,84
train,clean,clean,600,600,0,0,0
train,dropped_samples,high,600,2,598,0,598
train,dropped_samples,low,600,448,152,0,152
train,dropped_samples,medium,600,191,409,0,409
train,frozen_pose,high,600,600,0,0,0
train,frozen_pose,low,600,600,0,0,0
train,frozen_pose,medium,600,600,0,0,0
train,orientation_drift,high,600,600,0,0,0
train,orientation_drift,low,600,600,0,0,0
train,orientation_drift,medium,600,600,0,0,0
train,orientation_jump,high,600,600,0,0,0
train,orientation_jump,low,600,600,0,0,0
train,orientation_jump,medium,600,600,0,0,0
train,orientation_noise,high,600,600,0,0,0
train,orientation_noise,low,600,600,0,0,0
train,orientation_noise,medium,600,600,0,0,0
train,position_drift,high,600,600,0,0,0
train,position_drift,low,600,600,0,0,0
train,position_drift,medium,600,600,0,0,0
train,position_jump,high,600,600,0,0,0
train,position_jump,low,600,600,0,0,0
train,position_jump,medium,600,600,0,0,0
train,position_noise,high,600,600,0,0,0
train,position_noise,low,600,600,0,0,0
train,position_noise,medium,600,600,0,0,0
train,timestamp_jitter,high,600,0,600,0,600
train,timestamp_jitter,low,600,600,0,0,0
train,timestamp_jitter,medium,600,542,58,0,58
validation,clean,clean,600,600,0,0,0
validation,dropped_samples,high,600,1,599,0,599
validation,dropped_samples,low,600,458,142,0,142
validation,dropped_samples,medium,600,167,433,0,433
validation,frozen_pose,high,600,600,0,0,0
validation,frozen_pose,low,600,600,0,0,0
validation,frozen_pose,medium,600,600,0,0,0
validation,orientation_drift,high,600,600,0,0,0
validation,orientation_drift,low,600,600,0,0,0
validation,orientation_drift,medium,600,600,0,0,0
validation,orientation_jump,high,600,600,0,0,0
validation,orientation_jump,low,600,600,0,0,0
validation,orientation_jump,medium,600,600,0,0,0
validation,orientation_noise,high,600,600,0,0,0
validation,orientation_noise,low,600,600,0,0,0
validation,orientation_noise,medium,600,600,0,0,0
validation,position_drift,high,600,600,0,0,0
validation,position_drift,low,600,600,0,0,0
validation,position_drift,medium,600,600,0,0,0
validation,position_jump,high,600,600,0,0,0
validation,position_jump,low,600,600,0,0,0
validation,position_jump,medium,600,600,0,0,0
validation,position_noise,high,600,600,0,0,0
validation,position_noise,low,600,600,0,0,0
validation,position_noise,medium,600,600,0,0,0
validation,timestamp_jitter,high,600,0,600,0,600
validation,timestamp_jitter,low,600,600,0,0,0
validation,timestamp_jitter,medium,600,534,66,0,66
