detector,attack_type,severity,planned_count,quality_valid_count,construction_failure_count,quality_failure_count,pre_tag_blocked_count,verifier_rejected_count,accepted_count,anomaly_detected_count,missed_count,flagged_count,flag_rate,rate_kind,ci_low,ci_high,test_clean_fpr,medium_high_recall_target_met
anomaly_logistic_regression_seed6007,clean,clean,600,600,0,0,0,0,600,,,32,0.05333333333333334,clean_false_positive_rate,0.03676235746799206,0.07445957566604683,0.05333333333333334,
anomaly_logistic_regression_seed6017,clean,clean,600,600,0,0,0,0,600,,,32,0.05333333333333334,clean_false_positive_rate,0.03676235746799206,0.07445957566604683,0.05333333333333334,
anomaly_logistic_regression_seed6027,clean,clean,600,600,0,0,0,0,600,,,32,0.05333333333333334,clean_false_positive_rate,0.03676235746799206,0.07445957566604683,0.05333333333333334,
anomaly_random_forest_seed6007,clean,clean,600,600,0,0,0,0,600,,,19,0.03166666666666667,clean_false_positive_rate,0.01917090026733237,0.049010998614013465,0.03166666666666667,
anomaly_random_forest_seed6017,clean,clean,600,600,0,0,0,0,600,,,17,0.028333333333333332,clean_false_positive_rate,0.016589987134640216,0.04497772635255502,0.028333333333333332,
anomaly_random_forest_seed6027,clean,clean,600,600,0,0,0,0,600,,,17,0.028333333333333332,clean_false_positive_rate,0.016589987134640216,0.04497772635255502,0.028333333333333332,
anomaly_logistic_regression_seed6007,dropped_samples,high,600,4,596,0,596,0,4,4,0,4,1.0,recall_among_quality_valid,0.3976353643835253,1.0,0.05333333333333334,True
anomaly_logistic_regression_seed6017,dropped_samples,high,600,4,596,0,596,0,4,4,0,4,1.0,recall_among_quality_valid,0.3976353643835253,1.0,0.05333333333333334,True
anomaly_logistic_regression_seed6027,dropped_samples,high,600,4,596,0,596,0,4,4,0,4,1.0,recall_among_quality_valid,0.3976353643835253,1.0,0.05333333333333334,True
anomaly_random_forest_seed6007,dropped_samples,high,600,4,596,0,596,0,4,4,0,4,1.0,recall_among_quality_valid,0.3976353643835253,1.0,0.03166666666666667,True
anomaly_random_forest_seed6017,dropped_samples,high,600,4,596,0,596,0,4,4,0,4,1.0,recall_among_quality_valid,0.3976353643835253,1.0,0.028333333333333332,True
anomaly_random_forest_seed6027,dropped_samples,high,600,4,596,0,596,0,4,4,0,4,1.0,recall_among_quality_valid,0.3976353643835253,1.0,0.028333333333333332,True
anomaly_logistic_regression_seed6007,dropped_samples,low,600,461,139,0,139,0,461,239,222,239,0.5184381778741866,recall_among_quality_valid,0.47174957244634874,0.5648888043140201,0.05333333333333334,
anomaly_logistic_regression_seed6017,dropped_samples,low,600,461,139,0,139,0,461,239,222,239,0.5184381778741866,recall_among_quality_valid,0.47174957244634874,0.5648888043140201,0.05333333333333334,
anomaly_logistic_regression_seed6027,dropped_samples,low,600,461,139,0,139,0,461,239,222,239,0.5184381778741866,recall_among_quality_valid,0.47174957244634874,0.5648888043140201,0.05333333333333334,
anomaly_random_forest_seed6007,dropped_samples,low,600,461,139,0,139,0,461,180,281,180,0.39045553145336226,recall_among_quality_valid,0.3456653183948264,0.4366606341589986,0.03166666666666667,
anomaly_random_forest_seed6017,dropped_samples,low,600,461,139,0,139,0,461,184,277,184,0.39913232104121477,recall_among_quality_valid,0.3541164507894783,0.4454508597773176,0.028333333333333332,
anomaly_random_forest_seed6027,dropped_samples,low,600,461,139,0,139,0,461,190,271,190,0.4121475054229935,recall_among_quality_valid,0.36682041548541244,0.458609003326781,0.028333333333333332,
anomaly_logistic_regression_seed6007,dropped_samples,medium,600,175,425,0,425,0,175,165,10,165,0.9428571428571428,recall_among_quality_valid,0.8974247575023336,0.9722608173296914,0.05333333333333334,True
anomaly_logistic_regression_seed6017,dropped_samples,medium,600,175,425,0,425,0,175,165,10,165,0.9428571428571428,recall_among_quality_valid,0.8974247575023336,0.9722608173296914,0.05333333333333334,True
anomaly_logistic_regression_seed6027,dropped_samples,medium,600,175,425,0,425,0,175,165,10,165,0.9428571428571428,recall_among_quality_valid,0.8974247575023336,0.9722608173296914,0.05333333333333334,True
anomaly_random_forest_seed6007,dropped_samples,medium,600,175,425,0,425,0,175,174,1,174,0.9942857142857143,recall_among_quality_valid,0.9685748031913973,0.9998553372761794,0.03166666666666667,True
anomaly_random_forest_seed6017,dropped_samples,medium,600,175,425,0,425,0,175,169,6,169,0.9657142857142857,recall_among_quality_valid,0.9268711771328015,0.9873157056256749,0.028333333333333332,True
anomaly_random_forest_seed6027,dropped_samples,medium,600,175,425,0,425,0,175,170,5,170,0.9714285714285714,recall_among_quality_valid,0.9345862624636107,0.9906591861626104,0.028333333333333332,True
anomaly_logistic_regression_seed6007,frozen_pose,high,600,600,0,0,0,0,600,600,0,600,1.0,recall_among_quality_valid,0.9938707286693308,1.0,0.05333333333333334,True
anomaly_logistic_regression_seed6017,frozen_pose,high,600,600,0,0,0,0,600,600,0,600,1.0,recall_among_quality_valid,0.9938707286693308,1.0,0.05333333333333334,True
anomaly_logistic_regression_seed6027,frozen_pose,high,600,600,0,0,0,0,600,600,0,600,1.0,recall_among_quality_valid,0.9938707286693308,1.0,0.05333333333333334,True
anomaly_random_forest_seed6007,frozen_pose,high,600,600,0,0,0,0,600,600,0,600,1.0,recall_among_quality_valid,0.9938707286693308,1.0,0.03166666666666667,True
anomaly_random_forest_seed6017,frozen_pose,high,600,600,0,0,0,0,600,600,0,600,1.0,recall_among_quality_valid,0.9938707286693308,1.0,0.028333333333333332,True
anomaly_random_forest_seed6027,frozen_pose,high,600,600,0,0,0,0,600,600,0,600,1.0,recall_among_quality_valid,0.9938707286693308,1.0,0.028333333333333332,True
anomaly_logistic_regression_seed6007,frozen_pose,low,600,600,0,0,0,0,600,600,0,600,1.0,recall_among_quality_valid,0.9938707286693308,1.0,0.05333333333333334,
anomaly_logistic_regression_seed6017,frozen_pose,low,600,600,0,0,0,0,600,600,0,600,1.0,recall_among_quality_valid,0.9938707286693308,1.0,0.05333333333333334,
anomaly_logistic_regression_seed6027,frozen_pose,low,600,600,0,0,0,0,600,600,0,600,1.0,recall_among_quality_valid,0.9938707286693308,1.0,0.05333333333333334,
anomaly_random_forest_seed6007,frozen_pose,low,600,600,0,0,0,0,600,600,0,600,1.0,recall_among_quality_valid,0.9938707286693308,1.0,0.03166666666666667,
anomaly_random_forest_seed6017,frozen_pose,low,600,600,0,0,0,0,600,600,0,600,1.0,recall_among_quality_valid,0.9938707286693308,1.0,0.028333333333333332,
anomaly_random_forest_seed6027,frozen_pose,low,600,600,0,0,0,0,600,600,0,600,1.0,recall_among_quality_valid,0.9938707286693308,1.0,0.028333333333333332,
anomaly_logistic_regression_seed6007,frozen_pose,medium,600,600,0,0,0,0,600,600,0,600,1.0,recall_among_quality_valid,0.9938707286693308,1.0,0.05333333333333334,True
anomaly_logistic_regression_seed6017,frozen_pose,medium,600,600,0,0,0,0,600,600,0,600,1.0,recall_among_quality_valid,0.9938707286693308,1.0,0.05333333333333334,True
anomaly_logistic_regression_seed6027,frozen_pose,medium,600,600,0,0,0,0,600,600,0,600,1.0,recall_among_quality_valid,0.9938707286693308,1.0,0.05333333333333334,True
anomaly_random_forest_seed6007,frozen_pose,medium,600,600,0,0,0,0,600,600,0,600,1.0,recall_among_quality_valid,0.9938707286693308,1.0,0.03166666666666667,True
anomaly_random_forest_seed6017,frozen_pose,medium,600,600,0,0,0,0,600,600,0,600,1.0,recall_among_quality_valid,0.9938707286693308,1.0,0.028333333333333332,True
anomaly_random_forest_seed6027,frozen_pose,medium,600,600,0,0,0,0,600,600,0,600,1.0,recall_among_quality_valid,0.9938707286693308,1.0,0.028333333333333332,True
anomaly_logistic_regression_seed6007,orientation_drift,high,600,600,0,0,0,0,600,85,515,85,0.14166666666666666,recall_among_quality_valid,0.1147513890281151,0.17216490695883996,0.05333333333333334,False
anomaly_logistic_regression_seed6017,orientation_drift,high,600,600,0,0,0,0,600,85,515,85,0.14166666666666666,recall_among_quality_valid,0.1147513890281151,0.17216490695883996,0.05333333333333334,False
anomaly_logistic_regression_seed6027,orientation_drift,high,600,600,0,0,0,0,600,85,515,85,0.14166666666666666,recall_among_quality_valid,0.1147513890281151,0.17216490695883996,0.05333333333333334,False
anomaly_random_forest_seed6007,orientation_drift,high,600,600,0,0,0,0,600,86,514,86,0.14333333333333334,recall_among_quality_valid,0.1162737391357822,0.17395858962230043,0.03166666666666667,False
anomaly_random_forest_seed6017,orientation_drift,high,600,600,0,0,0,0,600,69,531,69,0.115,recall_among_quality_valid,0.09058684387776395,0.1432758522430348,0.028333333333333332,False
anomaly_random_forest_seed6027,orientation_drift,high,600,600,0,0,0,0,600,80,520,80,0.13333333333333333,recall_among_quality_valid,0.10715968679952326,0.16317673167887464,0.028333333333333332,False
anomaly_logistic_regression_seed6007,orientation_drift,low,600,600,0,0,0,0,600,36,564,36,0.06,recall_among_quality_valid,0.04237339679484964,0.08210075867241579,0.05333333333333334,
anomaly_logistic_regression_seed6017,orientation_drift,low,600,600,0,0,0,0,600,36,564,36,0.06,recall_among_quality_valid,0.04237339679484964,0.08210075867241579,0.05333333333333334,
anomaly_logistic_regression_seed6027,orientation_drift,low,600,600,0,0,0,0,600,36,564,36,0.06,recall_among_quality_valid,0.04237339679484964,0.08210075867241579,0.05333333333333334,
anomaly_random_forest_seed6007,orientation_drift,low,600,600,0,0,0,0,600,20,580,20,0.03333333333333333,recall_among_quality_valid,0.02047742390020657,0.05101265243652414,0.03166666666666667,
anomaly_random_forest_seed6017,orientation_drift,low,600,600,0,0,0,0,600,18,582,18,0.03,recall_among_quality_valid,0.017874802357880748,0.04699961041127888,0.028333333333333332,
anomaly_random_forest_seed6027,orientation_drift,low,600,600,0,0,0,0,600,18,582,18,0.03,recall_among_quality_valid,0.017874802357880748,0.04699961041127888,0.028333333333333332,
anomaly_logistic_regression_seed6007,orientation_drift,medium,600,600,0,0,0,0,600,36,564,36,0.06,recall_among_quality_valid,0.04237339679484964,0.08210075867241579,0.05333333333333334,False
anomaly_logistic_regression_seed6017,orientation_drift,medium,600,600,0,0,0,0,600,36,564,36,0.06,recall_among_quality_valid,0.04237339679484964,0.08210075867241579,0.05333333333333334,False
anomaly_logistic_regression_seed6027,orientation_drift,medium,600,600,0,0,0,0,600,36,564,36,0.06,recall_among_quality_valid,0.04237339679484964,0.08210075867241579,0.05333333333333334,False
anomaly_random_forest_seed6007,orientation_drift,medium,600,600,0,0,0,0,600,35,565,35,0.058333333333333334,recall_among_quality_valid,0.04096395784509932,0.08019689210659561,0.03166666666666667,False
anomaly_random_forest_seed6017,orientation_drift,medium,600,600,0,0,0,0,600,30,570,30,0.05,recall_among_quality_valid,0.03398554721537628,0.07061140603267421,0.028333333333333332,False
anomaly_random_forest_seed6027,orientation_drift,medium,600,600,0,0,0,0,600,32,568,32,0.05333333333333334,recall_among_quality_valid,0.03676235746799206,0.07445957566604683,0.028333333333333332,False
anomaly_logistic_regression_seed6007,orientation_jump,high,600,600,0,0,0,0,600,600,0,600,1.0,recall_among_quality_valid,0.9938707286693308,1.0,0.05333333333333334,True
anomaly_logistic_regression_seed6017,orientation_jump,high,600,600,0,0,0,0,600,600,0,600,1.0,recall_among_quality_valid,0.9938707286693308,1.0,0.05333333333333334,True
anomaly_logistic_regression_seed6027,orientation_jump,high,600,600,0,0,0,0,600,600,0,600,1.0,recall_among_quality_valid,0.9938707286693308,1.0,0.05333333333333334,True
anomaly_random_forest_seed6007,orientation_jump,high,600,600,0,0,0,0,600,600,0,600,1.0,recall_among_quality_valid,0.9938707286693308,1.0,0.03166666666666667,True
anomaly_random_forest_seed6017,orientation_jump,high,600,600,0,0,0,0,600,600,0,600,1.0,recall_among_quality_valid,0.9938707286693308,1.0,0.028333333333333332,True
anomaly_random_forest_seed6027,orientation_jump,high,600,600,0,0,0,0,600,600,0,600,1.0,recall_among_quality_valid,0.9938707286693308,1.0,0.028333333333333332,True
anomaly_logistic_regression_seed6007,orientation_jump,low,600,600,0,0,0,0,600,533,67,533,0.8883333333333333,recall_among_quality_valid,0.8603632308522176,0.912405298726187,0.05333333333333334,
anomaly_logistic_regression_seed6017,orientation_jump,low,600,600,0,0,0,0,600,533,67,533,0.8883333333333333,recall_among_quality_valid,0.8603632308522176,0.912405298726187,0.05333333333333334,
anomaly_logistic_regression_seed6027,orientation_jump,low,600,600,0,0,0,0,600,533,67,533,0.8883333333333333,recall_among_quality_valid,0.8603632308522176,0.912405298726187,0.05333333333333334,
anomaly_random_forest_seed6007,orientation_jump,low,600,600,0,0,0,0,600,470,130,470,0.7833333333333333,recall_among_quality_valid,0.7481809622524146,0.8156686602924195,0.03166666666666667,
anomaly_random_forest_seed6017,orientation_jump,low,600,600,0,0,0,0,600,468,132,468,0.78,recall_among_quality_valid,0.7446834353049955,0.8125331420389561,0.028333333333333332,
anomaly_random_forest_seed6027,orientation_jump,low,600,600,0,0,0,0,600,466,134,466,0.7766666666666666,recall_among_quality_valid,0.741189005388241,0.8093945022342481,0.028333333333333332,
anomaly_logistic_regression_seed6007,orientation_jump,medium,600,600,0,0,0,0,600,600,0,600,1.0,recall_among_quality_valid,0.9938707286693308,1.0,0.05333333333333334,True
anomaly_logistic_regression_seed6017,orientation_jump,medium,600,600,0,0,0,0,600,600,0,600,1.0,recall_among_quality_valid,0.9938707286693308,1.0,0.05333333333333334,True
anomaly_logistic_regression_seed6027,orientation_jump,medium,600,600,0,0,0,0,600,600,0,600,1.0,recall_among_quality_valid,0.9938707286693308,1.0,0.05333333333333334,True
anomaly_random_forest_seed6007,orientation_jump,medium,600,600,0,0,0,0,600,600,0,600,1.0,recall_among_quality_valid,0.9938707286693308,1.0,0.03166666666666667,True
anomaly_random_forest_seed6017,orientation_jump,medium,600,600,0,0,0,0,600,600,0,600,1.0,recall_among_quality_valid,0.9938707286693308,1.0,0.028333333333333332,True
anomaly_random_forest_seed6027,orientation_jump,medium,600,600,0,0,0,0,600,600,0,600,1.0,recall_among_quality_valid,0.9938707286693308,1.0,0.028333333333333332,True
anomaly_logistic_regression_seed6007,orientation_noise,high,600,600,0,0,0,0,600,600,0,600,1.0,recall_among_quality_valid,0.9938707286693308,1.0,0.05333333333333334,True
anomaly_logistic_regression_seed6017,orientation_noise,high,600,600,0,0,0,0,600,600,0,600,1.0,recall_among_quality_valid,0.9938707286693308,1.0,0.05333333333333334,True
anomaly_logistic_regression_seed6027,orientation_noise,high,600,600,0,0,0,0,600,600,0,600,1.0,recall_among_quality_valid,0.9938707286693308,1.0,0.05333333333333334,True
anomaly_random_forest_seed6007,orientation_noise,high,600,600,0,0,0,0,600,600,0,600,1.0,recall_among_quality_valid,0.9938707286693308,1.0,0.03166666666666667,True
anomaly_random_forest_seed6017,orientation_noise,high,600,600,0,0,0,0,600,600,0,600,1.0,recall_among_quality_valid,0.9938707286693308,1.0,0.028333333333333332,True
anomaly_random_forest_seed6027,orientation_noise,high,600,600,0,0,0,0,600,600,0,600,1.0,recall_among_quality_valid,0.9938707286693308,1.0,0.028333333333333332,True
anomaly_logistic_regression_seed6007,orientation_noise,low,600,600,0,0,0,0,600,175,425,175,0.2916666666666667,recall_among_quality_valid,0.2555657311304429,0.32983285623726444,0.05333333333333334,
anomaly_logistic_regression_seed6017,orientation_noise,low,600,600,0,0,0,0,600,175,425,175,0.2916666666666667,recall_among_quality_valid,0.2555657311304429,0.32983285623726444,0.05333333333333334,
anomaly_logistic_regression_seed6027,orientation_noise,low,600,600,0,0,0,0,600,175,425,175,0.2916666666666667,recall_among_quality_valid,0.2555657311304429,0.32983285623726444,0.05333333333333334,
anomaly_random_forest_seed6007,orientation_noise,low,600,600,0,0,0,0,600,543,57,543,0.905,recall_among_quality_valid,0.8786693790706529,0.9272530899854503,0.03166666666666667,
anomaly_random_forest_seed6017,orientation_noise,low,600,600,0,0,0,0,600,539,61,539,0.8983333333333333,recall_among_quality_valid,0.8713235373546044,0.9213378399847962,0.028333333333333332,
anomaly_random_forest_seed6027,orientation_noise,low,600,600,0,0,0,0,600,536,64,536,0.8933333333333333,recall_among_quality_valid,0.8658350406263575,0.9168800781625228,0.028333333333333332,
anomaly_logistic_regression_seed6007,orientation_noise,medium,600,600,0,0,0,0,600,554,46,554,0.9233333333333333,recall_among_quality_valid,0.8990596138307249,0.9433263517010197,0.05333333333333334,True
anomaly_logistic_regression_seed6017,orientation_noise,medium,600,600,0,0,0,0,600,554,46,554,0.9233333333333333,recall_among_quality_valid,0.8990596138307249,0.9433263517010197,0.05333333333333334,True
anomaly_logistic_regression_seed6027,orientation_noise,medium,600,600,0,0,0,0,600,554,46,554,0.9233333333333333,recall_among_quality_valid,0.8990596138307249,0.9433263517010197,0.05333333333333334,True
anomaly_random_forest_seed6007,orientation_noise,medium,600,600,0,0,0,0,600,600,0,600,1.0,recall_among_quality_valid,0.9938707286693308,1.0,0.03166666666666667,True
anomaly_random_forest_seed6017,orientation_noise,medium,600,600,0,0,0,0,600,600,0,600,1.0,recall_among_quality_valid,0.9938707286693308,1.0,0.028333333333333332,True
anomaly_random_forest_seed6027,orientation_noise,medium,600,600,0,0,0,0,600,600,0,600,1.0,recall_among_quality_valid,0.9938707286693308,1.0,0.028333333333333332,True
anomaly_logistic_regression_seed6007,position_drift,high,600,600,0,0,0,0,600,600,0,600,1.0,recall_among_quality_valid,0.9938707286693308,1.0,0.05333333333333334,True
anomaly_logistic_regression_seed6017,position_drift,high,600,600,0,0,0,0,600,600,0,600,1.0,recall_among_quality_valid,0.9938707286693308,1.0,0.05333333333333334,True
anomaly_logistic_regression_seed6027,position_drift,high,600,600,0,0,0,0,600,600,0,600,1.0,recall_among_quality_valid,0.9938707286693308,1.0,0.05333333333333334,True
anomaly_random_forest_seed6007,position_drift,high,600,600,0,0,0,0,600,600,0,600,1.0,recall_among_quality_valid,0.9938707286693308,1.0,0.03166666666666667,True
anomaly_random_forest_seed6017,position_drift,high,600,600,0,0,0,0,600,600,0,600,1.0,recall_among_quality_valid,0.9938707286693308,1.0,0.028333333333333332,True
anomaly_random_forest_seed6027,position_drift,high,600,600,0,0,0,0,600,600,0,600,1.0,recall_among_quality_valid,0.9938707286693308,1.0,0.028333333333333332,True
anomaly_logistic_regression_seed6007,position_drift,low,600,600,0,0,0,0,600,205,395,205,0.3416666666666667,recall_among_quality_valid,0.3037444183075444,0.38115663503798347,0.05333333333333334,
anomaly_logistic_regression_seed6017,position_drift,low,600,600,0,0,0,0,600,205,395,205,0.3416666666666667,recall_among_quality_valid,0.3037444183075444,0.38115663503798347,0.05333333333333334,
anomaly_logistic_regression_seed6027,position_drift,low,600,600,0,0,0,0,600,205,395,205,0.3416666666666667,recall_among_quality_valid,0.3037444183075444,0.38115663503798347,0.05333333333333334,
anomaly_random_forest_seed6007,position_drift,low,600,600,0,0,0,0,600,219,381,219,0.365,recall_among_quality_valid,0.3263913629441406,0.4049447770710344,0.03166666666666667,
anomaly_random_forest_seed6017,position_drift,low,600,600,0,0,0,0,600,215,385,215,0.35833333333333334,recall_among_quality_valid,0.31991069191979316,0.398158249330657,0.028333333333333332,
anomaly_random_forest_seed6027,position_drift,low,600,600,0,0,0,0,600,208,392,208,0.3466666666666667,recall_among_quality_valid,0.30858892654937753,0.38626247579778483,0.028333333333333332,
anomaly_logistic_regression_seed6007,position_drift,medium,600,600,0,0,0,0,600,591,9,591,0.985,recall_among_quality_valid,0.9717169716419903,0.9931187054032113,0.05333333333333334,True
anomaly_logistic_regression_seed6017,position_drift,medium,600,600,0,0,0,0,600,591,9,591,0.985,recall_among_quality_valid,0.9717169716419903,0.9931187054032113,0.05333333333333334,True
anomaly_logistic_regression_seed6027,position_drift,medium,600,600,0,0,0,0,600,591,9,591,0.985,recall_among_quality_valid,0.9717169716419903,0.9931187054032113,0.05333333333333334,True
anomaly_random_forest_seed6007,position_drift,medium,600,600,0,0,0,0,600,597,3,597,0.995,recall_among_quality_valid,0.9854579578604367,0.9989676904830049,0.03166666666666667,True
anomaly_random_forest_seed6017,position_drift,medium,600,600,0,0,0,0,600,599,1,599,0.9983333333333333,recall_among_quality_valid,0.9907492277206258,0.9999578045436128,0.028333333333333332,True
anomaly_random_forest_seed6027,position_drift,medium,600,600,0,0,0,0,600,597,3,597,0.995,recall_among_quality_valid,0.9854579578604367,0.9989676904830049,0.028333333333333332,True
anomaly_logistic_regression_seed6007,position_jump,high,600,600,0,0,0,0,600,600,0,600,1.0,recall_among_quality_valid,0.9938707286693308,1.0,0.05333333333333334,True
anomaly_logistic_regression_seed6017,position_jump,high,600,600,0,0,0,0,600,600,0,600,1.0,recall_among_quality_valid,0.9938707286693308,1.0,0.05333333333333334,True
anomaly_logistic_regression_seed6027,position_jump,high,600,600,0,0,0,0,600,600,0,600,1.0,recall_among_quality_valid,0.9938707286693308,1.0,0.05333333333333334,True
anomaly_random_forest_seed6007,position_jump,high,600,600,0,0,0,0,600,600,0,600,1.0,recall_among_quality_valid,0.9938707286693308,1.0,0.03166666666666667,True
anomaly_random_forest_seed6017,position_jump,high,600,600,0,0,0,0,600,600,0,600,1.0,recall_among_quality_valid,0.9938707286693308,1.0,0.028333333333333332,True
anomaly_random_forest_seed6027,position_jump,high,600,600,0,0,0,0,600,600,0,600,1.0,recall_among_quality_valid,0.9938707286693308,1.0,0.028333333333333332,True
anomaly_logistic_regression_seed6007,position_jump,low,600,600,0,0,0,0,600,600,0,600,1.0,recall_among_quality_valid,0.9938707286693308,1.0,0.05333333333333334,
anomaly_logistic_regression_seed6017,position_jump,low,600,600,0,0,0,0,600,600,0,600,1.0,recall_among_quality_valid,0.9938707286693308,1.0,0.05333333333333334,
anomaly_logistic_regression_seed6027,position_jump,low,600,600,0,0,0,0,600,600,0,600,1.0,recall_among_quality_valid,0.9938707286693308,1.0,0.05333333333333334,
anomaly_random_forest_seed6007,position_jump,low,600,600,0,0,0,0,600,600,0,600,1.0,recall_among_quality_valid,0.9938707286693308,1.0,0.03166666666666667,
anomaly_random_forest_seed6017,position_jump,low,600,600,0,0,0,0,600,600,0,600,1.0,recall_among_quality_valid,0.9938707286693308,1.0,0.028333333333333332,
anomaly_random_forest_seed6027,position_jump,low,600,600,0,0,0,0,600,600,0,600,1.0,recall_among_quality_valid,0.9938707286693308,1.0,0.028333333333333332,
anomaly_logistic_regression_seed6007,position_jump,medium,600,600,0,0,0,0,600,600,0,600,1.0,recall_among_quality_valid,0.9938707286693308,1.0,0.05333333333333334,True
anomaly_logistic_regression_seed6017,position_jump,medium,600,600,0,0,0,0,600,600,0,600,1.0,recall_among_quality_valid,0.9938707286693308,1.0,0.05333333333333334,True
anomaly_logistic_regression_seed6027,position_jump,medium,600,600,0,0,0,0,600,600,0,600,1.0,recall_among_quality_valid,0.9938707286693308,1.0,0.05333333333333334,True
anomaly_random_forest_seed6007,position_jump,medium,600,600,0,0,0,0,600,600,0,600,1.0,recall_among_quality_valid,0.9938707286693308,1.0,0.03166666666666667,True
anomaly_random_forest_seed6017,position_jump,medium,600,600,0,0,0,0,600,600,0,600,1.0,recall_among_quality_valid,0.9938707286693308,1.0,0.028333333333333332,True
anomaly_random_forest_seed6027,position_jump,medium,600,600,0,0,0,0,600,600,0,600,1.0,recall_among_quality_valid,0.9938707286693308,1.0,0.028333333333333332,True
anomaly_logistic_regression_seed6007,position_noise,high,600,600,0,0,0,0,600,600,0,600,1.0,recall_among_quality_valid,0.9938707286693308,1.0,0.05333333333333334,True
anomaly_logistic_regression_seed6017,position_noise,high,600,600,0,0,0,0,600,600,0,600,1.0,recall_among_quality_valid,0.9938707286693308,1.0,0.05333333333333334,True
anomaly_logistic_regression_seed6027,position_noise,high,600,600,0,0,0,0,600,600,0,600,1.0,recall_among_quality_valid,0.9938707286693308,1.0,0.05333333333333334,True
anomaly_random_forest_seed6007,position_noise,high,600,600,0,0,0,0,600,600,0,600,1.0,recall_among_quality_valid,0.9938707286693308,1.0,0.03166666666666667,True
anomaly_random_forest_seed6017,position_noise,high,600,600,0,0,0,0,600,600,0,600,1.0,recall_among_quality_valid,0.9938707286693308,1.0,0.028333333333333332,True
anomaly_random_forest_seed6027,position_noise,high,600,600,0,0,0,0,600,600,0,600,1.0,recall_among_quality_valid,0.9938707286693308,1.0,0.028333333333333332,True
anomaly_logistic_regression_seed6007,position_noise,low,600,600,0,0,0,0,600,512,88,512,0.8533333333333334,recall_among_quality_valid,0.8224578456816307,0.8806777070328016,0.05333333333333334,
anomaly_logistic_regression_seed6017,position_noise,low,600,600,0,0,0,0,600,512,88,512,0.8533333333333334,recall_among_quality_valid,0.8224578456816307,0.8806777070328016,0.05333333333333334,
anomaly_logistic_regression_seed6027,position_noise,low,600,600,0,0,0,0,600,512,88,512,0.8533333333333334,recall_among_quality_valid,0.8224578456816307,0.8806777070328016,0.05333333333333334,
anomaly_random_forest_seed6007,position_noise,low,600,600,0,0,0,0,600,600,0,600,1.0,recall_among_quality_valid,0.9938707286693308,1.0,0.03166666666666667,
anomaly_random_forest_seed6017,position_noise,low,600,600,0,0,0,0,600,600,0,600,1.0,recall_among_quality_valid,0.9938707286693308,1.0,0.028333333333333332,
anomaly_random_forest_seed6027,position_noise,low,600,600,0,0,0,0,600,600,0,600,1.0,recall_among_quality_valid,0.9938707286693308,1.0,0.028333333333333332,
anomaly_logistic_regression_seed6007,position_noise,medium,600,600,0,0,0,0,600,600,0,600,1.0,recall_among_quality_valid,0.9938707286693308,1.0,0.05333333333333334,True
anomaly_logistic_regression_seed6017,position_noise,medium,600,600,0,0,0,0,600,600,0,600,1.0,recall_among_quality_valid,0.9938707286693308,1.0,0.05333333333333334,True
anomaly_logistic_regression_seed6027,position_noise,medium,600,600,0,0,0,0,600,600,0,600,1.0,recall_among_quality_valid,0.9938707286693308,1.0,0.05333333333333334,True
anomaly_random_forest_seed6007,position_noise,medium,600,600,0,0,0,0,600,600,0,600,1.0,recall_among_quality_valid,0.9938707286693308,1.0,0.03166666666666667,True
anomaly_random_forest_seed6017,position_noise,medium,600,600,0,0,0,0,600,600,0,600,1.0,recall_among_quality_valid,0.9938707286693308,1.0,0.028333333333333332,True
anomaly_random_forest_seed6027,position_noise,medium,600,600,0,0,0,0,600,600,0,600,1.0,recall_among_quality_valid,0.9938707286693308,1.0,0.028333333333333332,True
anomaly_logistic_regression_seed6007,timestamp_jitter,high,600,0,600,0,600,0,0,0,0,0,,recall_among_quality_valid,,,0.05333333333333334,
anomaly_logistic_regression_seed6017,timestamp_jitter,high,600,0,600,0,600,0,0,0,0,0,,recall_among_quality_valid,,,0.05333333333333334,
anomaly_logistic_regression_seed6027,timestamp_jitter,high,600,0,600,0,600,0,0,0,0,0,,recall_among_quality_valid,,,0.05333333333333334,
anomaly_random_forest_seed6007,timestamp_jitter,high,600,0,600,0,600,0,0,0,0,0,,recall_among_quality_valid,,,0.03166666666666667,
anomaly_random_forest_seed6017,timestamp_jitter,high,600,0,600,0,600,0,0,0,0,0,,recall_among_quality_valid,,,0.028333333333333332,
anomaly_random_forest_seed6027,timestamp_jitter,high,600,0,600,0,600,0,0,0,0,0,,recall_among_quality_valid,,,0.028333333333333332,
anomaly_logistic_regression_seed6007,timestamp_jitter,low,600,600,0,0,0,0,600,35,565,35,0.058333333333333334,recall_among_quality_valid,0.04096395784509932,0.08019689210659561,0.05333333333333334,
anomaly_logistic_regression_seed6017,timestamp_jitter,low,600,600,0,0,0,0,600,35,565,35,0.058333333333333334,recall_among_quality_valid,0.04096395784509932,0.08019689210659561,0.05333333333333334,
anomaly_logistic_regression_seed6027,timestamp_jitter,low,600,600,0,0,0,0,600,35,565,35,0.058333333333333334,recall_among_quality_valid,0.04096395784509932,0.08019689210659561,0.05333333333333334,
anomaly_random_forest_seed6007,timestamp_jitter,low,600,600,0,0,0,0,600,540,60,540,0.9,recall_among_quality_valid,0.8731569276351681,0.9228197888484686,0.03166666666666667,
anomaly_random_forest_seed6017,timestamp_jitter,low,600,600,0,0,0,0,600,547,53,547,0.9116666666666666,recall_among_quality_valid,0.8860497825566729,0.9331329975532761,0.028333333333333332,
anomaly_random_forest_seed6027,timestamp_jitter,low,600,600,0,0,0,0,600,544,56,544,0.9066666666666666,recall_among_quality_valid,0.8805111130951375,0.9287265121946549,0.028333333333333332,
anomaly_logistic_regression_seed6007,timestamp_jitter,medium,600,516,84,0,84,0,516,100,416,100,0.1937984496124031,recall_among_quality_valid,0.16056016098230508,0.23058910280821981,0.05333333333333334,False
anomaly_logistic_regression_seed6017,timestamp_jitter,medium,600,516,84,0,84,0,516,100,416,100,0.1937984496124031,recall_among_quality_valid,0.16056016098230508,0.23058910280821981,0.05333333333333334,False
anomaly_logistic_regression_seed6027,timestamp_jitter,medium,600,516,84,0,84,0,516,100,416,100,0.1937984496124031,recall_among_quality_valid,0.16056016098230508,0.23058910280821981,0.05333333333333334,False
anomaly_random_forest_seed6007,timestamp_jitter,medium,600,516,84,0,84,0,516,516,0,516,1.0,recall_among_quality_valid,0.9928765020608581,1.0,0.03166666666666667,True
anomaly_random_forest_seed6017,timestamp_jitter,medium,600,516,84,0,84,0,516,516,0,516,1.0,recall_among_quality_valid,0.9928765020608581,1.0,0.028333333333333332,True
anomaly_random_forest_seed6027,timestamp_jitter,medium,600,516,84,0,84,0,516,516,0,516,1.0,recall_among_quality_valid,0.9928765020608581,1.0,0.028333333333333332,True
