split,attack_type,severity,stage,reason,count
test,dropped_samples,high,construction_failure,source_gap_exceeds_50_ms,596
test,dropped_samples,low,construction_failure,source_gap_exceeds_50_ms,139
test,dropped_samples,medium,construction_failure,source_gap_exceeds_50_ms,425
test,timestamp_jitter,high,construction_failure,source_timestamps_not_increasing,600
test,timestamp_jitter,medium,construction_failure,source_timestamps_not_increasing,84
train,dropped_samples,high,construction_failure,source_gap_exceeds_50_ms,598
train,dropped_samples,low,construction_failure,source_gap_exceeds_50_ms,152
train,dropped_samples,medium,construction_failure,source_gap_exceeds_50_ms,409
train,timestamp_jitter,high,construction_failure,source_timestamps_not_increasing,600
train,timestamp_jitter,medium,construction_failure,source_timestamps_not_increasing,58
validation,dropped_samples,high,construction_failure,source_gap_exceeds_50_ms,599
validation,dropped_samples,low,construction_failure,source_gap_exceeds_50_ms,142
validation,dropped_samples,medium,construction_failure,source_gap_exceeds_50_ms,433
validation,timestamp_jitter,high,construction_failure,source_timestamps_not_increasing,600
validation,timestamp_jitter,medium,construction_failure,source_timestamps_not_increasing,66
