model,attack_type,severity,quality_valid_count,matched_clean_accuracy,changed_accuracy,accuracy_loss,accuracy_loss_ci_low,accuracy_loss_ci_high,matched_clean_macro_f1,changed_macro_f1,macro_f1_loss
motion_logistic_regression_seed17,clean,clean,600,0.9033333333333333,0.9033333333333333,0.0,0.0,0.0,0.9048316389722142,0.9048316389722142,0.0
motion_logistic_regression_seed27,clean,clean,600,0.9033333333333333,0.9033333333333333,0.0,0.0,0.0,0.9048316389722142,0.9048316389722142,0.0
motion_logistic_regression_seed7,clean,clean,600,0.9033333333333333,0.9033333333333333,0.0,0.0,0.0,0.9048316389722142,0.9048316389722142,0.0
motion_random_forest_seed17,clean,clean,600,0.8966666666666666,0.8966666666666666,0.0,0.0,0.0,0.8968126131190853,0.8968126131190853,0.0
motion_random_forest_seed27,clean,clean,600,0.8883333333333333,0.8883333333333333,0.0,0.0,0.0,0.8888155374880995,0.8888155374880995,0.0
motion_random_forest_seed7,clean,clean,600,0.895,0.895,0.0,0.0,0.0,0.8952500355591392,0.8952500355591392,0.0
motion_snn_seed17,clean,clean,600,0.855,0.855,0.0,0.0,0.0,0.8552162821283904,0.8552162821283904,0.0
motion_snn_seed27,clean,clean,600,0.8666666666666667,0.8666666666666667,0.0,0.0,0.0,0.8672699606710852,0.8672699606710852,0.0
motion_snn_seed7,clean,clean,600,0.8266666666666667,0.8266666666666667,0.0,0.0,0.0,0.82740934773673,0.82740934773673,0.0
motion_logistic_regression_seed17,dropped_samples,high,4,1.0,0.75,0.25,0.0,0.75,0.8,0.5333333333333333,0.2666666666666667
motion_logistic_regression_seed27,dropped_samples,high,4,1.0,0.75,0.25,0.0,0.75,0.8,0.5333333333333333,0.2666666666666667
motion_logistic_regression_seed7,dropped_samples,high,4,1.0,0.75,0.25,0.0,0.75,0.8,0.5333333333333333,0.2666666666666667
motion_random_forest_seed17,dropped_samples,high,4,1.0,1.0,0.0,0.0,0.0,0.8,0.8,0.0
motion_random_forest_seed27,dropped_samples,high,4,1.0,1.0,0.0,0.0,0.0,0.8,0.8,0.0
motion_random_forest_seed7,dropped_samples,high,4,1.0,1.0,0.0,0.0,0.0,0.8,0.8,0.0
motion_snn_seed17,dropped_samples,high,4,0.75,0.75,0.0,0.0,0.0,0.5333333333333333,0.5333333333333333,0.0
motion_snn_seed27,dropped_samples,high,4,0.75,0.75,0.0,0.0,0.0,0.5333333333333333,0.5333333333333333,0.0
motion_snn_seed7,dropped_samples,high,4,0.75,0.75,0.0,0.0,0.0,0.5333333333333333,0.5333333333333333,0.0
motion_logistic_regression_seed17,dropped_samples,low,461,0.9023861171366594,0.8980477223427332,0.00433839479392617,-0.010845986984815618,0.019522776572668113,0.9051471512920788,0.8999407953800169,0.005206355912061866
motion_logistic_regression_seed27,dropped_samples,low,461,0.9023861171366594,0.8980477223427332,0.00433839479392617,-0.010845986984815618,0.019522776572668113,0.9051471512920788,0.8999407953800169,0.005206355912061866
motion_logistic_regression_seed7,dropped_samples,low,461,0.9023861171366594,0.8980477223427332,0.00433839479392617,-0.010845986984815618,0.019522776572668113,0.9051471512920788,0.8999407953800169,0.005206355912061866
motion_random_forest_seed17,dropped_samples,low,461,0.8915401301518439,0.8937093275488069,-0.002169197396963085,-0.006561822125813446,0.0,0.8933552790069517,0.8955391756279252,-0.0021838966209735133
motion_random_forest_seed27,dropped_samples,low,461,0.8828633405639913,0.8850325379609545,-0.002169197396963196,-0.006507592190889371,0.0,0.8848410375036126,0.8871306198639001,-0.0022895823602874232
motion_random_forest_seed7,dropped_samples,low,461,0.8872017353579176,0.8872017353579176,0.0,0.0,0.0,0.8890570610012304,0.8890570610012304,0.0
motion_snn_seed17,dropped_samples,low,461,0.8459869848156182,0.841648590021692,0.00433839479392617,0.0,0.010845986984815618,0.8471820967703321,0.8427356173238527,0.004446479446479357
motion_snn_seed27,dropped_samples,low,461,0.8590021691973969,0.8568329718004338,0.002169197396963085,-0.004338394793926247,0.008676789587852495,0.8613234178151202,0.8591675103778179,0.002155907437302318
motion_snn_seed7,dropped_samples,low,461,0.8199566160520607,0.8177874186550976,0.002169197396963085,-0.004338394793926247,0.008676789587852495,0.8206642297044773,0.8187489753084044,0.001915254396072874
motion_logistic_regression_seed17,dropped_samples,medium,175,0.9028571428571428,0.8914285714285715,0.011428571428571344,0.0,0.02857142857142857,0.901590206807598,0.8905148858880203,0.011075320919577747
motion_logistic_regression_seed27,dropped_samples,medium,175,0.9028571428571428,0.8914285714285715,0.011428571428571344,0.0,0.02857142857142857,0.901590206807598,0.8905148858880203,0.011075320919577747
motion_logistic_regression_seed7,dropped_samples,medium,175,0.9028571428571428,0.8914285714285715,0.011428571428571344,0.0,0.02857142857142857,0.901590206807598,0.8905148858880203,0.011075320919577747
motion_random_forest_seed17,dropped_samples,medium,175,0.8971428571428571,0.8914285714285715,0.005714285714285672,0.0,0.017142857142857144,0.8935795088845719,0.8875168111566454,0.006062697727926558
motion_random_forest_seed27,dropped_samples,medium,175,0.8857142857142857,0.8857142857142857,0.0,0.0,0.0,0.8824433587840677,0.8824433587840677,0.0
motion_random_forest_seed7,dropped_samples,medium,175,0.8914285714285715,0.8857142857142857,0.005714285714285783,0.0,0.017142857142857144,0.8872759615733015,0.8816964956777689,0.005579465895532598
motion_snn_seed17,dropped_samples,medium,175,0.8457142857142858,0.84,0.005714285714285783,0.0,0.017285714285714158,0.8405581184016102,0.8351553536431549,0.005402764758455358
motion_snn_seed27,dropped_samples,medium,175,0.8685714285714285,0.8571428571428571,0.011428571428571455,0.0,0.02857142857142857,0.863621041505966,0.8516711730152722,0.011949868490693794
motion_snn_seed7,dropped_samples,medium,175,0.8114285714285714,0.8171428571428572,-0.005714285714285783,-0.017142857142857144,0.0,0.8091292646905176,0.8151481121419893,-0.006018847451471743
motion_logistic_regression_seed17,frozen_pose,high,600,0.9033333333333333,0.8333333333333334,0.06999999999999995,0.041666666666666664,0.09666666666666666,0.9048316389722142,0.8346513195203766,0.07018031945183756
motion_logistic_regression_seed27,frozen_pose,high,600,0.9033333333333333,0.8333333333333334,0.06999999999999995,0.041666666666666664,0.09666666666666666,0.9048316389722142,0.8346513195203766,0.07018031945183756
motion_logistic_regression_seed7,frozen_pose,high,600,0.9033333333333333,0.8333333333333334,0.06999999999999995,0.041666666666666664,0.09666666666666666,0.9048316389722142,0.8346513195203766,0.07018031945183756
motion_random_forest_seed17,frozen_pose,high,600,0.8966666666666666,0.84,0.05666666666666664,0.03495833333333334,0.08004166666666664,0.8968126131190853,0.8405032196430572,0.05630939347602815
motion_random_forest_seed27,frozen_pose,high,600,0.8883333333333333,0.84,0.04833333333333334,0.028333333333333332,0.06666666666666667,0.8888155374880995,0.8402406507062729,0.04857488678182664
motion_random_forest_seed7,frozen_pose,high,600,0.895,0.8416666666666667,0.053333333333333344,0.028333333333333332,0.075,0.8952500355591392,0.8418346774585774,0.05341535810056175
motion_snn_seed17,frozen_pose,high,600,0.855,0.8,0.05499999999999994,0.03162500000000001,0.07333333333333333,0.8552162821283904,0.7988556552868562,0.0563606268415342
motion_snn_seed27,frozen_pose,high,600,0.8666666666666667,0.8183333333333334,0.04833333333333334,0.025,0.0717083333333333,0.8672699606710852,0.8187497345606797,0.04852022611040552
motion_snn_seed7,frozen_pose,high,600,0.8266666666666667,0.795,0.03166666666666662,0.008333333333333333,0.055,0.82740934773673,0.7945805666280152,0.03282878110871479
motion_logistic_regression_seed17,frozen_pose,low,600,0.9033333333333333,0.895,0.008333333333333304,-0.005,0.023333333333333334,0.9048316389722142,0.8961096854101521,0.008721953562062068
motion_logistic_regression_seed27,frozen_pose,low,600,0.9033333333333333,0.895,0.008333333333333304,-0.005,0.023333333333333334,0.9048316389722142,0.8961096854101521,0.008721953562062068
motion_logistic_regression_seed7,frozen_pose,low,600,0.9033333333333333,0.895,0.008333333333333304,-0.005,0.023333333333333334,0.9048316389722142,0.8961096854101521,0.008721953562062068
motion_random_forest_seed17,frozen_pose,low,600,0.8966666666666666,0.895,0.0016666666666665941,-0.0033333333333333335,0.006666666666666667,0.8968126131190853,0.8950567489648227,0.001755864154262654
motion_random_forest_seed27,frozen_pose,low,600,0.8883333333333333,0.8883333333333333,0.0,-0.006666666666666667,0.006666666666666667,0.8888155374880995,0.8886673514620149,0.00014818602608457354
motion_random_forest_seed7,frozen_pose,low,600,0.895,0.8983333333333333,-0.0033333333333332993,-0.008333333333333333,0.0,0.8952500355591392,0.8986257028481572,-0.0033756672890180583
motion_snn_seed17,frozen_pose,low,600,0.855,0.8566666666666667,-0.0016666666666667052,-0.008333333333333333,0.0033333333333333335,0.8552162821283904,0.8571488145120132,-0.001932532383622787
motion_snn_seed27,frozen_pose,low,600,0.8666666666666667,0.8683333333333333,-0.0016666666666665941,-0.005041666666666665,0.0,0.8672699606710852,0.8690370669864447,-0.001767106315359479
motion_snn_seed7,frozen_pose,low,600,0.8266666666666667,0.8316666666666667,-0.0050000000000000044,-0.011666666666666667,0.0016666666666666668,0.82740934773673,0.8323774003474149,-0.004968052610684892
motion_logistic_regression_seed17,frozen_pose,medium,600,0.9033333333333333,0.885,0.018333333333333313,0.0016250000000000025,0.036708333333333294,0.9048316389722142,0.8861115671346276,0.018720071837586616
motion_logistic_regression_seed27,frozen_pose,medium,600,0.9033333333333333,0.885,0.018333333333333313,0.0016250000000000025,0.036708333333333294,0.9048316389722142,0.8861115671346276,0.018720071837586616
motion_logistic_regression_seed7,frozen_pose,medium,600,0.9033333333333333,0.885,0.018333333333333313,0.0016250000000000025,0.036708333333333294,0.9048316389722142,0.8861115671346276,0.018720071837586616
motion_random_forest_seed17,frozen_pose,medium,600,0.8966666666666666,0.885,0.011666666666666603,0.0016666666666666668,0.025,0.8968126131190853,0.8852383523493466,0.011574260769738776
motion_random_forest_seed27,frozen_pose,medium,600,0.8883333333333333,0.8866666666666667,0.0016666666666665941,-0.006666666666666667,0.011666666666666667,0.8888155374880995,0.8870535241753155,0.0017620133127840276
motion_random_forest_seed7,frozen_pose,medium,600,0.895,0.89,0.0050000000000000044,-0.005,0.015,0.8952500355591392,0.890278214533792,0.004971821025347212
motion_snn_seed17,frozen_pose,medium,600,0.855,0.8466666666666667,0.008333333333333304,-0.0033333333333333335,0.02,0.8552162821283904,0.8459956733577412,0.00922060877064923
motion_snn_seed27,frozen_pose,medium,600,0.8666666666666667,0.855,0.011666666666666714,0.0,0.025,0.8672699606710852,0.8555886992714379,0.011681261399647314
motion_snn_seed7,frozen_pose,medium,600,0.8266666666666667,0.8366666666666667,-0.010000000000000009,-0.021666666666666667,0.0,0.82740934773673,0.8373658321660091,-0.0099564844292791
motion_logistic_regression_seed17,orientation_drift,high,600,0.9033333333333333,0.895,0.008333333333333304,-0.006708333333333332,0.023333333333333334,0.9048316389722142,0.8960648651627295,0.008766773809484651
motion_logistic_regression_seed27,orientation_drift,high,600,0.9033333333333333,0.895,0.008333333333333304,-0.006708333333333332,0.023333333333333334,0.9048316389722142,0.8960648651627295,0.008766773809484651
motion_logistic_regression_seed7,orientation_drift,high,600,0.9033333333333333,0.895,0.008333333333333304,-0.006708333333333332,0.023333333333333334,0.9048316389722142,0.8960648651627295,0.008766773809484651
motion_random_forest_seed17,orientation_drift,high,600,0.8966666666666666,0.845,0.05166666666666664,0.02658333333333334,0.07666666666666666,0.8968126131190853,0.8441222157362243,0.052690397382861076
motion_random_forest_seed27,orientation_drift,high,600,0.8883333333333333,0.8516666666666667,0.036666666666666625,0.01,0.060041666666666625,0.8888155374880995,0.850352845165323,0.03846269232277655
motion_random_forest_seed7,orientation_drift,high,600,0.895,0.8466666666666667,0.04833333333333334,0.021666666666666667,0.075,0.8952500355591392,0.8456091925584512,0.04964084300068794
motion_snn_seed17,orientation_drift,high,600,0.855,0.7433333333333333,0.11166666666666669,0.08333333333333333,0.145,0.8552162821283904,0.7360374599109006,0.11917882221748977
motion_snn_seed27,orientation_drift,high,600,0.8666666666666667,0.7866666666666666,0.08000000000000007,0.051666666666666666,0.11,0.8672699606710852,0.7820405423790867,0.08522941829199848
motion_snn_seed7,orientation_drift,high,600,0.8266666666666667,0.7366666666666667,0.08999999999999997,0.061625000000000006,0.12337499999999997,0.82740934773673,0.7276774109159986,0.09973193682073145
motion_logistic_regression_seed17,orientation_drift,low,600,0.9033333333333333,0.9033333333333333,0.0,-0.006666666666666667,0.006666666666666667,0.9048316389722142,0.9047618747069643,6.97642652498498e-05
motion_logistic_regression_seed27,orientation_drift,low,600,0.9033333333333333,0.9033333333333333,0.0,-0.006666666666666667,0.006666666666666667,0.9048316389722142,0.9047618747069643,6.97642652498498e-05
motion_logistic_regression_seed7,orientation_drift,low,600,0.9033333333333333,0.9033333333333333,0.0,-0.006666666666666667,0.006666666666666667,0.9048316389722142,0.9047618747069643,6.97642652498498e-05
motion_random_forest_seed17,orientation_drift,low,600,0.8966666666666666,0.8983333333333333,-0.0016666666666667052,-0.013333333333333334,0.01,0.8968126131190853,0.8985646013704919,-0.0017519882514065444
motion_random_forest_seed27,orientation_drift,low,600,0.8883333333333333,0.8933333333333333,-0.0050000000000000044,-0.015,0.006666666666666667,0.8888155374880995,0.8935661265379515,-0.004750589049852039
motion_random_forest_seed7,orientation_drift,low,600,0.895,0.8966666666666666,-0.0016666666666665941,-0.01,0.006666666666666667,0.8952500355591392,0.8968292416657098,-0.0015792061065705854
motion_snn_seed17,orientation_drift,low,600,0.855,0.85,0.0050000000000000044,-0.006666666666666667,0.018333333333333333,0.8552162821283904,0.8494515213145002,0.005764760813890213
motion_snn_seed27,orientation_drift,low,600,0.8666666666666667,0.8583333333333333,0.008333333333333415,-0.005,0.023333333333333334,0.8672699606710852,0.8583805802202203,0.008889380450864848
motion_snn_seed7,orientation_drift,low,600,0.8266666666666667,0.8233333333333334,0.0033333333333332993,-0.01,0.016708333333333294,0.82740934773673,0.8239190625719285,0.003490285164801543
motion_logistic_regression_seed17,orientation_drift,medium,600,0.9033333333333333,0.9016666666666666,0.0016666666666667052,-0.01,0.015,0.9048316389722142,0.9028293901621316,0.0020022488100825964
motion_logistic_regression_seed27,orientation_drift,medium,600,0.9033333333333333,0.9016666666666666,0.0016666666666667052,-0.01,0.015,0.9048316389722142,0.9028293901621316,0.0020022488100825964
motion_logistic_regression_seed7,orientation_drift,medium,600,0.9033333333333333,0.9016666666666666,0.0016666666666667052,-0.01,0.015,0.9048316389722142,0.9028293901621316,0.0020022488100825964
motion_random_forest_seed17,orientation_drift,medium,600,0.8966666666666666,0.8916666666666667,0.004999999999999893,-0.011666666666666667,0.023333333333333334,0.8968126131190853,0.8920054028868369,0.004807210232248393
motion_random_forest_seed27,orientation_drift,medium,600,0.8883333333333333,0.8883333333333333,0.0,-0.016666666666666666,0.021666666666666667,0.8888155374880995,0.8882075312199385,0.0006080062681610432
motion_random_forest_seed7,orientation_drift,medium,600,0.895,0.89,0.0050000000000000044,-0.011666666666666667,0.021666666666666667,0.8952500355591392,0.8898922868621465,0.005357748696992681
motion_snn_seed17,orientation_drift,medium,600,0.855,0.8283333333333334,0.026666666666666616,0.0032916666666666693,0.05,0.8552162821283904,0.8271050728441095,0.028111209284280902
motion_snn_seed27,orientation_drift,medium,600,0.8666666666666667,0.8216666666666667,0.04500000000000004,0.025,0.06333333333333334,0.8672699606710852,0.8207412282711232,0.046528732399962025
motion_snn_seed7,orientation_drift,medium,600,0.8266666666666667,0.815,0.011666666666666714,-0.01,0.035,0.82740934773673,0.8141736854605142,0.013235662276215865
motion_logistic_regression_seed17,orientation_jump,high,600,0.9033333333333333,0.7166666666666667,0.18666666666666665,0.155,0.21833333333333332,0.9048316389722142,0.7116772179423952,0.19315442102981895
motion_logistic_regression_seed27,orientation_jump,high,600,0.9033333333333333,0.7166666666666667,0.18666666666666665,0.155,0.21833333333333332,0.9048316389722142,0.7116772179423952,0.19315442102981895
motion_logistic_regression_seed7,orientation_jump,high,600,0.9033333333333333,0.7166666666666667,0.18666666666666665,0.155,0.21833333333333332,0.9048316389722142,0.7116772179423952,0.19315442102981895
motion_random_forest_seed17,orientation_jump,high,600,0.8966666666666666,0.6716666666666666,0.22499999999999998,0.18833333333333332,0.265,0.8968126131190853,0.6434975214416407,0.2533150916774446
motion_random_forest_seed27,orientation_jump,high,600,0.8883333333333333,0.665,0.22333333333333327,0.18333333333333332,0.2633333333333333,0.8888155374880995,0.6360753729733607,0.2527401645147388
motion_random_forest_seed7,orientation_jump,high,600,0.895,0.67,0.22499999999999998,0.18987500000000002,0.265,0.8952500355591392,0.6394020527100895,0.25584798284904964
motion_snn_seed17,orientation_jump,high,600,0.855,0.555,0.29999999999999993,0.25995833333333335,0.34337499999999993,0.8552162821283904,0.5336379365812572,0.32157834554713316
motion_snn_seed27,orientation_jump,high,600,0.8666666666666667,0.5966666666666667,0.27,0.23495833333333332,0.3150416666666666,0.8672699606710852,0.5765943538989038,0.2906756067721814
motion_snn_seed7,orientation_jump,high,600,0.8266666666666667,0.57,0.2566666666666667,0.21991666666666668,0.29833333333333334,0.82740934773673,0.5407998373209105,0.2866095104158195
motion_logistic_regression_seed17,orientation_jump,low,600,0.9033333333333333,0.8733333333333333,0.030000000000000027,0.01329166666666667,0.045041666666666626,0.9048316389722142,0.8744990118629123,0.030332627109301846
motion_logistic_regression_seed27,orientation_jump,low,600,0.9033333333333333,0.8733333333333333,0.030000000000000027,0.01329166666666667,0.045041666666666626,0.9048316389722142,0.8744990118629123,0.030332627109301846
motion_logistic_regression_seed7,orientation_jump,low,600,0.9033333333333333,0.8733333333333333,0.030000000000000027,0.01329166666666667,0.045041666666666626,0.9048316389722142,0.8744990118629123,0.030332627109301846
motion_random_forest_seed17,orientation_jump,low,600,0.8966666666666666,0.8783333333333333,0.018333333333333313,0.0016666666666666668,0.03333333333333333,0.8968126131190853,0.8769109285813206,0.019901684537764752
motion_random_forest_seed27,orientation_jump,low,600,0.8883333333333333,0.8616666666666667,0.026666666666666616,0.01,0.043333333333333335,0.8888155374880995,0.8604143142345299,0.02840122325356964
motion_random_forest_seed7,orientation_jump,low,600,0.895,0.8716666666666667,0.023333333333333317,0.008333333333333333,0.03833333333333333,0.8952500355591392,0.8705129462261768,0.02473708933296237
motion_snn_seed17,orientation_jump,low,600,0.855,0.8316666666666667,0.023333333333333317,0.0,0.04666666666666667,0.8552162821283904,0.830466951014514,0.02474933111387645
motion_snn_seed27,orientation_jump,low,600,0.8666666666666667,0.8283333333333334,0.03833333333333333,0.016666666666666666,0.06166666666666667,0.8672699606710852,0.8270198193849445,0.040250141286140684
motion_snn_seed7,orientation_jump,low,600,0.8266666666666667,0.815,0.011666666666666714,-0.013333333333333334,0.035,0.82740934773673,0.8140513022912277,0.013358045445502342
motion_logistic_regression_seed17,orientation_jump,medium,600,0.9033333333333333,0.8466666666666667,0.05666666666666664,0.03162500000000001,0.0817083333333333,0.9048316389722142,0.8463945495234231,0.05843708944879111
motion_logistic_regression_seed27,orientation_jump,medium,600,0.9033333333333333,0.8466666666666667,0.05666666666666664,0.03162500000000001,0.0817083333333333,0.9048316389722142,0.8463945495234231,0.05843708944879111
motion_logistic_regression_seed7,orientation_jump,medium,600,0.9033333333333333,0.8466666666666667,0.05666666666666664,0.03162500000000001,0.0817083333333333,0.9048316389722142,0.8463945495234231,0.05843708944879111
motion_random_forest_seed17,orientation_jump,medium,600,0.8966666666666666,0.8266666666666667,0.06999999999999995,0.04329166666666667,0.095,0.8968126131190853,0.819659288246795,0.07715332487229032
motion_random_forest_seed27,orientation_jump,medium,600,0.8883333333333333,0.8166666666666667,0.07166666666666666,0.04,0.09833333333333333,0.8888155374880995,0.8102135981287122,0.07860193935938731
motion_random_forest_seed7,orientation_jump,medium,600,0.895,0.8216666666666667,0.07333333333333336,0.043333333333333335,0.10166666666666667,0.8952500355591392,0.8141863021656832,0.08106373339345596
motion_snn_seed17,orientation_jump,medium,600,0.855,0.7433333333333333,0.11166666666666669,0.07829166666666668,0.145,0.8552162821283904,0.7335687990738446,0.12164748305454576
motion_snn_seed27,orientation_jump,medium,600,0.8666666666666667,0.7433333333333333,0.1233333333333334,0.091625,0.15504166666666663,0.8672699606710852,0.7318659862899799,0.1354039743811053
motion_snn_seed7,orientation_jump,medium,600,0.8266666666666667,0.715,0.11166666666666669,0.07666666666666666,0.14504166666666662,0.82740934773673,0.7048621463890078,0.12254720134772223
motion_logistic_regression_seed17,orientation_noise,high,600,0.9033333333333333,0.87,0.033333333333333326,0.011666666666666667,0.05504166666666663,0.9048316389722142,0.8722587666848997,0.032572872287314536
motion_logistic_regression_seed27,orientation_noise,high,600,0.9033333333333333,0.87,0.033333333333333326,0.011666666666666667,0.05504166666666663,0.9048316389722142,0.8722587666848997,0.032572872287314536
motion_logistic_regression_seed7,orientation_noise,high,600,0.9033333333333333,0.87,0.033333333333333326,0.011666666666666667,0.05504166666666663,0.9048316389722142,0.8722587666848997,0.032572872287314536
motion_random_forest_seed17,orientation_noise,high,600,0.8966666666666666,0.8716666666666667,0.02499999999999991,0.006666666666666667,0.043333333333333335,0.8968126131190853,0.8708258857548344,0.025986727364250894
motion_random_forest_seed27,orientation_noise,high,600,0.8883333333333333,0.8716666666666667,0.016666666666666607,-4.16666666666643e-05,0.03666666666666667,0.8888155374880995,0.8713067683604635,0.017508769127635992
motion_random_forest_seed7,orientation_noise,high,600,0.895,0.8733333333333333,0.021666666666666723,0.005,0.041666666666666664,0.8952500355591392,0.8727709335056536,0.022479102053485578
motion_snn_seed17,orientation_noise,high,600,0.855,0.84,0.015000000000000013,-0.005,0.03333333333333333,0.8552162821283904,0.839726550706669,0.015489731421721387
motion_snn_seed27,orientation_noise,high,600,0.8666666666666667,0.83,0.036666666666666736,0.016625,0.05504166666666663,0.8672699606710852,0.8290106095020493,0.03825935116903589
motion_snn_seed7,orientation_noise,high,600,0.8266666666666667,0.8133333333333334,0.013333333333333308,-0.006708333333333332,0.03333333333333333,0.82740934773673,0.8126250576657819,0.01478429007094817
motion_logistic_regression_seed17,orientation_noise,low,600,0.9033333333333333,0.895,0.008333333333333304,0.0,0.018333333333333333,0.9048316389722142,0.8967760608012341,0.008055578170980127
motion_logistic_regression_seed27,orientation_noise,low,600,0.9033333333333333,0.895,0.008333333333333304,0.0,0.018333333333333333,0.9048316389722142,0.8967760608012341,0.008055578170980127
motion_logistic_regression_seed7,orientation_noise,low,600,0.9033333333333333,0.895,0.008333333333333304,0.0,0.018333333333333333,0.9048316389722142,0.8967760608012341,0.008055578170980127
motion_random_forest_seed17,orientation_noise,low,600,0.8966666666666666,0.9016666666666666,-0.0050000000000000044,-0.015,0.0033749999999999622,0.8968126131190853,0.9019577537024535,-0.005145140583368124
motion_random_forest_seed27,orientation_noise,low,600,0.8883333333333333,0.885,0.0033333333333332993,-0.001708333333333331,0.008374999999999962,0.8888155374880995,0.8851075520492573,0.0037079854388422095
motion_random_forest_seed7,orientation_noise,low,600,0.895,0.895,0.0,-0.006708333333333332,0.006666666666666667,0.8952500355591392,0.8950963179111995,0.00015371764793969955
motion_snn_seed17,orientation_noise,low,600,0.855,0.8583333333333333,-0.0033333333333332993,-0.01,0.0033333333333333335,0.8552162821283904,0.858325009542886,-0.003108727414495638
motion_snn_seed27,orientation_noise,low,600,0.8666666666666667,0.87,-0.0033333333333332993,-0.013374999999999998,0.006666666666666667,0.8672699606710852,0.8703544461821627,-0.0030844855110775393
motion_snn_seed7,orientation_noise,low,600,0.8266666666666667,0.8283333333333334,-0.0016666666666667052,-0.01,0.006666666666666667,0.82740934773673,0.8291068295922763,-0.0016974818555463012
motion_logistic_regression_seed17,orientation_noise,medium,600,0.9033333333333333,0.8983333333333333,0.0050000000000000044,-0.006666666666666667,0.016666666666666666,0.9048316389722142,0.9005482750345924,0.0042833639376217425
motion_logistic_regression_seed27,orientation_noise,medium,600,0.9033333333333333,0.8983333333333333,0.0050000000000000044,-0.006666666666666667,0.016666666666666666,0.9048316389722142,0.9005482750345924,0.0042833639376217425
motion_logistic_regression_seed7,orientation_noise,medium,600,0.9033333333333333,0.8983333333333333,0.0050000000000000044,-0.006666666666666667,0.016666666666666666,0.9048316389722142,0.9005482750345924,0.0042833639376217425
motion_random_forest_seed17,orientation_noise,medium,600,0.8966666666666666,0.895,0.0016666666666665941,-0.01,0.013333333333333334,0.8968126131190853,0.895312042039837,0.0015005710792482807
motion_random_forest_seed27,orientation_noise,medium,600,0.8883333333333333,0.8816666666666667,0.006666666666666599,-0.005041666666666665,0.02,0.8888155374880995,0.8816031723257416,0.007212365162357903
motion_random_forest_seed7,orientation_noise,medium,600,0.895,0.8866666666666667,0.008333333333333304,-0.0033333333333333335,0.02,0.8952500355591392,0.8868605421188553,0.008389493440283835
motion_snn_seed17,orientation_noise,medium,600,0.855,0.8533333333333334,0.0016666666666665941,-0.01,0.01,0.8552162821283904,0.8529796708812091,0.0022366112471813304
motion_snn_seed27,orientation_noise,medium,600,0.8666666666666667,0.8666666666666667,0.0,-0.011666666666666667,0.013333333333333334,0.8672699606710852,0.8671763261963734,9.363447471177899e-05
motion_snn_seed7,orientation_noise,medium,600,0.8266666666666667,0.8283333333333334,-0.0016666666666667052,-0.015,0.008374999999999962,0.82740934773673,0.8291110874148414,-0.0017017396781113803
motion_logistic_regression_seed17,position_drift,high,600,0.9033333333333333,0.7383333333333333,0.16500000000000004,0.13166666666666665,0.20337499999999997,0.9048316389722142,0.7409150453628717,0.16391659360934252
motion_logistic_regression_seed27,position_drift,high,600,0.9033333333333333,0.7383333333333333,0.16500000000000004,0.13166666666666665,0.20337499999999997,0.9048316389722142,0.7409150453628717,0.16391659360934252
motion_logistic_regression_seed7,position_drift,high,600,0.9033333333333333,0.7383333333333333,0.16500000000000004,0.13166666666666665,0.20337499999999997,0.9048316389722142,0.7409150453628717,0.16391659360934252
motion_random_forest_seed17,position_drift,high,600,0.8966666666666666,0.8966666666666666,0.0,-0.008333333333333333,0.008374999999999962,0.8968126131190853,0.8968126131190853,0.0
motion_random_forest_seed27,position_drift,high,600,0.8883333333333333,0.8966666666666666,-0.008333333333333304,-0.018333333333333333,0.0,0.8888155374880995,0.8969683663492887,-0.008152828861189176
motion_random_forest_seed7,position_drift,high,600,0.895,0.9,-0.0050000000000000044,-0.018333333333333333,0.006666666666666667,0.8952500355591392,0.8999541557474044,-0.0047041201882652706
motion_snn_seed17,position_drift,high,600,0.855,0.405,0.44999999999999996,0.4033333333333333,0.49,0.8552162821283904,0.38433529442650327,0.47088098770188713
motion_snn_seed27,position_drift,high,600,0.8666666666666667,0.425,0.4416666666666667,0.401625,0.48837499999999995,0.8672699606710852,0.40911532639761666,0.45815463427346853
motion_snn_seed7,position_drift,high,600,0.8266666666666667,0.43333333333333335,0.3933333333333333,0.34829166666666667,0.43833333333333335,0.82740934773673,0.4089179946323861,0.41849135310434393
motion_logistic_regression_seed17,position_drift,low,600,0.9033333333333333,0.8916666666666667,0.011666666666666603,-0.006666666666666667,0.02837499999999996,0.9048316389722142,0.8930349095196133,0.011796729452600907
motion_logistic_regression_seed27,position_drift,low,600,0.9033333333333333,0.8916666666666667,0.011666666666666603,-0.006666666666666667,0.02837499999999996,0.9048316389722142,0.8930349095196133,0.011796729452600907
motion_logistic_regression_seed7,position_drift,low,600,0.9033333333333333,0.8916666666666667,0.011666666666666603,-0.006666666666666667,0.02837499999999996,0.9048316389722142,0.8930349095196133,0.011796729452600907
motion_random_forest_seed17,position_drift,low,600,0.8966666666666666,0.8933333333333333,0.0033333333333332993,-0.005,0.011666666666666667,0.8968126131190853,0.8936494469612576,0.003163166157827746
motion_random_forest_seed27,position_drift,low,600,0.8883333333333333,0.885,0.0033333333333332993,-0.0033333333333333335,0.01,0.8888155374880995,0.8852484742520318,0.0035670632360677024
motion_random_forest_seed7,position_drift,low,600,0.895,0.895,0.0,-0.005,0.005,0.8952500355591392,0.8952653179603562,-1.5282401217064923e-05
motion_snn_seed17,position_drift,low,600,0.855,0.8066666666666666,0.04833333333333334,0.019958333333333335,0.07333333333333333,0.8552162821283904,0.8064855107156245,0.04873077141276594
motion_snn_seed27,position_drift,low,600,0.8666666666666667,0.8133333333333334,0.053333333333333344,0.03166666666666667,0.07504166666666663,0.8672699606710852,0.8136758997670285,0.05359406090405672
motion_snn_seed7,position_drift,low,600,0.8266666666666667,0.8016666666666666,0.025000000000000022,-0.001708333333333331,0.051666666666666666,0.82740934773673,0.8020182978566647,0.025391049880065353
motion_logistic_regression_seed17,position_drift,medium,600,0.9033333333333333,0.82,0.08333333333333337,0.055,0.11166666666666666,0.9048316389722142,0.8211807342194051,0.08365090475280912
motion_logistic_regression_seed27,position_drift,medium,600,0.9033333333333333,0.82,0.08333333333333337,0.055,0.11166666666666666,0.9048316389722142,0.8211807342194051,0.08365090475280912
motion_logistic_regression_seed7,position_drift,medium,600,0.9033333333333333,0.82,0.08333333333333337,0.055,0.11166666666666666,0.9048316389722142,0.8211807342194051,0.08365090475280912
motion_random_forest_seed17,position_drift,medium,600,0.8966666666666666,0.8983333333333333,-0.0016666666666667052,-0.01,0.006666666666666667,0.8968126131190853,0.8986977640761022,-0.0018851509570169123
motion_random_forest_seed27,position_drift,medium,600,0.8883333333333333,0.8983333333333333,-0.010000000000000009,-0.02,-0.0016666666666666668,0.8888155374880995,0.8987540594719501,-0.00993852198385059
motion_random_forest_seed7,position_drift,medium,600,0.895,0.8966666666666666,-0.0016666666666665941,-0.011666666666666667,0.008333333333333333,0.8952500355591392,0.8969877693397086,-0.001737733780569406
motion_snn_seed17,position_drift,medium,600,0.855,0.665,0.18999999999999995,0.14666666666666667,0.23004166666666664,0.8552162821283904,0.6597522808178812,0.19546400131050923
motion_snn_seed27,position_drift,medium,600,0.8666666666666667,0.6933333333333334,0.17333333333333334,0.135,0.20837499999999998,0.8672699606710852,0.6939102337457187,0.1733597269253665
motion_snn_seed7,position_drift,medium,600,0.8266666666666667,0.6783333333333333,0.14833333333333332,0.10666666666666667,0.18333333333333332,0.82740934773673,0.6759591526446147,0.15145019509211533
motion_logistic_regression_seed17,position_jump,high,600,0.9033333333333333,0.3933333333333333,0.51,0.46166666666666667,0.56,0.9048316389722142,0.4006691012707101,0.5041625377015041
motion_logistic_regression_seed27,position_jump,high,600,0.9033333333333333,0.3933333333333333,0.51,0.46166666666666667,0.56,0.9048316389722142,0.4006691012707101,0.5041625377015041
motion_logistic_regression_seed7,position_jump,high,600,0.9033333333333333,0.3933333333333333,0.51,0.46166666666666667,0.56,0.9048316389722142,0.4006691012707101,0.5041625377015041
motion_random_forest_seed17,position_jump,high,600,0.8966666666666666,0.8933333333333333,0.0033333333333332993,-0.006666666666666667,0.013333333333333334,0.8968126131190853,0.8933037361743796,0.0035088769447056967
motion_random_forest_seed27,position_jump,high,600,0.8883333333333333,0.8983333333333333,-0.010000000000000009,-0.02,0.0,0.8888155374880995,0.8984250728167688,-0.00960953532866926
motion_random_forest_seed7,position_jump,high,600,0.895,0.895,0.0,-0.006708333333333332,0.008333333333333333,0.8952500355591392,0.8951518487461072,9.818681303197518e-05
motion_snn_seed17,position_jump,high,600,0.855,0.475,0.38,0.3383333333333333,0.42674999999999996,0.8552162821283904,0.4818273456350631,0.37338893649332733
motion_snn_seed27,position_jump,high,600,0.8666666666666667,0.48833333333333334,0.37833333333333335,0.3383333333333333,0.4217083333333333,0.8672699606710852,0.49045336691203045,0.37681659375905474
motion_snn_seed7,position_jump,high,600,0.8266666666666667,0.4866666666666667,0.33999999999999997,0.2966666666666667,0.3900416666666666,0.82740934773673,0.4839383407042752,0.3434710070324548
motion_logistic_regression_seed17,position_jump,low,600,0.9033333333333333,0.6683333333333333,0.235,0.19495833333333334,0.275,0.9048316389722142,0.668724624704313,0.23610701426790115
motion_logistic_regression_seed27,position_jump,low,600,0.9033333333333333,0.6683333333333333,0.235,0.19495833333333334,0.275,0.9048316389722142,0.668724624704313,0.23610701426790115
motion_logistic_regression_seed7,position_jump,low,600,0.9033333333333333,0.6683333333333333,0.235,0.19495833333333334,0.275,0.9048316389722142,0.668724624704313,0.23610701426790115
motion_random_forest_seed17,position_jump,low,600,0.8966666666666666,0.895,0.0016666666666665941,-0.005,0.008333333333333333,0.8968126131190853,0.8952238440230127,0.0015887690960726397
motion_random_forest_seed27,position_jump,low,600,0.8883333333333333,0.8966666666666666,-0.008333333333333304,-0.016708333333333332,0.0,0.8888155374880995,0.8971475324667774,-0.00833199497867787
motion_random_forest_seed7,position_jump,low,600,0.895,0.8966666666666666,-0.0016666666666665941,-0.008333333333333333,0.0033749999999999622,0.8952500355591392,0.897088390932321,-0.001838355373181777
motion_snn_seed17,position_jump,low,600,0.855,0.6533333333333333,0.20166666666666666,0.16333333333333333,0.24166666666666667,0.8552162821283904,0.6590207483555477,0.1961955337728427
motion_snn_seed27,position_jump,low,600,0.8666666666666667,0.6533333333333333,0.21333333333333337,0.17833333333333334,0.25,0.8672699606710852,0.6562816060880576,0.21098835458302756
motion_snn_seed7,position_jump,low,600,0.8266666666666667,0.6383333333333333,0.18833333333333335,0.14833333333333334,0.225,0.82740934773673,0.6430310708779897,0.1843782768587403
motion_logistic_regression_seed17,position_jump,medium,600,0.9033333333333333,0.5383333333333333,0.365,0.31495833333333334,0.405,0.9048316389722142,0.5405219786387174,0.36430966033349677
motion_logistic_regression_seed27,position_jump,medium,600,0.9033333333333333,0.5383333333333333,0.365,0.31495833333333334,0.405,0.9048316389722142,0.5405219786387174,0.36430966033349677
motion_logistic_regression_seed7,position_jump,medium,600,0.9033333333333333,0.5383333333333333,0.365,0.31495833333333334,0.405,0.9048316389722142,0.5405219786387174,0.36430966033349677
motion_random_forest_seed17,position_jump,medium,600,0.8966666666666666,0.8933333333333333,0.0033333333333332993,-0.006666666666666667,0.013333333333333334,0.8968126131190853,0.8932996879971039,0.003512925121981425
motion_random_forest_seed27,position_jump,medium,600,0.8883333333333333,0.9016666666666666,-0.013333333333333308,-0.023375,-0.0033333333333333335,0.8888155374880995,0.9021333069903253,-0.013317769502225851
motion_random_forest_seed7,position_jump,medium,600,0.895,0.8966666666666666,-0.0016666666666665941,-0.011666666666666667,0.008333333333333333,0.8952500355591392,0.8969979705261233,-0.0017479349669841104
motion_snn_seed17,position_jump,medium,600,0.855,0.53,0.32499999999999996,0.2816666666666667,0.37,0.8552162821283904,0.5381954921677328,0.31702078996065763
motion_snn_seed27,position_jump,medium,600,0.8666666666666667,0.555,0.31166666666666665,0.27495833333333336,0.3516666666666667,0.8672699606710852,0.5621354202412403,0.3051345404298449
motion_snn_seed7,position_jump,medium,600,0.8266666666666667,0.5366666666666666,0.29000000000000004,0.24833333333333332,0.3333749999999999,0.82740934773673,0.5353715233438459,0.29203782439288417
motion_logistic_regression_seed17,position_noise,high,600,0.9033333333333333,0.6383333333333333,0.265,0.22833333333333333,0.305,0.9048316389722142,0.6369872029746639,0.26784443599755026
motion_logistic_regression_seed27,position_noise,high,600,0.9033333333333333,0.6383333333333333,0.265,0.22833333333333333,0.305,0.9048316389722142,0.6369872029746639,0.26784443599755026
motion_logistic_regression_seed7,position_noise,high,600,0.9033333333333333,0.6383333333333333,0.265,0.22833333333333333,0.305,0.9048316389722142,0.6369872029746639,0.26784443599755026
motion_random_forest_seed17,position_noise,high,600,0.8966666666666666,0.905,-0.008333333333333415,-0.018333333333333333,0.0,0.8968126131190853,0.9050882320179883,-0.008275618898902937
motion_random_forest_seed27,position_noise,high,600,0.8883333333333333,0.9066666666666666,-0.018333333333333313,-0.03166666666666667,-0.005,0.8888155374880995,0.9067865925882472,-0.017971055100147737
motion_random_forest_seed7,position_noise,high,600,0.895,0.8983333333333333,-0.0033333333333332993,-0.013333333333333334,0.008333333333333333,0.8952500355591392,0.8985192801152369,-0.0032692445560976724
motion_snn_seed17,position_noise,high,600,0.855,0.5116666666666667,0.34333333333333327,0.29325,0.385,0.8552162821283904,0.5041734580452386,0.3510428240831518
motion_snn_seed27,position_noise,high,600,0.8666666666666667,0.5166666666666667,0.35,0.3099166666666667,0.38666666666666666,0.8672699606710852,0.5216032638661169,0.3456666968049683
motion_snn_seed7,position_noise,high,600,0.8266666666666667,0.5266666666666666,0.30000000000000004,0.251625,0.34337499999999993,0.82740934773673,0.5073903885731101,0.3200189591636199
motion_logistic_regression_seed17,position_noise,low,600,0.9033333333333333,0.8333333333333334,0.06999999999999995,0.045,0.09666666666666666,0.9048316389722142,0.833036394594514,0.07179524437770024
motion_logistic_regression_seed27,position_noise,low,600,0.9033333333333333,0.8333333333333334,0.06999999999999995,0.045,0.09666666666666666,0.9048316389722142,0.833036394594514,0.07179524437770024
motion_logistic_regression_seed7,position_noise,low,600,0.9033333333333333,0.8333333333333334,0.06999999999999995,0.045,0.09666666666666666,0.9048316389722142,0.833036394594514,0.07179524437770024
motion_random_forest_seed17,position_noise,low,600,0.8966666666666666,0.8966666666666666,0.0,-0.006666666666666667,0.006666666666666667,0.8968126131190853,0.8970456248952173,-0.0002330117761319972
motion_random_forest_seed27,position_noise,low,600,0.8883333333333333,0.8933333333333333,-0.0050000000000000044,-0.013333333333333334,0.0016666666666666668,0.8888155374880995,0.893704494866879,-0.004888957378779479
motion_random_forest_seed7,position_noise,low,600,0.895,0.8983333333333333,-0.0033333333333332993,-0.01,0.0033333333333333335,0.8952500355591392,0.8986845505823288,-0.0034345150231895882
motion_snn_seed17,position_noise,low,600,0.855,0.8283333333333334,0.026666666666666616,0.0033333333333333335,0.051708333333333294,0.8552162821283904,0.8281471165425247,0.027069165585865695
motion_snn_seed27,position_noise,low,600,0.8666666666666667,0.8316666666666667,0.03500000000000003,0.015,0.055,0.8672699606710852,0.8315634198161197,0.035706540854965496
motion_snn_seed7,position_noise,low,600,0.8266666666666667,0.81,0.016666666666666607,-0.005,0.03837499999999996,0.82740934773673,0.8110188976898117,0.016390450046918303
motion_logistic_regression_seed17,position_noise,medium,600,0.9033333333333333,0.7316666666666667,0.17166666666666663,0.13995833333333335,0.20666666666666667,0.9048316389722142,0.7307376393026648,0.17409399966954942
motion_logistic_regression_seed27,position_noise,medium,600,0.9033333333333333,0.7316666666666667,0.17166666666666663,0.13995833333333335,0.20666666666666667,0.9048316389722142,0.7307376393026648,0.17409399966954942
motion_logistic_regression_seed7,position_noise,medium,600,0.9033333333333333,0.7316666666666667,0.17166666666666663,0.13995833333333335,0.20666666666666667,0.9048316389722142,0.7307376393026648,0.17409399966954942
motion_random_forest_seed17,position_noise,medium,600,0.8966666666666666,0.8916666666666667,0.004999999999999893,-0.0016666666666666668,0.013333333333333334,0.8968126131190853,0.8918226316445669,0.004989981474518457
motion_random_forest_seed27,position_noise,medium,600,0.8883333333333333,0.8916666666666667,-0.0033333333333334103,-0.013333333333333334,0.0033749999999999622,0.8888155374880995,0.8919363410887851,-0.003120803600685562
motion_random_forest_seed7,position_noise,medium,600,0.895,0.895,0.0,-0.006666666666666667,0.008333333333333333,0.8952500355591392,0.8952075972468678,4.243831227135342e-05
motion_snn_seed17,position_noise,medium,600,0.855,0.73,0.125,0.091625,0.15833333333333333,0.8552162821283904,0.7292044140127768,0.1260118681156136
motion_snn_seed27,position_noise,medium,600,0.8666666666666667,0.735,0.1316666666666667,0.09995833333333334,0.16504166666666664,0.8672699606710852,0.7391507453562931,0.1281192153147921
motion_snn_seed7,position_noise,medium,600,0.8266666666666667,0.7266666666666667,0.09999999999999998,0.06666666666666667,0.13504166666666664,0.82740934773673,0.7277250834267022,0.09968426431002786
motion_logistic_regression_seed17,timestamp_jitter,high,0,,,,,,,,
motion_logistic_regression_seed27,timestamp_jitter,high,0,,,,,,,,
motion_logistic_regression_seed7,timestamp_jitter,high,0,,,,,,,,
motion_random_forest_seed17,timestamp_jitter,high,0,,,,,,,,
motion_random_forest_seed27,timestamp_jitter,high,0,,,,,,,,
motion_random_forest_seed7,timestamp_jitter,high,0,,,,,,,,
motion_snn_seed17,timestamp_jitter,high,0,,,,,,,,
motion_snn_seed27,timestamp_jitter,high,0,,,,,,,,
motion_snn_seed7,timestamp_jitter,high,0,,,,,,,,
motion_logistic_regression_seed17,timestamp_jitter,low,600,0.9033333333333333,0.9,0.0033333333333332993,-0.005,0.011666666666666667,0.9048316389722142,0.9014898115291219,0.0033418274430923045
motion_logistic_regression_seed27,timestamp_jitter,low,600,0.9033333333333333,0.9,0.0033333333333332993,-0.005,0.011666666666666667,0.9048316389722142,0.9014898115291219,0.0033418274430923045
motion_logistic_regression_seed7,timestamp_jitter,low,600,0.9033333333333333,0.9,0.0033333333333332993,-0.005,0.011666666666666667,0.9048316389722142,0.9014898115291219,0.0033418274430923045
motion_random_forest_seed17,timestamp_jitter,low,600,0.8966666666666666,0.895,0.0016666666666665941,0.0,0.005,0.8968126131190853,0.8951298787042411,0.0016827344148442336
motion_random_forest_seed27,timestamp_jitter,low,600,0.8883333333333333,0.8883333333333333,0.0,-0.005,0.005,0.8888155374880995,0.8887237056429358,9.183184516370346e-05
motion_random_forest_seed7,timestamp_jitter,low,600,0.895,0.8966666666666666,-0.0016666666666665941,-0.006666666666666667,0.0033333333333333335,0.8952500355591392,0.8969857899649163,-0.0017357544057771124
motion_snn_seed17,timestamp_jitter,low,600,0.855,0.855,0.0,-0.005,0.005,0.8552162821283904,0.8551772886864837,3.8993441906720605e-05
motion_snn_seed27,timestamp_jitter,low,600,0.8666666666666667,0.8633333333333333,0.0033333333333334103,-0.0033333333333333335,0.01,0.8672699606710852,0.8637257144278958,0.003544246243189386
motion_snn_seed7,timestamp_jitter,low,600,0.8266666666666667,0.83,-0.0033333333333332993,-0.01,0.0033333333333333335,0.82740934773673,0.8303841174640633,-0.0029747697273332374
motion_logistic_regression_seed17,timestamp_jitter,medium,516,0.8992248062015504,0.9050387596899225,-0.005813953488372103,-0.015503875968992248,0.003875968992248062,0.9005908887549449,0.9066361559232845,-0.006045267168339641
motion_logistic_regression_seed27,timestamp_jitter,medium,516,0.8992248062015504,0.9050387596899225,-0.005813953488372103,-0.015503875968992248,0.003875968992248062,0.9005908887549449,0.9066361559232845,-0.006045267168339641
motion_logistic_regression_seed7,timestamp_jitter,medium,516,0.8992248062015504,0.9050387596899225,-0.005813953488372103,-0.015503875968992248,0.003875968992248062,0.9005908887549449,0.9066361559232845,-0.006045267168339641
motion_random_forest_seed17,timestamp_jitter,medium,516,0.8992248062015504,0.8992248062015504,0.0,-0.005813953488372093,0.003875968992248062,0.8990538868565088,0.8992764202972927,-0.0002225334407839341
motion_random_forest_seed27,timestamp_jitter,medium,516,0.8875968992248062,0.8856589147286822,0.0019379844961240345,0.0,0.005813953488372093,0.8880789297885853,0.885924572414341,0.002154357374244298
motion_random_forest_seed7,timestamp_jitter,medium,516,0.8953488372093024,0.8953488372093024,0.0,-0.007751937984496124,0.007751937984496124,0.8956939376694155,0.8957681696749085,-7.423200549294684e-05
motion_snn_seed17,timestamp_jitter,medium,516,0.8604651162790697,0.8604651162790697,0.0,-0.005813953488372093,0.003875968992248062,0.8604232574897057,0.8605837510442773,-0.00016049355457159464
motion_snn_seed27,timestamp_jitter,medium,516,0.8701550387596899,0.8682170542635659,0.0019379844961240345,0.0,0.005813953488372093,0.8704058217252271,0.8683180135500216,0.0020878081752054856
motion_snn_seed7,timestamp_jitter,medium,516,0.8275193798449613,0.8255813953488372,0.0019379844961240345,-0.003875968992248062,0.009689922480620155,0.8284438341020236,0.8262421084895015,0.0022017256125220763
