condition,phase,path,decision,reason,count,p50_ms,p95_ms,p99_ms,max_ms
logistic_motion_forest_anomaly,condition_first_use,bad_tag_receiver,reject,invalid_tag,1,1.6638,1.6638,1.6638,1.6638
logistic_motion_forest_anomaly,condition_first_use,exact_replay_receiver,reject,duplicate_sequence,1,7.0432,7.0432,7.0432,7.0432
logistic_motion_forest_anomaly,condition_first_use,fresh_to_first_window,accept,accepted,1,33.3428,33.3428,33.3428,33.3428
logistic_motion_forest_anomaly,condition_first_use,malformed_json_receiver,reject,malformed_message,1,0.1857,0.1857,0.1857,0.1857
logistic_motion_forest_anomaly,condition_first_use,post_window_after_refusals,accept,accepted,1,21.8425,21.8425,21.8425,21.8425
logistic_motion_forest_anomaly,condition_first_use,post_window_recurring,accept,accepted,1,25.5348,25.5348,25.5348,25.5348
logistic_motion_forest_anomaly,condition_first_use,pre_tag_quality_refusal,reject,data_quality_failure,1,1.8425,1.8425,1.8425,1.8425
logistic_motion_forest_anomaly,condition_first_use,valid_receiver_after_bad_tag,accept,accepted,1,19.2144,19.2144,19.2144,19.2144
logistic_motion_forest_anomaly,measured,bad_tag_receiver,reject,invalid_tag,120,1.91855,2.66064,2.820514,3.1148
logistic_motion_forest_anomaly,measured,exact_replay_receiver,reject,duplicate_sequence,120,7.27,8.3362,10.046543,311.3774
logistic_motion_forest_anomaly,measured,fresh_to_first_window,accept,accepted,120,33.4373,45.05398,47.35763,48.4475
logistic_motion_forest_anomaly,measured,malformed_json_receiver,reject,malformed_message,120,0.1531,0.23168499999999997,0.2981690000000001,0.3325
logistic_motion_forest_anomaly,measured,post_window_after_refusals,accept,accepted,120,23.80045,32.574915,38.438781,39.0398
logistic_motion_forest_anomaly,measured,post_window_recurring,accept,accepted,120,29.38085,40.990455,44.415178,46.3546
logistic_motion_forest_anomaly,measured,pre_tag_quality_refusal,reject,data_quality_failure,120,1.92345,2.6029799999999996,3.285269,3.3207
logistic_motion_forest_anomaly,measured,valid_receiver_after_bad_tag,accept,accepted,120,20.401,24.678449999999998,29.762524,31.1543
logistic_motion_forest_anomaly,sustained,post_window_recurring,accept,accepted,64,19.6555,24.509044999999993,29.17290999999999,31.3483
logistic_motion_forest_anomaly,warmup,bad_tag_receiver,reject,invalid_tag,29,1.8159,2.15884,2.162904,2.1638
logistic_motion_forest_anomaly,warmup,exact_replay_receiver,reject,duplicate_sequence,29,7.1487,7.96462,8.453732,8.6366
logistic_motion_forest_anomaly,warmup,fresh_to_first_window,accept,accepted,29,32.2643,36.5724,37.490656,37.6215
logistic_motion_forest_anomaly,warmup,malformed_json_receiver,reject,malformed_message,29,0.151,0.19623999999999997,0.205408,0.2065
logistic_motion_forest_anomaly,warmup,post_window_after_refusals,accept,accepted,29,22.1264,26.31168,39.641503999999976,44.7874
logistic_motion_forest_anomaly,warmup,post_window_recurring,accept,accepted,29,27.1673,35.626419999999996,246.38597199999967,327.8254
logistic_motion_forest_anomaly,warmup,pre_tag_quality_refusal,reject,data_quality_failure,29,1.9515,2.3407999999999993,2.440816,2.4612
logistic_motion_forest_anomaly,warmup,valid_receiver_after_bad_tag,accept,accepted,29,19.5461,23.33088,23.50664,23.5422
logistic_motion_logistic_anomaly,condition_first_use,bad_tag_receiver,reject,invalid_tag,1,1.4387,1.4387,1.4387,1.4387
logistic_motion_logistic_anomaly,condition_first_use,exact_replay_receiver,reject,duplicate_sequence,1,5.6557,5.6557,5.6557,5.6557
logistic_motion_logistic_anomaly,condition_first_use,fresh_to_first_window,accept,accepted,1,3226.9532,3226.9532,3226.9532,3226.9532
logistic_motion_logistic_anomaly,condition_first_use,malformed_json_receiver,reject,malformed_message,1,0.1397,0.1397,0.1397,0.1397
logistic_motion_logistic_anomaly,condition_first_use,post_window_after_refusals,accept,accepted,1,16.5131,16.5131,16.5131,16.5131
logistic_motion_logistic_anomaly,condition_first_use,post_window_recurring,accept,accepted,1,16.1151,16.1151,16.1151,16.1151
logistic_motion_logistic_anomaly,condition_first_use,pre_tag_quality_refusal,reject,data_quality_failure,1,1.6613,1.6613,1.6613,1.6613
logistic_motion_logistic_anomaly,condition_first_use,valid_receiver_after_bad_tag,accept,accepted,1,10.5637,10.5637,10.5637,10.5637
logistic_motion_logistic_anomaly,measured,bad_tag_receiver,reject,invalid_tag,120,1.9409,2.3605799999999997,2.611797,2.6793
logistic_motion_logistic_anomaly,measured,exact_replay_receiver,reject,duplicate_sequence,120,7.7603,9.22791,9.842917,10.1093
logistic_motion_logistic_anomaly,measured,fresh_to_first_window,accept,accepted,120,27.55125,34.615435,38.312723000000005,357.8313
logistic_motion_logistic_anomaly,measured,malformed_json_receiver,reject,malformed_message,120,0.1604,0.20142,0.217683,0.3479
logistic_motion_logistic_anomaly,measured,post_window_after_refusals,accept,accepted,120,20.46915,24.352135,28.14138300000001,29.874
logistic_motion_logistic_anomaly,measured,post_window_recurring,accept,accepted,120,21.78735,27.42854,28.397581,30.2832
logistic_motion_logistic_anomaly,measured,pre_tag_quality_refusal,reject,data_quality_failure,120,2.18775,2.42097,2.777039,2.936
logistic_motion_logistic_anomaly,measured,valid_receiver_after_bad_tag,accept,accepted,120,13.6821,16.718204999999998,18.06699,18.1084
logistic_motion_logistic_anomaly,sustained,post_window_recurring,accept,accepted,64,14.3728,17.485039999999998,21.444507,21.6909
logistic_motion_logistic_anomaly,warmup,bad_tag_receiver,reject,invalid_tag,29,1.9423,2.3134199999999994,2.436756,2.4626
logistic_motion_logistic_anomaly,warmup,exact_replay_receiver,reject,duplicate_sequence,29,7.7184,9.126239999999997,9.613768,9.6976
logistic_motion_logistic_anomaly,warmup,fresh_to_first_window,accept,accepted,29,27.2472,34.343479999999985,44.20685599999999,47.2091
logistic_motion_logistic_anomaly,warmup,malformed_json_receiver,reject,malformed_message,29,0.1548,0.1958,0.22005599999999997,0.2291
logistic_motion_logistic_anomaly,warmup,post_window_after_refusals,accept,accepted,29,19.9661,25.655519999999996,30.589951999999993,32.297
logistic_motion_logistic_anomaly,warmup,post_window_recurring,accept,accepted,29,21.4049,26.33131999999999,28.176096,28.3187
logistic_motion_logistic_anomaly,warmup,pre_tag_quality_refusal,reject,data_quality_failure,29,2.1809,2.33608,2.448992,2.4892
logistic_motion_logistic_anomaly,warmup,valid_receiver_after_bad_tag,accept,accepted,29,13.3275,16.073899999999995,17.46318,17.6435
snn32_seed7_forest_anomaly,condition_first_use,bad_tag_receiver,reject,invalid_tag,1,2.2656,2.2656,2.2656,2.2656
snn32_seed7_forest_anomaly,condition_first_use,exact_replay_receiver,reject,duplicate_sequence,1,8.8828,8.8828,8.8828,8.8828
snn32_seed7_forest_anomaly,condition_first_use,fresh_to_first_window,accept,accepted,1,44.9826,44.9826,44.9826,44.9826
snn32_seed7_forest_anomaly,condition_first_use,malformed_json_receiver,reject,malformed_message,1,0.2001,0.2001,0.2001,0.2001
snn32_seed7_forest_anomaly,condition_first_use,post_window_after_refusals,accept,accepted,1,31.7856,31.7856,31.7856,31.7856
snn32_seed7_forest_anomaly,condition_first_use,post_window_recurring,accept,accepted,1,52.2038,52.2038,52.2038,52.2038
snn32_seed7_forest_anomaly,condition_first_use,pre_tag_quality_refusal,reject,data_quality_failure,1,2.3845,2.3845,2.3845,2.3845
snn32_seed7_forest_anomaly,condition_first_use,valid_receiver_after_bad_tag,accept,accepted,1,34.9736,34.9736,34.9736,34.9736
snn32_seed7_forest_anomaly,measured,bad_tag_receiver,reject,invalid_tag,120,1.77805,2.138825,2.461731,2.6772
snn32_seed7_forest_anomaly,measured,exact_replay_receiver,reject,duplicate_sequence,120,5.73215,8.87823,11.101987,11.2509
snn32_seed7_forest_anomaly,measured,fresh_to_first_window,accept,accepted,120,44.6388,52.690205,57.571760000000005,62.8287
snn32_seed7_forest_anomaly,measured,malformed_json_receiver,reject,malformed_message,120,0.13735,0.24974499999999988,0.317989,0.4261
snn32_seed7_forest_anomaly,measured,post_window_after_refusals,accept,accepted,120,31.76665,44.230475,55.945765000000016,336.4662
snn32_seed7_forest_anomaly,measured,post_window_recurring,accept,accepted,120,39.31515,46.538115,48.320165,55.0178
snn32_seed7_forest_anomaly,measured,pre_tag_quality_refusal,reject,data_quality_failure,120,1.50595,2.317965,3.1111050000000007,3.2566
snn32_seed7_forest_anomaly,measured,valid_receiver_after_bad_tag,accept,accepted,120,27.5949,37.2789,47.636314000000006,51.0823
snn32_seed7_forest_anomaly,sustained,post_window_recurring,accept,accepted,64,25.77995,32.38474999999999,34.579353,35.346
snn32_seed7_forest_anomaly,warmup,bad_tag_receiver,reject,invalid_tag,29,1.7133,1.8426799999999999,2.1569279999999997,2.2682
snn32_seed7_forest_anomaly,warmup,exact_replay_receiver,reject,duplicate_sequence,29,5.7671,10.019859999999996,10.782948,10.8133
snn32_seed7_forest_anomaly,warmup,fresh_to_first_window,accept,accepted,29,42.6349,49.97072,57.75673599999998,60.6642
snn32_seed7_forest_anomaly,warmup,malformed_json_receiver,reject,malformed_message,29,0.135,0.22626,0.2863399999999999,0.3093
snn32_seed7_forest_anomaly,warmup,post_window_after_refusals,accept,accepted,29,30.826,39.82012,42.192128,42.8466
snn32_seed7_forest_anomaly,warmup,post_window_recurring,accept,accepted,29,37.7731,46.22156,46.890208,46.9403
snn32_seed7_forest_anomaly,warmup,pre_tag_quality_refusal,reject,data_quality_failure,29,1.4719,1.86546,2.486515999999999,2.7274
snn32_seed7_forest_anomaly,warmup,valid_receiver_after_bad_tag,accept,accepted,29,27.9576,36.40281999999998,40.466532,40.5661
