retained_trace_count,retained_span_count,phase,probe_index,wall_ms,thread_cpu_ms,collected_objects
0,0,first_full_collection,0,157.1152,156.25,0
0,0,repeat_full_collection,1,145.4663,140.625,0
0,0,repeat_full_collection,2,143.35,140.625,0
0,0,repeat_full_collection,3,156.4716,140.625,0
0,0,repeat_full_collection,4,150.257,156.25,0
5000,75614,first_full_collection,0,153.0122,140.625,0
5000,75614,repeat_full_collection,1,157.1878,156.25,0
5000,75614,repeat_full_collection,2,155.0078,156.25,0
5000,75614,repeat_full_collection,3,157.0824,156.25,0
5000,75614,repeat_full_collection,4,154.3983,156.25,0
15000,226867,first_full_collection,0,177.784,171.875,0
15000,226867,repeat_full_collection,1,180.8319,187.5,0
15000,226867,repeat_full_collection,2,184.2982,187.5,0
15000,226867,repeat_full_collection,3,194.3543,187.5,0
15000,226867,repeat_full_collection,4,193.6964,187.5,0
29718,449442,first_full_collection,0,229.4958,234.375,0
29718,449442,repeat_full_collection,1,213.6655,218.75,0
29718,449442,repeat_full_collection,2,226.8888,218.75,0
29718,449442,repeat_full_collection,3,212.5651,218.75,0
29718,449442,repeat_full_collection,4,226.6181,218.75,0
