condition,phase,path,decision,reason,attempt_index,source_window_id,selected_bit_error_count,wall_ms,thread_cpu_ms,wall_minus_thread_cpu_ms,gc_overlap_ms,gc_fraction,generation2_overlap_ms,gc_spanning_trace_end,nested_exception_span_count,absolute_threshold_exceeded,in_group_p99_tail,largest_nested_stage,largest_nested_ms,largest_nested_gc_overlap_ms,reconstruction_ms,attribution,group_count
forest_motion_forest_anomaly,condition_first_use,bad_tag_receiver,reject,invalid_tag,0,sim-device-01-session-02-look_left_return-001-window-000,1,1.5252,0.0,1.5252,0.0,0.0,0.0,False,0,False,True,verifier_authentication_total,1.5137,0.0,0.0,observed overlap/location; complete causal attribution unresolved,1
forest_motion_forest_anomaly,condition_first_use,exact_replay_receiver,reject,duplicate_sequence,0,sim-device-01-session-02-look_left_return-001-window-000,1,4.9199,0.0,4.9199,0.1828,0.037155226732250655,0.0,False,0,False,True,verifier_authentication_total,4.9109,0.1828,0.0,observed overlap/location; complete causal attribution unresolved,1
forest_motion_forest_anomaly,condition_first_use,fresh_to_first_window,accept,accepted,0,sim-device-01-session-02-look_left_return-001-window-000,1,42.0247,46.875,0.0,0.1826,0.004345063736326493,0.0,False,0,True,True,first_post_window_total,38.415,0.1826,2.7048,observed overlap/location; complete causal attribution unresolved,1
forest_motion_forest_anomaly,condition_first_use,malformed_json_receiver,reject,malformed_message,0,sim-device-01-session-02-look_left_return-001-window-000,1,0.1073,0.0,0.1073,0.0,0.0,0.0,False,1,False,True,verifier_authentication_total,0.1012,0.0,0.0,observed overlap/location; complete causal attribution unresolved,1
forest_motion_forest_anomaly,condition_first_use,post_window_after_refusals,accept,accepted,0,sim-device-01-session-02-look_left_return-001-window-000,1,31.8682,31.25,0.6182,0.1,0.0031379243258169588,0.0,False,0,True,True,accepted_release_and_consumers,22.2494,0.0,0.0,observed overlap/location; complete causal attribution unresolved,1
forest_motion_forest_anomaly,condition_first_use,post_window_recurring,accept,accepted,0,sim-device-01-session-02-look_left_return-001-window-000,1,38.7052,31.25,7.4552,0.1542,0.003983960811467193,0.0,False,0,True,True,accepted_release_and_consumers,26.4462,0.0,0.0,observed overlap/location; complete causal attribution unresolved,1
forest_motion_forest_anomaly,condition_first_use,pre_tag_quality_refusal,reject,data_quality_failure,0,sim-device-01-session-02-look_left_return-001-window-000,1,1.3344,0.0,1.3344,0.0,0.0,0.0,False,1,False,True,binary32_adapter,0.8439,0.0,0.0,observed overlap/location; complete causal attribution unresolved,1
forest_motion_forest_anomaly,condition_first_use,valid_receiver_after_bad_tag,accept,accepted,0,sim-device-01-session-02-look_left_return-001-window-000,1,29.2217,31.25,0.0,0.0,0.0,0.0,False,0,True,True,accepted_release_and_consumers,23.4668,0.0,0.0,observed overlap/location; complete causal attribution unresolved,1
forest_motion_forest_anomaly,measured,bad_tag_receiver,reject,invalid_tag,398,sim-device-04-session-03-still-019-window-000,1,2.8441,0.0,2.8441,0.0,0.0,0.0,False,0,False,True,verifier_authentication_total,2.828,0.0,0.0,observed overlap/location; complete causal attribution unresolved,599
forest_motion_forest_anomaly,measured,exact_replay_receiver,reject,duplicate_sequence,481,sim-device-05-session-03-still-002-window-000,3,287.9302,296.875,0.0,282.1823,0.980037175676605,282.1823,False,0,True,True,verifier_authentication_total,287.9153,282.1823,0.0,observed overlap/location; complete causal attribution unresolved,599
forest_motion_forest_anomaly,measured,fresh_to_first_window,accept,accepted,313,sim-device-04-session-03-look_left_return-014-window-000,2,274.6759,281.25,0.0,243.7845,0.887535091356759,243.7845,False,0,True,True,first_post_window_total,271.643,243.7845,2.2845,observed overlap/location; complete causal attribution unresolved,599
forest_motion_forest_anomaly,measured,fresh_to_first_window,reject,failed_reconstruction,577,sim-device-06-session-03-shake-018-window-000,6,4.8532,0.0,4.8532,0.0,0.0,0.0,False,0,False,True,admission_total,4.8436,0.0,4.5945,observed overlap/location; complete causal attribution unresolved,1
forest_motion_forest_anomaly,measured,malformed_json_receiver,reject,malformed_message,460,sim-device-05-session-03-shake-001-window-000,2,1.2999,15.625,0.0,0.0,0.0,0.0,False,1,False,True,verifier_authentication_total,1.2885,0.0,0.0,observed overlap/location; complete causal attribution unresolved,599
forest_motion_forest_anomaly,measured,post_window_after_refusals,accept,accepted,568,sim-device-06-session-03-shake-009-window-000,3,263.2223,265.625,0.0,232.0824,0.881697333394625,232.0824,False,0,True,True,verifier_authentication_total,236.6965,232.0824,0.0,observed overlap/location; complete causal attribution unresolved,599
forest_motion_forest_anomaly,measured,post_window_recurring,accept,accepted,397,sim-device-04-session-03-still-018-window-000,2,337.0849,343.75,0.0,306.6364,0.9096711243962574,306.6364,False,0,True,True,verifier_authentication_total,311.3044,306.6364,0.0,observed overlap/location; complete causal attribution unresolved,599
forest_motion_forest_anomaly,measured,pre_tag_quality_refusal,reject,data_quality_failure,378,sim-device-04-session-03-shake-019-window-000,3,3.8265,0.0,3.8265,0.0,0.0,0.0,False,1,False,True,sender_seal_total,2.3455,0.0,0.0,observed overlap/location; complete causal attribution unresolved,599
forest_motion_forest_anomaly,measured,valid_receiver_after_bad_tag,accept,accepted,519,sim-device-06-session-03-look_left_return-020-window-000,1,46.0745,31.25,14.8245,0.0,0.0,0.0,False,0,True,True,accepted_release_and_consumers,38.8888,0.0,0.0,observed overlap/location; complete causal attribution unresolved,599
forest_motion_forest_anomaly,warmup,bad_tag_receiver,reject,invalid_tag,1,sim-device-01-session-02-look_left_return-002-window-000,4,1.6232,0.0,1.6232,0.0,0.0,0.0,False,0,False,True,verifier_authentication_total,1.6107,0.0,0.0,observed overlap/location; complete causal attribution unresolved,19
forest_motion_forest_anomaly,warmup,exact_replay_receiver,reject,duplicate_sequence,16,sim-device-01-session-02-look_left_return-017-window-000,2,6.4597,15.625,0.0,0.3351,0.05187547409322414,0.0,False,0,False,True,verifier_authentication_total,6.4478,0.3351,0.0,observed overlap/location; complete causal attribution unresolved,19
forest_motion_forest_anomaly,warmup,fresh_to_first_window,accept,accepted,3,sim-device-01-session-02-look_left_return-004-window-000,3,48.3397,31.25,17.0897,0.1842,0.003810532543644251,0.0,False,0,True,True,first_post_window_total,43.5646,0.1842,3.9129,observed overlap/location; complete causal attribution unresolved,19
forest_motion_forest_anomaly,warmup,malformed_json_receiver,reject,malformed_message,1,sim-device-01-session-02-look_left_return-002-window-000,4,0.1057,0.0,0.1057,0.0,0.0,0.0,False,1,False,True,verifier_authentication_total,0.0994,0.0,0.0,observed overlap/location; complete causal attribution unresolved,19
forest_motion_forest_anomaly,warmup,post_window_after_refusals,accept,accepted,1,sim-device-01-session-02-look_left_return-002-window-000,4,29.8061,31.25,0.0,0.0941,0.0031570718745491696,0.0,False,0,True,True,accepted_release_and_consumers,20.6412,0.0,0.0,observed overlap/location; complete causal attribution unresolved,19
forest_motion_forest_anomaly,warmup,post_window_recurring,accept,accepted,3,sim-device-01-session-02-look_left_return-004-window-000,3,42.5439,46.875,0.0,0.1729,0.004064037382562483,0.0,False,0,True,True,accepted_release_and_consumers,27.2417,0.0,0.0,observed overlap/location; complete causal attribution unresolved,19
forest_motion_forest_anomaly,warmup,pre_tag_quality_refusal,reject,data_quality_failure,8,sim-device-01-session-02-look_left_return-009-window-000,1,1.3298,0.0,1.3298,0.0,0.0,0.0,False,1,False,True,binary32_adapter,0.8438,0.0,0.0,observed overlap/location; complete causal attribution unresolved,19
forest_motion_forest_anomaly,warmup,valid_receiver_after_bad_tag,accept,accepted,1,sim-device-01-session-02-look_left_return-002-window-000,4,34.5154,31.25,3.2654,0.0,0.0,0.0,False,0,True,True,accepted_release_and_consumers,27.7904,0.0,0.0,observed overlap/location; complete causal attribution unresolved,19
logistic_motion_forest_anomaly,condition_first_use,bad_tag_receiver,reject,invalid_tag,0,sim-device-01-session-02-look_left_return-001-window-000,1,2.3446,15.625,0.0,0.0,0.0,0.0,False,0,False,True,verifier_authentication_total,2.3269,0.0,0.0,observed overlap/location; complete causal attribution unresolved,1
logistic_motion_forest_anomaly,condition_first_use,exact_replay_receiver,reject,duplicate_sequence,0,sim-device-01-session-02-look_left_return-001-window-000,1,6.5408,15.625,0.0,0.1729,0.026434075342465755,0.0,False,0,False,True,verifier_authentication_total,6.5288,0.1729,0.0,observed overlap/location; complete causal attribution unresolved,1
logistic_motion_forest_anomaly,condition_first_use,fresh_to_first_window,accept,accepted,0,sim-device-01-session-02-look_left_return-001-window-000,1,41.6065,31.25,10.3565,0.3187,0.0076598608390515905,0.0,False,0,True,True,first_post_window_total,36.8876,0.3187,3.3207,observed overlap/location; complete causal attribution unresolved,1
logistic_motion_forest_anomaly,condition_first_use,malformed_json_receiver,reject,malformed_message,0,sim-device-01-session-02-look_left_return-001-window-000,1,0.1291,0.0,0.1291,0.0,0.0,0.0,False,1,False,True,verifier_authentication_total,0.1211,0.0,0.0,observed overlap/location; complete causal attribution unresolved,1
logistic_motion_forest_anomaly,condition_first_use,post_window_after_refusals,accept,accepted,0,sim-device-01-session-02-look_left_return-001-window-000,1,23.3739,15.625,7.7489,0.1113,0.004761721407210606,0.0,False,0,True,True,accepted_release_and_consumers,10.5308,0.0,0.0,observed overlap/location; complete causal attribution unresolved,1
logistic_motion_forest_anomaly,condition_first_use,post_window_recurring,accept,accepted,0,sim-device-01-session-02-look_left_return-001-window-000,1,37.2286,46.875,0.0,0.2708,0.0072739775334017395,0.0,False,0,True,True,accepted_release_and_consumers,17.9952,0.0,0.0,observed overlap/location; complete causal attribution unresolved,1
logistic_motion_forest_anomaly,condition_first_use,pre_tag_quality_refusal,reject,data_quality_failure,0,sim-device-01-session-02-look_left_return-001-window-000,1,1.7313,0.0,1.7313,0.0,0.0,0.0,False,1,False,True,binary32_adapter,1.0886,0.0,0.0,observed overlap/location; complete causal attribution unresolved,1
logistic_motion_forest_anomaly,condition_first_use,valid_receiver_after_bad_tag,accept,accepted,0,sim-device-01-session-02-look_left_return-001-window-000,1,23.9786,15.625,8.3536,0.0,0.0,0.0,False,0,True,True,accepted_release_and_consumers,14.9383,0.0,0.0,observed overlap/location; complete causal attribution unresolved,1
logistic_motion_forest_anomaly,measured,bad_tag_receiver,reject,invalid_tag,61,sim-device-01-session-03-shake-002-window-000,1,2.4903,0.0,2.4903,0.0,0.0,0.0,False,0,False,True,verifier_authentication_total,2.4686,0.0,0.0,observed overlap/location; complete causal attribution unresolved,599
logistic_motion_forest_anomaly,measured,exact_replay_receiver,reject,duplicate_sequence,107,sim-device-02-session-03-look_left_return-008-window-000,0,223.1532,218.75,4.4032,218.5448,0.9793487164871487,218.5448,False,0,True,True,verifier_authentication_total,223.1409,218.5448,0.0,observed overlap/location; complete causal attribution unresolved,599
logistic_motion_forest_anomaly,measured,fresh_to_first_window,accept,accepted,596,sim-device-06-session-03-still-017-window-000,1,334.7859,328.125,6.6609,306.6628,0.9159967609149609,306.6628,False,0,True,True,first_post_window_total,329.9103,306.6628,3.4975,observed overlap/location; complete causal attribution unresolved,599
logistic_motion_forest_anomaly,measured,fresh_to_first_window,reject,failed_reconstruction,577,sim-device-06-session-03-shake-018-window-000,6,2.9502,0.0,2.9502,0.0,0.0,0.0,False,0,False,True,admission_total,2.9382,0.0,2.6057,observed overlap/location; complete causal attribution unresolved,1
logistic_motion_forest_anomaly,measured,malformed_json_receiver,reject,malformed_message,500,sim-device-06-session-03-look_left_return-001-window-000,2,0.4166,0.0,0.4166,0.0,0.0,0.0,False,1,False,True,verifier_authentication_total,0.4074,0.0,0.0,observed overlap/location; complete causal attribution unresolved,599
logistic_motion_forest_anomaly,measured,post_window_after_refusals,accept,accepted,191,sim-device-02-session-03-still-012-window-000,2,246.6332,250.0,0.0,229.1668,0.9291806618087103,229.1668,False,0,True,True,verifier_authentication_total,233.4829,229.1668,0.0,observed overlap/location; complete causal attribution unresolved,599
logistic_motion_forest_anomaly,measured,post_window_recurring,accept,accepted,26,sim-device-01-session-03-look_right_return-007-window-000,2,262.9841,250.0,12.9841,241.5623,0.9185433644087229,241.5623,False,0,True,True,verifier_authentication_total,247.0849,241.5623,0.0,observed overlap/location; complete causal attribution unresolved,599
logistic_motion_forest_anomaly,measured,pre_tag_quality_refusal,reject,data_quality_failure,56,sim-device-01-session-03-nod-017-window-000,1,2.7324,0.0,2.7324,0.0,0.0,0.0,False,1,False,True,binary32_adapter,1.6939,0.0,0.0,observed overlap/location; complete causal attribution unresolved,599
logistic_motion_forest_anomaly,measured,valid_receiver_after_bad_tag,accept,accepted,518,sim-device-06-session-03-look_left_return-019-window-000,1,24.0237,31.25,0.0,0.0,0.0,0.0,False,0,True,True,accepted_release_and_consumers,15.1543,0.0,0.0,observed overlap/location; complete causal attribution unresolved,599
logistic_motion_forest_anomaly,warmup,bad_tag_receiver,reject,invalid_tag,18,sim-device-01-session-02-look_left_return-019-window-000,3,2.4671,0.0,2.4671,0.0,0.0,0.0,False,0,False,True,verifier_authentication_total,2.4438,0.0,0.0,observed overlap/location; complete causal attribution unresolved,19
logistic_motion_forest_anomaly,warmup,exact_replay_receiver,reject,duplicate_sequence,8,sim-device-01-session-02-look_left_return-009-window-000,1,8.3891,0.0,8.3891,0.2564,0.030563469263687405,0.0,False,0,False,True,verifier_authentication_total,8.3768,0.2564,0.0,observed overlap/location; complete causal attribution unresolved,19
logistic_motion_forest_anomaly,warmup,fresh_to_first_window,accept,accepted,18,sim-device-01-session-02-look_left_return-019-window-000,3,41.3455,46.875,0.0,0.5089,0.01230847371539829,0.0,False,0,True,True,first_post_window_total,35.9816,0.5089,4.032,observed overlap/location; complete causal attribution unresolved,19
logistic_motion_forest_anomaly,warmup,malformed_json_receiver,reject,malformed_message,13,sim-device-01-session-02-look_left_return-014-window-000,1,0.1858,0.0,0.1858,0.0,0.0,0.0,False,1,False,True,verifier_authentication_total,0.1733,0.0,0.0,observed overlap/location; complete causal attribution unresolved,19
logistic_motion_forest_anomaly,warmup,post_window_after_refusals,accept,accepted,13,sim-device-01-session-02-look_left_return-014-window-000,1,29.1039,31.25,0.0,0.1744,0.005992324052790176,0.0,False,0,True,True,accepted_release_and_consumers,10.9045,0.0,0.0,observed overlap/location; complete causal attribution unresolved,19
logistic_motion_forest_anomaly,warmup,post_window_recurring,accept,accepted,18,sim-device-01-session-02-look_left_return-019-window-000,3,35.7312,31.25,4.4812,0.3798,0.010629365932294466,0.0,False,0,True,True,accepted_release_and_consumers,17.3173,0.0,0.0,observed overlap/location; complete causal attribution unresolved,19
logistic_motion_forest_anomaly,warmup,pre_tag_quality_refusal,reject,data_quality_failure,8,sim-device-01-session-02-look_left_return-009-window-000,1,2.644,15.625,0.0,0.0,0.0,0.0,False,1,False,True,binary32_adapter,1.7875,0.0,0.0,observed overlap/location; complete causal attribution unresolved,19
logistic_motion_forest_anomaly,warmup,valid_receiver_after_bad_tag,accept,accepted,18,sim-device-01-session-02-look_left_return-019-window-000,3,23.8051,31.25,0.0,0.0,0.0,0.0,False,0,True,True,accepted_release_and_consumers,15.1696,0.0,0.0,observed overlap/location; complete causal attribution unresolved,19
logistic_motion_logistic_anomaly,condition_first_use,bad_tag_receiver,reject,invalid_tag,0,sim-device-01-session-02-look_left_return-001-window-000,1,1.3474,0.0,1.3474,0.0,0.0,0.0,False,0,False,True,verifier_authentication_total,1.3372,0.0,0.0,observed overlap/location; complete causal attribution unresolved,1
logistic_motion_logistic_anomaly,condition_first_use,exact_replay_receiver,reject,duplicate_sequence,0,sim-device-01-session-02-look_left_return-001-window-000,1,6.9017,0.0,6.9017,0.0935,0.013547386875697292,0.0,False,0,False,True,verifier_authentication_total,6.8895,0.0935,0.0,observed overlap/location; complete causal attribution unresolved,1
logistic_motion_logistic_anomaly,condition_first_use,fresh_to_first_window,accept,accepted,0,sim-device-01-session-02-look_left_return-001-window-000,1,2729.3209,2687.5,41.8209,208.9671,0.07656377086329423,172.1585,False,0,True,True,admission_total,2705.6629,206.9347,2704.7969,observed overlap/location; complete causal attribution unresolved,1
logistic_motion_logistic_anomaly,condition_first_use,malformed_json_receiver,reject,malformed_message,0,sim-device-01-session-02-look_left_return-001-window-000,1,0.179,15.625,0.0,0.0,0.0,0.0,False,1,False,True,verifier_authentication_total,0.1575,0.0,0.0,observed overlap/location; complete causal attribution unresolved,1
logistic_motion_logistic_anomaly,condition_first_use,post_window_after_refusals,accept,accepted,0,sim-device-01-session-02-look_left_return-001-window-000,1,18.9868,15.625,3.3618,0.0606,0.0031916910695851857,0.0,False,0,False,True,sender_seal_total,7.4596,0.0,0.0,observed overlap/location; complete causal attribution unresolved,1
logistic_motion_logistic_anomaly,condition_first_use,post_window_recurring,accept,accepted,0,sim-device-01-session-02-look_left_return-001-window-000,1,21.8563,15.625,6.2313,0.2094,0.009580761611068663,0.0,False,0,True,True,verifier_authentication_total,8.55,0.2094,0.0,observed overlap/location; complete causal attribution unresolved,1
logistic_motion_logistic_anomaly,condition_first_use,pre_tag_quality_refusal,reject,data_quality_failure,0,sim-device-01-session-02-look_left_return-001-window-000,1,2.5071,0.0,2.5071,0.0,0.0,0.0,False,1,False,True,binary32_adapter,1.5856,0.0,0.0,observed overlap/location; complete causal attribution unresolved,1
logistic_motion_logistic_anomaly,condition_first_use,valid_receiver_after_bad_tag,accept,accepted,0,sim-device-01-session-02-look_left_return-001-window-000,1,10.1307,15.625,0.0,0.0,0.0,0.0,False,0,False,True,verifier_authentication_total,5.6271,0.0,0.0,observed overlap/location; complete causal attribution unresolved,1
logistic_motion_logistic_anomaly,measured,bad_tag_receiver,reject,invalid_tag,38,sim-device-01-session-03-look_right_return-019-window-000,1,3.3109,0.0,3.3109,0.0,0.0,0.0,False,0,False,True,verifier_authentication_total,3.293,0.0,0.0,observed overlap/location; complete causal attribution unresolved,599
logistic_motion_logistic_anomaly,measured,exact_replay_receiver,reject,duplicate_sequence,94,sim-device-01-session-03-still-015-window-000,5,210.8127,203.125,7.6877,206.5752,0.9798992185954641,206.5752,False,0,True,True,verifier_authentication_total,210.8029,206.5752,0.0,observed overlap/location; complete causal attribution unresolved,599
logistic_motion_logistic_anomaly,measured,fresh_to_first_window,accept,accepted,564,sim-device-06-session-03-shake-005-window-000,2,278.4112,281.25,0.0,255.1201,0.9163428051745045,255.1201,False,0,True,True,first_post_window_total,274.2074,255.1201,3.1812,observed overlap/location; complete causal attribution unresolved,599
logistic_motion_logistic_anomaly,measured,fresh_to_first_window,reject,failed_reconstruction,577,sim-device-06-session-03-shake-018-window-000,6,3.7043,0.0,3.7043,0.0,0.0,0.0,False,0,False,True,admission_total,3.69,0.0,3.3116,observed overlap/location; complete causal attribution unresolved,1
logistic_motion_logistic_anomaly,measured,malformed_json_receiver,reject,malformed_message,584,sim-device-06-session-03-still-005-window-000,2,0.507,0.0,0.507,0.0,0.0,0.0,False,1,False,True,verifier_authentication_total,0.4957,0.0,0.0,observed overlap/location; complete causal attribution unresolved,599
logistic_motion_logistic_anomaly,measured,post_window_after_refusals,accept,accepted,488,sim-device-05-session-03-still-009-window-000,2,218.4561,218.75,0.0,204.8898,0.9378991934764009,204.8898,False,0,True,True,verifier_authentication_total,209.0012,204.8898,0.0,observed overlap/location; complete causal attribution unresolved,599
logistic_motion_logistic_anomaly,measured,post_window_recurring,accept,accepted,16,sim-device-01-session-03-look_left_return-017-window-000,0,292.3259,281.25,11.0759,269.0324,0.9203166739587563,269.0324,False,0,True,True,verifier_authentication_total,275.1002,269.0324,0.0,observed overlap/location; complete causal attribution unresolved,599
logistic_motion_logistic_anomaly,measured,pre_tag_quality_refusal,reject,data_quality_failure,334,sim-device-04-session-03-look_right_return-015-window-000,4,3.67,0.0,3.67,0.0,0.0,0.0,False,1,False,True,binary32_adapter,2.4584,0.0,0.0,observed overlap/location; complete causal attribution unresolved,599
logistic_motion_logistic_anomaly,measured,valid_receiver_after_bad_tag,accept,accepted,310,sim-device-04-session-03-look_left_return-011-window-000,4,21.6186,15.625,5.9936,0.0,0.0,0.0,False,0,True,True,verifier_authentication_total,12.3319,0.0,0.0,observed overlap/location; complete causal attribution unresolved,599
logistic_motion_logistic_anomaly,warmup,bad_tag_receiver,reject,invalid_tag,8,sim-device-01-session-02-look_left_return-009-window-000,1,2.766,0.0,2.766,0.0,0.0,0.0,False,0,False,True,verifier_authentication_total,2.754,0.0,0.0,observed overlap/location; complete causal attribution unresolved,19
logistic_motion_logistic_anomaly,warmup,exact_replay_receiver,reject,duplicate_sequence,15,sim-device-01-session-02-look_left_return-016-window-000,2,11.3291,15.625,0.0,0.1882,0.016612087456196873,0.0,False,0,False,True,verifier_authentication_total,11.314,0.1882,0.0,observed overlap/location; complete causal attribution unresolved,19
logistic_motion_logistic_anomaly,warmup,fresh_to_first_window,accept,accepted,16,sim-device-01-session-02-look_left_return-017-window-000,2,35.1361,31.25,3.8861,0.2674,0.007610406391147566,0.0,False,0,True,True,first_post_window_total,30.5403,0.2674,3.4131,observed overlap/location; complete causal attribution unresolved,19
logistic_motion_logistic_anomaly,warmup,malformed_json_receiver,reject,malformed_message,5,sim-device-01-session-02-look_left_return-006-window-000,1,0.1916,0.0,0.1916,0.0,0.0,0.0,False,1,False,True,verifier_authentication_total,0.1809,0.0,0.0,observed overlap/location; complete causal attribution unresolved,19
logistic_motion_logistic_anomaly,warmup,post_window_after_refusals,accept,accepted,15,sim-device-01-session-02-look_left_return-016-window-000,2,30.4173,31.25,0.0,0.1622,0.00533249170702199,0.0,False,0,True,True,verifier_authentication_total,11.5495,0.1622,0.0,observed overlap/location; complete causal attribution unresolved,19
logistic_motion_logistic_anomaly,warmup,post_window_recurring,accept,accepted,10,sim-device-01-session-02-look_left_return-011-window-000,1,29.0722,31.25,0.0,0.1908,0.006562970810602569,0.0,False,0,True,True,verifier_authentication_total,10.8448,0.1908,0.0,observed overlap/location; complete causal attribution unresolved,19
logistic_motion_logistic_anomaly,warmup,pre_tag_quality_refusal,reject,data_quality_failure,15,sim-device-01-session-02-look_left_return-016-window-000,2,3.0002,0.0,3.0002,0.0,0.0,0.0,False,1,False,True,binary32_adapter,1.9527,0.0,0.0,observed overlap/location; complete causal attribution unresolved,19
logistic_motion_logistic_anomaly,warmup,valid_receiver_after_bad_tag,accept,accepted,8,sim-device-01-session-02-look_left_return-009-window-000,1,17.1457,15.625,1.5207,0.0,0.0,0.0,False,0,False,True,verifier_authentication_total,9.1181,0.0,0.0,observed overlap/location; complete causal attribution unresolved,19
snn32_seed17_forest_anomaly,condition_first_use,bad_tag_receiver,reject,invalid_tag,0,sim-device-01-session-02-look_left_return-001-window-000,1,1.8269,0.0,1.8269,0.0,0.0,0.0,False,0,False,True,verifier_authentication_total,1.8145,0.0,0.0,observed overlap/location; complete causal attribution unresolved,1
snn32_seed17_forest_anomaly,condition_first_use,exact_replay_receiver,reject,duplicate_sequence,0,sim-device-01-session-02-look_left_return-001-window-000,1,8.5951,15.625,0.0,4.1211,0.47947086130469685,0.0,False,0,False,True,verifier_authentication_total,8.5851,4.1211,0.0,observed overlap/location; complete causal attribution unresolved,1
snn32_seed17_forest_anomaly,condition_first_use,fresh_to_first_window,accept,accepted,0,sim-device-01-session-02-look_left_return-001-window-000,1,56.6979,62.5,0.0,0.3122,0.005506376779386891,0.0,False,0,True,True,first_post_window_total,48.4649,0.3122,7.1571,observed overlap/location; complete causal attribution unresolved,1
snn32_seed17_forest_anomaly,condition_first_use,malformed_json_receiver,reject,malformed_message,0,sim-device-01-session-02-look_left_return-001-window-000,1,0.0894,0.0,0.0894,0.0,0.0,0.0,False,1,False,True,verifier_authentication_total,0.0845,0.0,0.0,observed overlap/location; complete causal attribution unresolved,1
snn32_seed17_forest_anomaly,condition_first_use,post_window_after_refusals,accept,accepted,0,sim-device-01-session-02-look_left_return-001-window-000,1,32.4513,31.25,1.2013,0.1113,0.0034297547401799,0.0,False,0,True,True,accepted_release_and_consumers,22.2669,0.0,0.0,observed overlap/location; complete causal attribution unresolved,1
snn32_seed17_forest_anomaly,condition_first_use,post_window_recurring,accept,accepted,0,sim-device-01-session-02-look_left_return-001-window-000,1,47.5312,46.875,0.6562,0.2423,0.00509770424479079,0.0,False,0,True,True,accepted_release_and_consumers,31.5415,0.0,0.0,observed overlap/location; complete causal attribution unresolved,1
snn32_seed17_forest_anomaly,condition_first_use,pre_tag_quality_refusal,reject,data_quality_failure,0,sim-device-01-session-02-look_left_return-001-window-000,1,0.9817,0.0,0.9817,0.0,0.0,0.0,False,1,False,True,binary32_adapter,0.5968,0.0,0.0,observed overlap/location; complete causal attribution unresolved,1
snn32_seed17_forest_anomaly,condition_first_use,valid_receiver_after_bad_tag,accept,accepted,0,sim-device-01-session-02-look_left_return-001-window-000,1,36.9318,31.25,5.6818,0.0,0.0,0.0,False,0,True,True,accepted_release_and_consumers,29.8718,0.0,0.0,observed overlap/location; complete causal attribution unresolved,1
snn32_seed17_forest_anomaly,measured,bad_tag_receiver,reject,invalid_tag,576,sim-device-06-session-03-shake-017-window-000,4,2.5008,0.0,2.5008,0.0,0.0,0.0,False,0,False,True,verifier_authentication_total,2.4828,0.0,0.0,observed overlap/location; complete causal attribution unresolved,599
snn32_seed17_forest_anomaly,measured,exact_replay_receiver,reject,duplicate_sequence,287,sim-device-03-session-03-still-008-window-000,1,324.2851,312.5,11.7851,319.3979,0.9849293106590467,319.3979,False,0,True,True,verifier_authentication_total,324.2713,319.3979,0.0,observed overlap/location; complete causal attribution unresolved,599
snn32_seed17_forest_anomaly,measured,fresh_to_first_window,accept,accepted,110,sim-device-02-session-03-look_left_return-011-window-000,2,372.8408,375.0,0.0,337.6541,0.9056254036575396,337.6541,False,0,True,True,first_post_window_total,364.1335,337.6541,7.5885,observed overlap/location; complete causal attribution unresolved,599
snn32_seed17_forest_anomaly,measured,fresh_to_first_window,reject,failed_reconstruction,577,sim-device-06-session-03-shake-018-window-000,6,3.7359,0.0,3.7359,0.0,0.0,0.0,False,0,False,True,admission_total,3.7265,0.0,3.4955,observed overlap/location; complete causal attribution unresolved,1
snn32_seed17_forest_anomaly,measured,malformed_json_receiver,reject,malformed_message,482,sim-device-05-session-03-still-003-window-000,1,0.2325,0.0,0.2325,0.0,0.0,0.0,False,1,False,True,verifier_authentication_total,0.2171,0.0,0.0,observed overlap/location; complete causal attribution unresolved,599
snn32_seed17_forest_anomaly,measured,post_window_after_refusals,accept,accepted,25,sim-device-01-session-03-look_right_return-006-window-000,2,316.5555,312.5,4.0555,290.6073,0.918029539843724,290.6073,False,0,True,True,verifier_authentication_total,294.9075,290.6073,0.0,observed overlap/location; complete causal attribution unresolved,599
snn32_seed17_forest_anomaly,measured,post_window_recurring,accept,accepted,555,sim-device-06-session-03-nod-016-window-000,2,359.2428,343.75,15.4928,332.2958,0.9249894500321231,332.2958,False,0,True,True,verifier_authentication_total,337.0038,332.2958,0.0,observed overlap/location; complete causal attribution unresolved,599
snn32_seed17_forest_anomaly,measured,pre_tag_quality_refusal,reject,data_quality_failure,15,sim-device-01-session-03-look_left_return-016-window-000,0,2.6116,0.0,2.6116,0.0,0.0,0.0,False,1,False,True,binary32_adapter,1.4216,0.0,0.0,observed overlap/location; complete causal attribution unresolved,599
snn32_seed17_forest_anomaly,measured,valid_receiver_after_bad_tag,accept,accepted,137,sim-device-02-session-03-look_right_return-018-window-000,3,46.3775,31.25,15.1275,0.0,0.0,0.0,False,0,True,True,accepted_release_and_consumers,36.6401,0.0,0.0,observed overlap/location; complete causal attribution unresolved,599
snn32_seed17_forest_anomaly,warmup,bad_tag_receiver,reject,invalid_tag,6,sim-device-01-session-02-look_left_return-007-window-000,2,1.9766,0.0,1.9766,0.0,0.0,0.0,False,0,False,True,verifier_authentication_total,1.9603,0.0,0.0,observed overlap/location; complete causal attribution unresolved,19
snn32_seed17_forest_anomaly,warmup,exact_replay_receiver,reject,duplicate_sequence,12,sim-device-01-session-02-look_left_return-013-window-000,0,12.5978,0.0,12.5978,5.1583,0.40946038197145534,0.0,False,0,False,True,verifier_authentication_total,12.5846,5.1583,0.0,observed overlap/location; complete causal attribution unresolved,19
snn32_seed17_forest_anomaly,warmup,fresh_to_first_window,accept,accepted,18,sim-device-01-session-02-look_left_return-019-window-000,3,93.5455,62.5,31.0455,0.3051,0.003261514450187342,0.0,False,0,True,True,first_post_window_total,49.4672,0.3051,40.2916,observed overlap/location; complete causal attribution unresolved,19
snn32_seed17_forest_anomaly,warmup,malformed_json_receiver,reject,malformed_message,14,sim-device-01-session-02-look_left_return-015-window-000,2,0.2007,0.0,0.2007,0.0,0.0,0.0,False,1,False,True,verifier_authentication_total,0.1897,0.0,0.0,observed overlap/location; complete causal attribution unresolved,19
snn32_seed17_forest_anomaly,warmup,post_window_after_refusals,accept,accepted,17,sim-device-01-session-02-look_left_return-018-window-000,2,45.7532,46.875,0.0,0.119,0.002600910974532929,0.0,False,0,True,True,accepted_release_and_consumers,31.5073,0.0,0.0,observed overlap/location; complete causal attribution unresolved,19
snn32_seed17_forest_anomaly,warmup,post_window_recurring,accept,accepted,4,sim-device-01-session-02-look_left_return-005-window-000,2,49.9097,46.875,3.0347,0.2673,0.0053556723442537224,0.0,False,0,True,True,accepted_release_and_consumers,34.0685,0.0,0.0,observed overlap/location; complete causal attribution unresolved,19
snn32_seed17_forest_anomaly,warmup,pre_tag_quality_refusal,reject,data_quality_failure,14,sim-device-01-session-02-look_left_return-015-window-000,2,2.2019,0.0,2.2019,0.0,0.0,0.0,False,1,False,True,binary32_adapter,1.3524,0.0,0.0,observed overlap/location; complete causal attribution unresolved,19
snn32_seed17_forest_anomaly,warmup,valid_receiver_after_bad_tag,accept,accepted,15,sim-device-01-session-02-look_left_return-016-window-000,2,38.4692,46.875,0.0,0.0,0.0,0.0,False,0,True,True,accepted_release_and_consumers,31.3562,0.0,0.0,observed overlap/location; complete causal attribution unresolved,19
snn32_seed27_forest_anomaly,condition_first_use,bad_tag_receiver,reject,invalid_tag,0,sim-device-01-session-02-look_left_return-001-window-000,1,1.6881,0.0,1.6881,0.0,0.0,0.0,False,0,False,True,verifier_authentication_total,1.6742,0.0,0.0,observed overlap/location; complete causal attribution unresolved,1
snn32_seed27_forest_anomaly,condition_first_use,exact_replay_receiver,reject,duplicate_sequence,0,sim-device-01-session-02-look_left_return-001-window-000,1,6.4463,0.0,6.4463,0.2526,0.039185269069078384,0.0,False,0,False,True,verifier_authentication_total,6.4355,0.2526,0.0,observed overlap/location; complete causal attribution unresolved,1
snn32_seed27_forest_anomaly,condition_first_use,fresh_to_first_window,accept,accepted,0,sim-device-01-session-02-look_left_return-001-window-000,1,59.4637,46.875,12.5887,0.3954,0.006649434865304379,0.0,False,0,True,True,first_post_window_total,50.8603,0.3954,7.3726,observed overlap/location; complete causal attribution unresolved,1
snn32_seed27_forest_anomaly,condition_first_use,malformed_json_receiver,reject,malformed_message,0,sim-device-01-session-02-look_left_return-001-window-000,1,0.1214,0.0,0.1214,0.0,0.0,0.0,False,1,False,True,verifier_authentication_total,0.1143,0.0,0.0,observed overlap/location; complete causal attribution unresolved,1
snn32_seed27_forest_anomaly,condition_first_use,post_window_after_refusals,accept,accepted,0,sim-device-01-session-02-look_left_return-001-window-000,1,33.6509,31.25,2.4009,0.0925,0.0027488120674335603,0.0,False,0,True,True,accepted_release_and_consumers,22.613,0.0,0.0,observed overlap/location; complete causal attribution unresolved,1
snn32_seed27_forest_anomaly,condition_first_use,post_window_recurring,accept,accepted,0,sim-device-01-session-02-look_left_return-001-window-000,1,48.1399,46.875,1.2649,0.3565,0.007405499388241355,0.0,False,0,True,True,accepted_release_and_consumers,31.1774,0.0,0.0,observed overlap/location; complete causal attribution unresolved,1
snn32_seed27_forest_anomaly,condition_first_use,pre_tag_quality_refusal,reject,data_quality_failure,0,sim-device-01-session-02-look_left_return-001-window-000,1,1.5507,0.0,1.5507,0.0,0.0,0.0,False,1,False,True,binary32_adapter,0.9587,0.0,0.0,observed overlap/location; complete causal attribution unresolved,1
snn32_seed27_forest_anomaly,condition_first_use,valid_receiver_after_bad_tag,accept,accepted,0,sim-device-01-session-02-look_left_return-001-window-000,1,34.232,31.25,2.982,0.0,0.0,0.0,False,0,True,True,accepted_release_and_consumers,27.7097,0.0,0.0,observed overlap/location; complete causal attribution unresolved,1
snn32_seed27_forest_anomaly,measured,bad_tag_receiver,reject,invalid_tag,482,sim-device-05-session-03-still-003-window-000,1,3.3379,0.0,3.3379,0.0,0.0,0.0,False,0,False,True,verifier_authentication_total,3.3211,0.0,0.0,observed overlap/location; complete causal attribution unresolved,599
snn32_seed27_forest_anomaly,measured,exact_replay_receiver,reject,duplicate_sequence,26,sim-device-01-session-03-look_right_return-007-window-000,2,324.522,328.125,0.0,319.8441,0.9855852607835525,319.8441,False,0,True,True,verifier_authentication_total,324.5091,319.8441,0.0,observed overlap/location; complete causal attribution unresolved,599
snn32_seed27_forest_anomaly,measured,fresh_to_first_window,accept,accepted,574,sim-device-06-session-03-shake-015-window-000,4,362.8529,359.375,3.4779,335.0327,0.9233292609760043,335.0327,False,0,True,True,first_post_window_total,359.5234,335.0327,2.6489,observed overlap/location; complete causal attribution unresolved,599
snn32_seed27_forest_anomaly,measured,fresh_to_first_window,reject,failed_reconstruction,577,sim-device-06-session-03-shake-018-window-000,6,2.6978,0.0,2.6978,0.0,0.0,0.0,False,0,False,True,admission_total,2.6881,0.0,2.4197,observed overlap/location; complete causal attribution unresolved,1
snn32_seed27_forest_anomaly,measured,malformed_json_receiver,reject,malformed_message,151,sim-device-02-session-03-nod-012-window-000,1,0.2464,0.0,0.2464,0.0,0.0,0.0,False,1,False,True,verifier_authentication_total,0.2291,0.0,0.0,observed overlap/location; complete causal attribution unresolved,599
snn32_seed27_forest_anomaly,measured,post_window_after_refusals,accept,accepted,119,sim-device-02-session-03-look_left_return-020-window-000,2,356.865,328.125,28.74,329.2221,0.9225396158211088,329.2221,False,0,True,True,verifier_authentication_total,334.0267,329.2221,0.0,observed overlap/location; complete causal attribution unresolved,599
snn32_seed27_forest_anomaly,measured,post_window_recurring,accept,accepted,297,sim-device-03-session-03-still-018-window-000,3,292.8711,296.875,0.0,267.5143,0.9134199311574273,267.5143,False,0,True,True,verifier_authentication_total,271.9166,267.5143,0.0,observed overlap/location; complete causal attribution unresolved,599
snn32_seed27_forest_anomaly,measured,pre_tag_quality_refusal,reject,data_quality_failure,11,sim-device-01-session-03-look_left_return-012-window-000,0,2.9642,0.0,2.9642,0.0,0.0,0.0,False,1,False,True,binary32_adapter,2.0189,0.0,0.0,observed overlap/location; complete causal attribution unresolved,599
snn32_seed27_forest_anomaly,measured,valid_receiver_after_bad_tag,accept,accepted,151,sim-device-02-session-03-nod-012-window-000,1,42.2513,46.875,0.0,0.0,0.0,0.0,False,0,True,True,accepted_release_and_consumers,35.7377,0.0,0.0,observed overlap/location; complete causal attribution unresolved,599
snn32_seed27_forest_anomaly,warmup,bad_tag_receiver,reject,invalid_tag,17,sim-device-01-session-02-look_left_return-018-window-000,2,1.9533,15.625,0.0,0.0,0.0,0.0,False,0,False,True,verifier_authentication_total,1.939,0.0,0.0,observed overlap/location; complete causal attribution unresolved,19
snn32_seed27_forest_anomaly,warmup,exact_replay_receiver,reject,duplicate_sequence,5,sim-device-01-session-02-look_left_return-006-window-000,1,8.0939,15.625,0.0,0.5232,0.06464127305748774,0.0,False,0,False,True,verifier_authentication_total,8.0785,0.5232,0.0,observed overlap/location; complete causal attribution unresolved,19
snn32_seed27_forest_anomaly,warmup,fresh_to_first_window,accept,accepted,6,sim-device-01-session-02-look_left_return-007-window-000,2,56.8814,62.5,0.0,0.4424,0.007777586346327622,0.0,False,0,True,True,first_post_window_total,48.5267,0.4424,7.1606,observed overlap/location; complete causal attribution unresolved,19
snn32_seed27_forest_anomaly,warmup,malformed_json_receiver,reject,malformed_message,17,sim-device-01-session-02-look_left_return-018-window-000,2,0.1991,0.0,0.1991,0.0,0.0,0.0,False,1,False,True,verifier_authentication_total,0.187,0.0,0.0,observed overlap/location; complete causal attribution unresolved,19
snn32_seed27_forest_anomaly,warmup,post_window_after_refusals,accept,accepted,5,sim-device-01-session-02-look_left_return-006-window-000,1,38.8631,31.25,7.6131,0.1732,0.004456669694388764,0.0,False,0,True,True,accepted_release_and_consumers,24.4248,0.0,0.0,observed overlap/location; complete causal attribution unresolved,19
snn32_seed27_forest_anomaly,warmup,post_window_recurring,accept,accepted,4,sim-device-01-session-02-look_left_return-005-window-000,2,53.2349,62.5,0.0,5.8625,0.11012512468324351,0.0,False,0,True,True,accepted_release_and_consumers,31.8992,0.0,0.0,observed overlap/location; complete causal attribution unresolved,19
snn32_seed27_forest_anomaly,warmup,pre_tag_quality_refusal,reject,data_quality_failure,17,sim-device-01-session-02-look_left_return-018-window-000,2,2.2158,0.0,2.2158,0.0,0.0,0.0,False,1,False,True,binary32_adapter,1.3571,0.0,0.0,observed overlap/location; complete causal attribution unresolved,19
snn32_seed27_forest_anomaly,warmup,valid_receiver_after_bad_tag,accept,accepted,17,sim-device-01-session-02-look_left_return-018-window-000,2,38.602,31.25,7.352,0.0,0.0,0.0,False,0,True,True,accepted_release_and_consumers,31.2457,0.0,0.0,observed overlap/location; complete causal attribution unresolved,19
snn32_seed7_forest_anomaly,condition_first_use,bad_tag_receiver,reject,invalid_tag,0,sim-device-01-session-02-look_left_return-001-window-000,1,2.2682,0.0,2.2682,0.0,0.0,0.0,False,0,False,True,verifier_authentication_total,2.2538,0.0,0.0,observed overlap/location; complete causal attribution unresolved,1
snn32_seed7_forest_anomaly,condition_first_use,exact_replay_receiver,reject,duplicate_sequence,0,sim-device-01-session-02-look_left_return-001-window-000,1,5.6092,0.0,5.6092,0.1859,0.03314198103116309,0.0,False,0,False,True,verifier_authentication_total,5.6015,0.1859,0.0,observed overlap/location; complete causal attribution unresolved,1
snn32_seed7_forest_anomaly,condition_first_use,fresh_to_first_window,accept,accepted,0,sim-device-01-session-02-look_left_return-001-window-000,1,42.107,46.875,0.0,0.21,0.004987294274111193,0.0,False,0,True,True,first_post_window_total,36.6967,0.21,4.7174,observed overlap/location; complete causal attribution unresolved,1
snn32_seed7_forest_anomaly,condition_first_use,malformed_json_receiver,reject,malformed_message,0,sim-device-01-session-02-look_left_return-001-window-000,1,0.0808,0.0,0.0808,0.0,0.0,0.0,False,1,False,True,verifier_authentication_total,0.0761,0.0,0.0,observed overlap/location; complete causal attribution unresolved,1
snn32_seed7_forest_anomaly,condition_first_use,post_window_after_refusals,accept,accepted,0,sim-device-01-session-02-look_left_return-001-window-000,1,23.2432,31.25,0.0,0.0829,0.003566634542575893,0.0,False,0,True,True,accepted_release_and_consumers,14.8701,0.0,0.0,observed overlap/location; complete causal attribution unresolved,1
snn32_seed7_forest_anomaly,condition_first_use,post_window_recurring,accept,accepted,0,sim-device-01-session-02-look_left_return-001-window-000,1,38.2194,31.25,6.9694,0.1608,0.004207287398546288,0.0,False,0,True,True,accepted_release_and_consumers,23.4671,0.0,0.0,observed overlap/location; complete causal attribution unresolved,1
snn32_seed7_forest_anomaly,condition_first_use,pre_tag_quality_refusal,reject,data_quality_failure,0,sim-device-01-session-02-look_left_return-001-window-000,1,1.0279,0.0,1.0279,0.0,0.0,0.0,False,1,False,True,binary32_adapter,0.6267,0.0,0.0,observed overlap/location; complete causal attribution unresolved,1
snn32_seed7_forest_anomaly,condition_first_use,valid_receiver_after_bad_tag,accept,accepted,0,sim-device-01-session-02-look_left_return-001-window-000,1,31.9799,31.25,0.7299,0.0,0.0,0.0,False,0,True,True,accepted_release_and_consumers,24.5046,0.0,0.0,observed overlap/location; complete causal attribution unresolved,1
snn32_seed7_forest_anomaly,measured,bad_tag_receiver,reject,invalid_tag,438,sim-device-05-session-03-look_right_return-019-window-000,2,2.495,0.0,2.495,0.0,0.0,0.0,False,0,False,True,verifier_authentication_total,2.4753,0.0,0.0,observed overlap/location; complete causal attribution unresolved,599
snn32_seed7_forest_anomaly,measured,exact_replay_receiver,reject,duplicate_sequence,554,sim-device-06-session-03-nod-015-window-000,2,277.8234,281.25,0.0,273.1515,0.9831839218726717,273.1515,False,0,True,True,verifier_authentication_total,277.8097,273.1515,0.0,observed overlap/location; complete causal attribution unresolved,599
snn32_seed7_forest_anomaly,measured,fresh_to_first_window,accept,accepted,31,sim-device-01-session-03-look_right_return-012-window-000,2,354.4788,343.75,10.7288,320.1,0.9030159208392716,320.1,False,0,True,True,first_post_window_total,346.0437,320.1,7.297,observed overlap/location; complete causal attribution unresolved,599
snn32_seed7_forest_anomaly,measured,fresh_to_first_window,reject,failed_reconstruction,577,sim-device-06-session-03-shake-018-window-000,6,7.3034,0.0,7.3034,0.0,0.0,0.0,False,0,False,True,admission_total,7.2888,0.0,6.9213,observed overlap/location; complete causal attribution unresolved,1
snn32_seed7_forest_anomaly,measured,malformed_json_receiver,reject,malformed_message,518,sim-device-06-session-03-look_left_return-019-window-000,1,0.2345,0.0,0.2345,0.0,0.0,0.0,False,1,False,True,verifier_authentication_total,0.2208,0.0,0.0,observed overlap/location; complete causal attribution unresolved,599
snn32_seed7_forest_anomaly,measured,post_window_after_refusals,accept,accepted,295,sim-device-03-session-03-still-016-window-000,3,293.5287,296.875,0.0,269.0596,0.9166381345333523,269.0596,False,0,True,True,verifier_authentication_total,273.0666,269.0596,0.0,observed overlap/location; complete causal attribution unresolved,599
snn32_seed7_forest_anomaly,measured,post_window_recurring,accept,accepted,467,sim-device-05-session-03-shake-008-window-000,1,342.7444,343.75,0.0,316.9066,0.9246149608863048,316.9066,False,0,True,True,verifier_authentication_total,321.798,316.9066,0.0,observed overlap/location; complete causal attribution unresolved,599
snn32_seed7_forest_anomaly,measured,pre_tag_quality_refusal,reject,data_quality_failure,76,sim-device-01-session-03-shake-017-window-000,1,2.7803,0.0,2.7803,0.0,0.0,0.0,False,1,False,True,binary32_adapter,1.8925,0.0,0.0,observed overlap/location; complete causal attribution unresolved,599
snn32_seed7_forest_anomaly,measured,valid_receiver_after_bad_tag,accept,accepted,480,sim-device-05-session-03-still-001-window-000,2,58.3211,31.25,27.0711,0.0,0.0,0.0,False,0,True,True,accepted_release_and_consumers,41.2884,0.0,0.0,observed overlap/location; complete causal attribution unresolved,599
snn32_seed7_forest_anomaly,warmup,bad_tag_receiver,reject,invalid_tag,1,sim-device-01-session-02-look_left_return-002-window-000,4,2.1558,0.0,2.1558,0.0,0.0,0.0,False,0,False,True,verifier_authentication_total,2.1432,0.0,0.0,observed overlap/location; complete causal attribution unresolved,19
snn32_seed7_forest_anomaly,warmup,exact_replay_receiver,reject,duplicate_sequence,17,sim-device-01-session-02-look_left_return-018-window-000,2,6.5396,0.0,6.5396,0.1774,0.027127041409260505,0.0,False,0,False,True,verifier_authentication_total,6.5286,0.1774,0.0,observed overlap/location; complete causal attribution unresolved,19
snn32_seed7_forest_anomaly,warmup,fresh_to_first_window,accept,accepted,13,sim-device-01-session-02-look_left_return-014-window-000,1,58.4772,62.5,0.0,0.3836,0.006559821605685635,0.0,False,0,True,True,first_post_window_total,49.9382,0.3836,7.2105,observed overlap/location; complete causal attribution unresolved,19
snn32_seed7_forest_anomaly,warmup,malformed_json_receiver,reject,malformed_message,17,sim-device-01-session-02-look_left_return-018-window-000,2,0.1417,0.0,0.1417,0.0,0.0,0.0,False,1,False,True,verifier_authentication_total,0.1331,0.0,0.0,observed overlap/location; complete causal attribution unresolved,19
snn32_seed7_forest_anomaly,warmup,post_window_after_refusals,accept,accepted,12,sim-device-01-session-02-look_left_return-013-window-000,0,39.7571,31.25,8.5071,0.2259,0.0056820039691023744,0.0,False,0,True,True,accepted_release_and_consumers,27.5564,0.0,0.0,observed overlap/location; complete causal attribution unresolved,19
snn32_seed7_forest_anomaly,warmup,post_window_recurring,accept,accepted,13,sim-device-01-session-02-look_left_return-014-window-000,1,48.7704,46.875,1.8954,0.3426,0.007024752718862261,0.0,False,0,True,True,accepted_release_and_consumers,32.3465,0.0,0.0,observed overlap/location; complete causal attribution unresolved,19
snn32_seed7_forest_anomaly,warmup,pre_tag_quality_refusal,reject,data_quality_failure,4,sim-device-01-session-02-look_left_return-005-window-000,2,1.8952,0.0,1.8952,0.0,0.0,0.0,False,1,False,True,binary32_adapter,1.0116,0.0,0.0,observed overlap/location; complete causal attribution unresolved,19
snn32_seed7_forest_anomaly,warmup,valid_receiver_after_bad_tag,accept,accepted,18,sim-device-01-session-02-look_left_return-019-window-000,3,37.4144,46.875,0.0,0.0,0.0,0.0,False,0,True,True,accepted_release_and_consumers,30.1652,0.0,0.0,observed overlap/location; complete causal attribution unresolved,19
