condition,phase,path,decision,reason,trace_count,retained_outlier_count,absolute_threshold_exceeded_count,p99_tail_count,gc_overlap_outlier_count,gc_at_least_half_outlier_count,gen2_overlap_outlier_count,max_wall_ms,max_observation_gc_overlap_ms,max_observation_gc_fraction,max_observation_largest_nested_stage
forest_motion_forest_anomaly,condition_first_use,bad_tag_receiver,reject,invalid_tag,1,1,0,1,0,0,0,1.5252,0.0,0.0,verifier_authentication_total
forest_motion_forest_anomaly,condition_first_use,exact_replay_receiver,reject,duplicate_sequence,1,1,0,1,1,0,0,4.9199,0.1828,0.037155226732250655,verifier_authentication_total
forest_motion_forest_anomaly,condition_first_use,fresh_to_first_window,accept,accepted,1,1,1,1,1,0,0,42.0247,0.1826,0.004345063736326493,first_post_window_total
forest_motion_forest_anomaly,condition_first_use,malformed_json_receiver,reject,malformed_message,1,1,0,1,0,0,0,0.1073,0.0,0.0,verifier_authentication_total
forest_motion_forest_anomaly,condition_first_use,post_window_after_refusals,accept,accepted,1,1,1,1,1,0,0,31.8682,0.1,0.0031379243258169588,accepted_release_and_consumers
forest_motion_forest_anomaly,condition_first_use,post_window_recurring,accept,accepted,1,1,1,1,1,0,0,38.7052,0.1542,0.003983960811467193,accepted_release_and_consumers
forest_motion_forest_anomaly,condition_first_use,pre_tag_quality_refusal,reject,data_quality_failure,1,1,0,1,0,0,0,1.3344,0.0,0.0,binary32_adapter
forest_motion_forest_anomaly,condition_first_use,valid_receiver_after_bad_tag,accept,accepted,1,1,1,1,0,0,0,29.2217,0.0,0.0,accepted_release_and_consumers
forest_motion_forest_anomaly,measured,bad_tag_receiver,reject,invalid_tag,599,6,0,6,0,0,0,2.8441,0.0,0.0,verifier_authentication_total
forest_motion_forest_anomaly,measured,exact_replay_receiver,reject,duplicate_sequence,599,6,2,6,6,2,2,287.9302,282.1823,0.980037175676605,verifier_authentication_total
forest_motion_forest_anomaly,measured,fresh_to_first_window,accept,accepted,599,599,599,6,599,1,1,274.6759,243.7845,0.887535091356759,first_post_window_total
forest_motion_forest_anomaly,measured,fresh_to_first_window,reject,failed_reconstruction,1,1,0,1,0,0,0,4.8532,0.0,0.0,admission_total
forest_motion_forest_anomaly,measured,malformed_json_receiver,reject,malformed_message,599,6,0,6,0,0,0,1.2999,0.0,0.0,verifier_authentication_total
forest_motion_forest_anomaly,measured,post_window_after_refusals,accept,accepted,599,599,599,6,599,2,2,263.2223,232.0824,0.881697333394625,verifier_authentication_total
forest_motion_forest_anomaly,measured,post_window_recurring,accept,accepted,599,599,599,6,599,2,2,337.0849,306.6364,0.9096711243962574,verifier_authentication_total
forest_motion_forest_anomaly,measured,pre_tag_quality_refusal,reject,data_quality_failure,599,6,0,6,0,0,0,3.8265,0.0,0.0,sender_seal_total
forest_motion_forest_anomaly,measured,valid_receiver_after_bad_tag,accept,accepted,599,599,599,6,10,0,0,46.0745,0.0,0.0,accepted_release_and_consumers
forest_motion_forest_anomaly,warmup,bad_tag_receiver,reject,invalid_tag,19,1,0,1,0,0,0,1.6232,0.0,0.0,verifier_authentication_total
forest_motion_forest_anomaly,warmup,exact_replay_receiver,reject,duplicate_sequence,19,1,0,1,1,0,0,6.4597,0.3351,0.05187547409322414,verifier_authentication_total
forest_motion_forest_anomaly,warmup,fresh_to_first_window,accept,accepted,19,19,19,1,19,0,0,48.3397,0.1842,0.003810532543644251,first_post_window_total
forest_motion_forest_anomaly,warmup,malformed_json_receiver,reject,malformed_message,19,1,0,1,0,0,0,0.1057,0.0,0.0,verifier_authentication_total
forest_motion_forest_anomaly,warmup,post_window_after_refusals,accept,accepted,19,19,19,1,19,0,0,29.8061,0.0941,0.0031570718745491696,accepted_release_and_consumers
forest_motion_forest_anomaly,warmup,post_window_recurring,accept,accepted,19,19,19,1,19,0,0,42.5439,0.1729,0.004064037382562483,accepted_release_and_consumers
forest_motion_forest_anomaly,warmup,pre_tag_quality_refusal,reject,data_quality_failure,19,1,0,1,0,0,0,1.3298,0.0,0.0,binary32_adapter
forest_motion_forest_anomaly,warmup,valid_receiver_after_bad_tag,accept,accepted,19,19,19,1,0,0,0,34.5154,0.0,0.0,accepted_release_and_consumers
logistic_motion_forest_anomaly,condition_first_use,bad_tag_receiver,reject,invalid_tag,1,1,0,1,0,0,0,2.3446,0.0,0.0,verifier_authentication_total
logistic_motion_forest_anomaly,condition_first_use,exact_replay_receiver,reject,duplicate_sequence,1,1,0,1,1,0,0,6.5408,0.1729,0.026434075342465755,verifier_authentication_total
logistic_motion_forest_anomaly,condition_first_use,fresh_to_first_window,accept,accepted,1,1,1,1,1,0,0,41.6065,0.3187,0.0076598608390515905,first_post_window_total
logistic_motion_forest_anomaly,condition_first_use,malformed_json_receiver,reject,malformed_message,1,1,0,1,0,0,0,0.1291,0.0,0.0,verifier_authentication_total
logistic_motion_forest_anomaly,condition_first_use,post_window_after_refusals,accept,accepted,1,1,1,1,1,0,0,23.3739,0.1113,0.004761721407210606,accepted_release_and_consumers
logistic_motion_forest_anomaly,condition_first_use,post_window_recurring,accept,accepted,1,1,1,1,1,0,0,37.2286,0.2708,0.0072739775334017395,accepted_release_and_consumers
logistic_motion_forest_anomaly,condition_first_use,pre_tag_quality_refusal,reject,data_quality_failure,1,1,0,1,0,0,0,1.7313,0.0,0.0,binary32_adapter
logistic_motion_forest_anomaly,condition_first_use,valid_receiver_after_bad_tag,accept,accepted,1,1,1,1,0,0,0,23.9786,0.0,0.0,accepted_release_and_consumers
logistic_motion_forest_anomaly,measured,bad_tag_receiver,reject,invalid_tag,599,6,0,6,0,0,0,2.4903,0.0,0.0,verifier_authentication_total
logistic_motion_forest_anomaly,measured,exact_replay_receiver,reject,duplicate_sequence,599,6,2,6,6,2,2,223.1532,218.5448,0.9793487164871487,verifier_authentication_total
logistic_motion_forest_anomaly,measured,fresh_to_first_window,accept,accepted,599,599,599,6,599,2,2,334.7859,306.6628,0.9159967609149609,first_post_window_total
logistic_motion_forest_anomaly,measured,fresh_to_first_window,reject,failed_reconstruction,1,1,0,1,0,0,0,2.9502,0.0,0.0,admission_total
logistic_motion_forest_anomaly,measured,malformed_json_receiver,reject,malformed_message,599,6,0,6,0,0,0,0.4166,0.0,0.0,verifier_authentication_total
logistic_motion_forest_anomaly,measured,post_window_after_refusals,accept,accepted,599,562,562,6,562,2,2,246.6332,229.1668,0.9291806618087103,verifier_authentication_total
logistic_motion_forest_anomaly,measured,post_window_recurring,accept,accepted,599,582,582,6,582,2,2,262.9841,241.5623,0.9185433644087229,verifier_authentication_total
logistic_motion_forest_anomaly,measured,pre_tag_quality_refusal,reject,data_quality_failure,599,6,0,6,0,0,0,2.7324,0.0,0.0,binary32_adapter
logistic_motion_forest_anomaly,measured,valid_receiver_after_bad_tag,accept,accepted,599,74,74,6,0,0,0,24.0237,0.0,0.0,accepted_release_and_consumers
logistic_motion_forest_anomaly,warmup,bad_tag_receiver,reject,invalid_tag,19,1,0,1,0,0,0,2.4671,0.0,0.0,verifier_authentication_total
logistic_motion_forest_anomaly,warmup,exact_replay_receiver,reject,duplicate_sequence,19,1,0,1,1,0,0,8.3891,0.2564,0.030563469263687405,verifier_authentication_total
logistic_motion_forest_anomaly,warmup,fresh_to_first_window,accept,accepted,19,19,19,1,19,0,0,41.3455,0.5089,0.01230847371539829,first_post_window_total
logistic_motion_forest_anomaly,warmup,malformed_json_receiver,reject,malformed_message,19,1,0,1,0,0,0,0.1858,0.0,0.0,verifier_authentication_total
logistic_motion_forest_anomaly,warmup,post_window_after_refusals,accept,accepted,19,19,19,1,19,0,0,29.1039,0.1744,0.005992324052790176,accepted_release_and_consumers
logistic_motion_forest_anomaly,warmup,post_window_recurring,accept,accepted,19,19,19,1,19,0,0,35.7312,0.3798,0.010629365932294466,accepted_release_and_consumers
logistic_motion_forest_anomaly,warmup,pre_tag_quality_refusal,reject,data_quality_failure,19,1,0,1,0,0,0,2.644,0.0,0.0,binary32_adapter
logistic_motion_forest_anomaly,warmup,valid_receiver_after_bad_tag,accept,accepted,19,13,13,1,0,0,0,23.8051,0.0,0.0,accepted_release_and_consumers
logistic_motion_logistic_anomaly,condition_first_use,bad_tag_receiver,reject,invalid_tag,1,1,0,1,0,0,0,1.3474,0.0,0.0,verifier_authentication_total
logistic_motion_logistic_anomaly,condition_first_use,exact_replay_receiver,reject,duplicate_sequence,1,1,0,1,1,0,0,6.9017,0.0935,0.013547386875697292,verifier_authentication_total
logistic_motion_logistic_anomaly,condition_first_use,fresh_to_first_window,accept,accepted,1,1,1,1,1,0,1,2729.3209,208.9671,0.07656377086329423,admission_total
logistic_motion_logistic_anomaly,condition_first_use,malformed_json_receiver,reject,malformed_message,1,1,0,1,0,0,0,0.179,0.0,0.0,verifier_authentication_total
logistic_motion_logistic_anomaly,condition_first_use,post_window_after_refusals,accept,accepted,1,1,0,1,1,0,0,18.9868,0.0606,0.0031916910695851857,sender_seal_total
logistic_motion_logistic_anomaly,condition_first_use,post_window_recurring,accept,accepted,1,1,1,1,1,0,0,21.8563,0.2094,0.009580761611068663,verifier_authentication_total
logistic_motion_logistic_anomaly,condition_first_use,pre_tag_quality_refusal,reject,data_quality_failure,1,1,0,1,0,0,0,2.5071,0.0,0.0,binary32_adapter
logistic_motion_logistic_anomaly,condition_first_use,valid_receiver_after_bad_tag,accept,accepted,1,1,0,1,0,0,0,10.1307,0.0,0.0,verifier_authentication_total
logistic_motion_logistic_anomaly,measured,bad_tag_receiver,reject,invalid_tag,599,6,0,6,0,0,0,3.3109,0.0,0.0,verifier_authentication_total
logistic_motion_logistic_anomaly,measured,exact_replay_receiver,reject,duplicate_sequence,599,6,2,6,6,2,2,210.8127,206.5752,0.9798992185954641,verifier_authentication_total
logistic_motion_logistic_anomaly,measured,fresh_to_first_window,accept,accepted,599,341,341,6,341,2,2,278.4112,255.1201,0.9163428051745045,first_post_window_total
logistic_motion_logistic_anomaly,measured,fresh_to_first_window,reject,failed_reconstruction,1,1,0,1,0,0,0,3.7043,0.0,0.0,admission_total
logistic_motion_logistic_anomaly,measured,malformed_json_receiver,reject,malformed_message,599,6,0,6,0,0,0,0.507,0.0,0.0,verifier_authentication_total
logistic_motion_logistic_anomaly,measured,post_window_after_refusals,accept,accepted,599,140,140,6,140,2,2,218.4561,204.8898,0.9378991934764009,verifier_authentication_total
logistic_motion_logistic_anomaly,measured,post_window_recurring,accept,accepted,599,187,187,6,187,2,2,292.3259,269.0324,0.9203166739587563,verifier_authentication_total
logistic_motion_logistic_anomaly,measured,pre_tag_quality_refusal,reject,data_quality_failure,599,6,0,6,0,0,0,3.67,0.0,0.0,binary32_adapter
logistic_motion_logistic_anomaly,measured,valid_receiver_after_bad_tag,accept,accepted,599,18,18,6,0,0,0,21.6186,0.0,0.0,verifier_authentication_total
logistic_motion_logistic_anomaly,warmup,bad_tag_receiver,reject,invalid_tag,19,1,0,1,0,0,0,2.766,0.0,0.0,verifier_authentication_total
logistic_motion_logistic_anomaly,warmup,exact_replay_receiver,reject,duplicate_sequence,19,1,0,1,1,0,0,11.3291,0.1882,0.016612087456196873,verifier_authentication_total
logistic_motion_logistic_anomaly,warmup,fresh_to_first_window,accept,accepted,19,18,18,1,18,0,0,35.1361,0.2674,0.007610406391147566,first_post_window_total
logistic_motion_logistic_anomaly,warmup,malformed_json_receiver,reject,malformed_message,19,1,0,1,0,0,0,0.1916,0.0,0.0,verifier_authentication_total
logistic_motion_logistic_anomaly,warmup,post_window_after_refusals,accept,accepted,19,3,3,1,3,0,0,30.4173,0.1622,0.00533249170702199,verifier_authentication_total
logistic_motion_logistic_anomaly,warmup,post_window_recurring,accept,accepted,19,4,4,1,4,0,0,29.0722,0.1908,0.006562970810602569,verifier_authentication_total
logistic_motion_logistic_anomaly,warmup,pre_tag_quality_refusal,reject,data_quality_failure,19,1,0,1,0,0,0,3.0002,0.0,0.0,binary32_adapter
logistic_motion_logistic_anomaly,warmup,valid_receiver_after_bad_tag,accept,accepted,19,1,0,1,0,0,0,17.1457,0.0,0.0,verifier_authentication_total
snn32_seed17_forest_anomaly,condition_first_use,bad_tag_receiver,reject,invalid_tag,1,1,0,1,0,0,0,1.8269,0.0,0.0,verifier_authentication_total
snn32_seed17_forest_anomaly,condition_first_use,exact_replay_receiver,reject,duplicate_sequence,1,1,0,1,1,0,0,8.5951,4.1211,0.47947086130469685,verifier_authentication_total
snn32_seed17_forest_anomaly,condition_first_use,fresh_to_first_window,accept,accepted,1,1,1,1,1,0,0,56.6979,0.3122,0.005506376779386891,first_post_window_total
snn32_seed17_forest_anomaly,condition_first_use,malformed_json_receiver,reject,malformed_message,1,1,0,1,0,0,0,0.0894,0.0,0.0,verifier_authentication_total
snn32_seed17_forest_anomaly,condition_first_use,post_window_after_refusals,accept,accepted,1,1,1,1,1,0,0,32.4513,0.1113,0.0034297547401799,accepted_release_and_consumers
snn32_seed17_forest_anomaly,condition_first_use,post_window_recurring,accept,accepted,1,1,1,1,1,0,0,47.5312,0.2423,0.00509770424479079,accepted_release_and_consumers
snn32_seed17_forest_anomaly,condition_first_use,pre_tag_quality_refusal,reject,data_quality_failure,1,1,0,1,0,0,0,0.9817,0.0,0.0,binary32_adapter
snn32_seed17_forest_anomaly,condition_first_use,valid_receiver_after_bad_tag,accept,accepted,1,1,1,1,0,0,0,36.9318,0.0,0.0,accepted_release_and_consumers
snn32_seed17_forest_anomaly,measured,bad_tag_receiver,reject,invalid_tag,599,6,0,6,0,0,0,2.5008,0.0,0.0,verifier_authentication_total
snn32_seed17_forest_anomaly,measured,exact_replay_receiver,reject,duplicate_sequence,599,6,1,6,6,1,1,324.2851,319.3979,0.9849293106590467,verifier_authentication_total
snn32_seed17_forest_anomaly,measured,fresh_to_first_window,accept,accepted,599,599,599,6,599,2,2,372.8408,337.6541,0.9056254036575396,first_post_window_total
snn32_seed17_forest_anomaly,measured,fresh_to_first_window,reject,failed_reconstruction,1,1,0,1,0,0,0,3.7359,0.0,0.0,admission_total
snn32_seed17_forest_anomaly,measured,malformed_json_receiver,reject,malformed_message,599,6,0,6,0,0,0,0.2325,0.0,0.0,verifier_authentication_total
snn32_seed17_forest_anomaly,measured,post_window_after_refusals,accept,accepted,599,599,599,6,599,2,2,316.5555,290.6073,0.918029539843724,verifier_authentication_total
snn32_seed17_forest_anomaly,measured,post_window_recurring,accept,accepted,599,599,599,6,599,2,2,359.2428,332.2958,0.9249894500321231,verifier_authentication_total
snn32_seed17_forest_anomaly,measured,pre_tag_quality_refusal,reject,data_quality_failure,599,6,0,6,0,0,0,2.6116,0.0,0.0,binary32_adapter
snn32_seed17_forest_anomaly,measured,valid_receiver_after_bad_tag,accept,accepted,599,595,595,6,8,0,0,46.3775,0.0,0.0,accepted_release_and_consumers
snn32_seed17_forest_anomaly,warmup,bad_tag_receiver,reject,invalid_tag,19,1,0,1,0,0,0,1.9766,0.0,0.0,verifier_authentication_total
snn32_seed17_forest_anomaly,warmup,exact_replay_receiver,reject,duplicate_sequence,19,1,0,1,1,0,0,12.5978,5.1583,0.40946038197145534,verifier_authentication_total
snn32_seed17_forest_anomaly,warmup,fresh_to_first_window,accept,accepted,19,19,19,1,19,0,0,93.5455,0.3051,0.003261514450187342,first_post_window_total
snn32_seed17_forest_anomaly,warmup,malformed_json_receiver,reject,malformed_message,19,1,0,1,0,0,0,0.2007,0.0,0.0,verifier_authentication_total
snn32_seed17_forest_anomaly,warmup,post_window_after_refusals,accept,accepted,19,19,19,1,19,0,0,45.7532,0.119,0.002600910974532929,accepted_release_and_consumers
snn32_seed17_forest_anomaly,warmup,post_window_recurring,accept,accepted,19,19,19,1,19,0,0,49.9097,0.2673,0.0053556723442537224,accepted_release_and_consumers
snn32_seed17_forest_anomaly,warmup,pre_tag_quality_refusal,reject,data_quality_failure,19,1,0,1,0,0,0,2.2019,0.0,0.0,binary32_adapter
snn32_seed17_forest_anomaly,warmup,valid_receiver_after_bad_tag,accept,accepted,19,19,19,1,0,0,0,38.4692,0.0,0.0,accepted_release_and_consumers
snn32_seed27_forest_anomaly,condition_first_use,bad_tag_receiver,reject,invalid_tag,1,1,0,1,0,0,0,1.6881,0.0,0.0,verifier_authentication_total
snn32_seed27_forest_anomaly,condition_first_use,exact_replay_receiver,reject,duplicate_sequence,1,1,0,1,1,0,0,6.4463,0.2526,0.039185269069078384,verifier_authentication_total
snn32_seed27_forest_anomaly,condition_first_use,fresh_to_first_window,accept,accepted,1,1,1,1,1,0,0,59.4637,0.3954,0.006649434865304379,first_post_window_total
snn32_seed27_forest_anomaly,condition_first_use,malformed_json_receiver,reject,malformed_message,1,1,0,1,0,0,0,0.1214,0.0,0.0,verifier_authentication_total
snn32_seed27_forest_anomaly,condition_first_use,post_window_after_refusals,accept,accepted,1,1,1,1,1,0,0,33.6509,0.0925,0.0027488120674335603,accepted_release_and_consumers
snn32_seed27_forest_anomaly,condition_first_use,post_window_recurring,accept,accepted,1,1,1,1,1,0,0,48.1399,0.3565,0.007405499388241355,accepted_release_and_consumers
snn32_seed27_forest_anomaly,condition_first_use,pre_tag_quality_refusal,reject,data_quality_failure,1,1,0,1,0,0,0,1.5507,0.0,0.0,binary32_adapter
snn32_seed27_forest_anomaly,condition_first_use,valid_receiver_after_bad_tag,accept,accepted,1,1,1,1,0,0,0,34.232,0.0,0.0,accepted_release_and_consumers
snn32_seed27_forest_anomaly,measured,bad_tag_receiver,reject,invalid_tag,599,6,0,6,0,0,0,3.3379,0.0,0.0,verifier_authentication_total
snn32_seed27_forest_anomaly,measured,exact_replay_receiver,reject,duplicate_sequence,599,6,2,6,6,2,2,324.522,319.8441,0.9855852607835525,verifier_authentication_total
snn32_seed27_forest_anomaly,measured,fresh_to_first_window,accept,accepted,599,599,599,6,599,2,2,362.8529,335.0327,0.9233292609760043,first_post_window_total
snn32_seed27_forest_anomaly,measured,fresh_to_first_window,reject,failed_reconstruction,1,1,0,1,0,0,0,2.6978,0.0,0.0,admission_total
snn32_seed27_forest_anomaly,measured,malformed_json_receiver,reject,malformed_message,599,6,0,6,0,0,0,0.2464,0.0,0.0,verifier_authentication_total
snn32_seed27_forest_anomaly,measured,post_window_after_refusals,accept,accepted,599,599,599,6,599,2,2,356.865,329.2221,0.9225396158211088,verifier_authentication_total
snn32_seed27_forest_anomaly,measured,post_window_recurring,accept,accepted,599,599,599,6,599,1,1,292.8711,267.5143,0.9134199311574273,verifier_authentication_total
snn32_seed27_forest_anomaly,measured,pre_tag_quality_refusal,reject,data_quality_failure,599,6,0,6,0,0,0,2.9642,0.0,0.0,binary32_adapter
snn32_seed27_forest_anomaly,measured,valid_receiver_after_bad_tag,accept,accepted,599,519,519,6,6,0,0,42.2513,0.0,0.0,accepted_release_and_consumers
snn32_seed27_forest_anomaly,warmup,bad_tag_receiver,reject,invalid_tag,19,1,0,1,0,0,0,1.9533,0.0,0.0,verifier_authentication_total
snn32_seed27_forest_anomaly,warmup,exact_replay_receiver,reject,duplicate_sequence,19,1,0,1,1,0,0,8.0939,0.5232,0.06464127305748774,verifier_authentication_total
snn32_seed27_forest_anomaly,warmup,fresh_to_first_window,accept,accepted,19,19,19,1,19,0,0,56.8814,0.4424,0.007777586346327622,first_post_window_total
snn32_seed27_forest_anomaly,warmup,malformed_json_receiver,reject,malformed_message,19,1,0,1,0,0,0,0.1991,0.0,0.0,verifier_authentication_total
snn32_seed27_forest_anomaly,warmup,post_window_after_refusals,accept,accepted,19,19,19,1,19,0,0,38.8631,0.1732,0.004456669694388764,accepted_release_and_consumers
snn32_seed27_forest_anomaly,warmup,post_window_recurring,accept,accepted,19,19,19,1,19,0,0,53.2349,5.8625,0.11012512468324351,accepted_release_and_consumers
snn32_seed27_forest_anomaly,warmup,pre_tag_quality_refusal,reject,data_quality_failure,19,1,0,1,0,0,0,2.2158,0.0,0.0,binary32_adapter
snn32_seed27_forest_anomaly,warmup,valid_receiver_after_bad_tag,accept,accepted,19,19,19,1,0,0,0,38.602,0.0,0.0,accepted_release_and_consumers
snn32_seed7_forest_anomaly,condition_first_use,bad_tag_receiver,reject,invalid_tag,1,1,0,1,0,0,0,2.2682,0.0,0.0,verifier_authentication_total
snn32_seed7_forest_anomaly,condition_first_use,exact_replay_receiver,reject,duplicate_sequence,1,1,0,1,1,0,0,5.6092,0.1859,0.03314198103116309,verifier_authentication_total
snn32_seed7_forest_anomaly,condition_first_use,fresh_to_first_window,accept,accepted,1,1,1,1,1,0,0,42.107,0.21,0.004987294274111193,first_post_window_total
snn32_seed7_forest_anomaly,condition_first_use,malformed_json_receiver,reject,malformed_message,1,1,0,1,0,0,0,0.0808,0.0,0.0,verifier_authentication_total
snn32_seed7_forest_anomaly,condition_first_use,post_window_after_refusals,accept,accepted,1,1,1,1,1,0,0,23.2432,0.0829,0.003566634542575893,accepted_release_and_consumers
snn32_seed7_forest_anomaly,condition_first_use,post_window_recurring,accept,accepted,1,1,1,1,1,0,0,38.2194,0.1608,0.004207287398546288,accepted_release_and_consumers
snn32_seed7_forest_anomaly,condition_first_use,pre_tag_quality_refusal,reject,data_quality_failure,1,1,0,1,0,0,0,1.0279,0.0,0.0,binary32_adapter
snn32_seed7_forest_anomaly,condition_first_use,valid_receiver_after_bad_tag,accept,accepted,1,1,1,1,0,0,0,31.9799,0.0,0.0,accepted_release_and_consumers
snn32_seed7_forest_anomaly,measured,bad_tag_receiver,reject,invalid_tag,599,6,0,6,0,0,0,2.495,0.0,0.0,verifier_authentication_total
snn32_seed7_forest_anomaly,measured,exact_replay_receiver,reject,duplicate_sequence,599,6,2,6,6,2,2,277.8234,273.1515,0.9831839218726717,verifier_authentication_total
snn32_seed7_forest_anomaly,measured,fresh_to_first_window,accept,accepted,599,599,599,6,599,2,2,354.4788,320.1,0.9030159208392716,first_post_window_total
snn32_seed7_forest_anomaly,measured,fresh_to_first_window,reject,failed_reconstruction,1,1,0,1,0,0,0,7.3034,0.0,0.0,admission_total
snn32_seed7_forest_anomaly,measured,malformed_json_receiver,reject,malformed_message,599,6,0,6,0,0,0,0.2345,0.0,0.0,verifier_authentication_total
snn32_seed7_forest_anomaly,measured,post_window_after_refusals,accept,accepted,599,599,599,6,599,1,1,293.5287,269.0596,0.9166381345333523,verifier_authentication_total
snn32_seed7_forest_anomaly,measured,post_window_recurring,accept,accepted,599,599,599,6,599,2,2,342.7444,316.9066,0.9246149608863048,verifier_authentication_total
snn32_seed7_forest_anomaly,measured,pre_tag_quality_refusal,reject,data_quality_failure,599,6,0,6,0,0,0,2.7803,0.0,0.0,binary32_adapter
snn32_seed7_forest_anomaly,measured,valid_receiver_after_bad_tag,accept,accepted,599,595,595,6,7,0,0,58.3211,0.0,0.0,accepted_release_and_consumers
snn32_seed7_forest_anomaly,warmup,bad_tag_receiver,reject,invalid_tag,19,1,0,1,0,0,0,2.1558,0.0,0.0,verifier_authentication_total
snn32_seed7_forest_anomaly,warmup,exact_replay_receiver,reject,duplicate_sequence,19,1,0,1,1,0,0,6.5396,0.1774,0.027127041409260505,verifier_authentication_total
snn32_seed7_forest_anomaly,warmup,fresh_to_first_window,accept,accepted,19,19,19,1,19,0,0,58.4772,0.3836,0.006559821605685635,first_post_window_total
snn32_seed7_forest_anomaly,warmup,malformed_json_receiver,reject,malformed_message,19,1,0,1,0,0,0,0.1417,0.0,0.0,verifier_authentication_total
snn32_seed7_forest_anomaly,warmup,post_window_after_refusals,accept,accepted,19,19,19,1,19,0,0,39.7571,0.2259,0.0056820039691023744,accepted_release_and_consumers
snn32_seed7_forest_anomaly,warmup,post_window_recurring,accept,accepted,19,19,19,1,19,0,0,48.7704,0.3426,0.007024752718862261,accepted_release_and_consumers
snn32_seed7_forest_anomaly,warmup,pre_tag_quality_refusal,reject,data_quality_failure,19,1,0,1,0,0,0,1.8952,0.0,0.0,binary32_adapter
snn32_seed7_forest_anomaly,warmup,valid_receiver_after_bad_tag,accept,accepted,19,19,19,1,0,0,0,37.4144,0.0,0.0,accepted_release_and_consumers
