condition,phase,path,decision,reason,count,p50_ms,p95_ms,p99_ms,max_ms,scheduled_residency_mean_ms,off_cpu_mean_ms,off_ready_at_switchout_mean_ms,off_ready_after_event_mean_ms,off_not_yet_observed_ready_mean_ms,off_state_unresolved_mean_ms,scheduled_interrupt_mean_ms,gc_wall_union_mean_ms,file_operation_overlap_mean_ms,disk_operation_overlap_mean_ms,hard_fault_interval_overlap_mean_ms,schedule_uncovered_mean_ms,paired_traced_minus_reference_p50_ms,paired_traced_minus_reference_p95_ms,tracing_overhead_isolated
forest_motion_forest_anomaly,condition_first_use,bad_tag_receiver,reject,invalid_tag,1,2.168,2.168,2.168,2.168,2.168,0.0,0.0,0.0,0.0,0.0,0.0,0.0,0.0,0.0,0.0,0.0,0.2242,0.2242,False
forest_motion_forest_anomaly,condition_first_use,exact_replay_receiver,reject,duplicate_sequence,1,8.9166,8.9166,8.9166,8.9166,8.9166,0.0,0.0,0.0,0.0,0.0,0.0,0.3498,0.0,0.0,0.0,0.0,0.7402,0.7402,False
forest_motion_forest_anomaly,condition_first_use,fresh_to_first_window,accept,accepted,1,75.9886,75.9886,75.9886,75.9886,66.9345,9.0541,9.0471,0.0,0.0,0.007,0.0048,0.4096,0.0,0.0,0.0,0.0,14.0867,14.0867,False
forest_motion_forest_anomaly,condition_first_use,malformed_json_receiver,reject,malformed_message,1,0.186,0.186,0.186,0.186,0.186,0.0,0.0,0.0,0.0,0.0,0.0,0.0,0.0,0.0,0.0,0.0,0.0115,0.0115,False
forest_motion_forest_anomaly,condition_first_use,post_window_after_refusals,accept,accepted,1,41.8985,41.8985,41.8985,41.8985,41.8039,0.0946,0.0946,0.0,0.0,0.0,0.0,0.1925,0.0,0.0,0.0,0.0,-4.3387,-4.3387,False
forest_motion_forest_anomaly,condition_first_use,post_window_recurring,accept,accepted,1,64.1614,64.1614,64.1614,64.1614,63.5101,0.6513,0.6513,0.0,0.0,0.0,0.0,4.4609,0.0,0.0,0.0,0.0,7.3282,7.3282,False
forest_motion_forest_anomaly,condition_first_use,pre_tag_quality_refusal,reject,data_quality_failure,1,2.3997,2.3997,2.3997,2.3997,2.3997,0.0,0.0,0.0,0.0,0.0,0.0,0.0,0.0,0.0,0.0,0.0,0.1701,0.1701,False
forest_motion_forest_anomaly,condition_first_use,valid_receiver_after_bad_tag,accept,accepted,1,47.5911,47.5911,47.5911,47.5911,47.5911,0.0,0.0,0.0,0.0,0.0,0.0062,0.0,0.0,0.0,0.0,0.0,4.4811,4.4811,False
forest_motion_forest_anomaly,measured,bad_tag_receiver,reject,invalid_tag,60,1.6889,2.03989,2.3673409999999997,2.4264,1.700105,0.002095,0.002095,0.0,0.0,0.0,0.0008116666666666666,0.0,0.0,0.0,0.0,0.0,0.1372,0.5542299999999997,False
forest_motion_forest_anomaly,measured,exact_replay_receiver,reject,duplicate_sequence,60,6.5049,7.679645,8.655591999999995,9.7065,6.66124,0.007733333333333333,0.007733333333333333,0.0,0.0,0.0,0.00575,0.22552333333333335,0.0,0.0,0.0,0.0,0.83005,1.8161349999999998,False
forest_motion_forest_anomaly,measured,fresh_to_first_window,accept,accepted,60,76.39045,82.858225,109.22842099999981,142.403,72.57880333333333,4.195498333333333,3.9930966666666663,0.0,0.0,0.20240166666666665,0.05467166666666667,0.276295,0.0,0.0,0.0,0.0,23.69365,29.97780999999999,False
forest_motion_forest_anomaly,measured,malformed_json_receiver,reject,malformed_message,60,0.1643,0.213055,0.260804,0.2634,0.17063,0.0,0.0,0.0,0.0,0.0,0.000215,0.0,0.0,0.0,0.0,0.0,0.0296,0.07502499999999994,False
forest_motion_forest_anomaly,measured,post_window_after_refusals,accept,accepted,60,42.41,46.19626,53.55474099999994,63.2131,42.903283333333334,0.07726333333333332,0.076995,0.0,0.0,0.0002683333333333333,0.012573333333333334,0.14516,0.0,0.0,0.0,0.0,6.613,10.827729999999995,False
forest_motion_forest_anomaly,measured,post_window_recurring,accept,accepted,60,57.93275,63.166465,65.44408299999999,67.7783,57.59446166666667,0.6146,0.60893,0.0,0.0,0.00567,0.08863666666666667,1.2236316666666667,0.0,0.0,0.0,0.0,11.0814,16.308444999999995,False
forest_motion_forest_anomaly,measured,pre_tag_quality_refusal,reject,data_quality_failure,60,1.75145,2.2462299999999993,3.0524319999999983,3.4095,1.8297183333333333,4.1666666666666665e-05,4.1666666666666665e-05,0.0,0.0,0.0,0.0010566666666666667,0.0,0.0,0.0,0.0,0.0,0.2442,0.6108999999999991,False
forest_motion_forest_anomaly,measured,valid_receiver_after_bad_tag,accept,accepted,60,36.68145,41.65981,52.08702999999998,55.4282,37.56795,0.157415,0.15714833333333333,0.0,0.0,0.0002666666666666667,0.03502,0.0,0.0,0.0,0.0,0.0,6.53645,13.245899999999997,False
forest_motion_forest_anomaly,warmup,bad_tag_receiver,reject,invalid_tag,29,1.7301,2.31022,2.424764,2.4622,1.8106827586206897,0.0042724137931034484,0.0042724137931034484,0.0,0.0,0.0,0.0,0.0,0.0,0.0,0.0,0.0,-0.0786,0.5220799999999995,False
forest_motion_forest_anomaly,warmup,exact_replay_receiver,reject,duplicate_sequence,29,6.5078,8.604319999999998,9.284296,9.4619,6.653424137931035,0.00793793103448276,0.00793793103448276,0.0,0.0,0.0,0.01683103448275862,0.23073793103448276,0.0,0.0,0.0,0.0,0.7544,2.875459999999999,False
forest_motion_forest_anomaly,warmup,fresh_to_first_window,accept,accepted,29,74.842,82.54307999999999,84.628584,84.8007,69.65721034482759,4.961906896551724,4.908696551724137,0.0,0.0,0.05321034482758621,0.1522137931034483,0.29911379310344827,0.0,0.0,0.0,0.0,19.6618,29.44765999999998,False
forest_motion_forest_anomaly,warmup,malformed_json_receiver,reject,malformed_message,29,0.1643,0.21939999999999998,0.25466399999999995,0.2669,0.1644655172413793,0.002796551724137931,0.002796551724137931,0.0,0.0,0.0,0.0,0.0,0.0,0.0,0.0,0.0,0.0168,0.09037999999999996,False
forest_motion_forest_anomaly,warmup,post_window_after_refusals,accept,accepted,29,42.1065,45.06844,47.418272,48.245,41.869737931034486,0.05766206896551724,0.05746551724137931,0.0,0.0,0.00019655172413793104,0.017748275862068962,0.12981724137931036,0.0,0.0,0.0,0.0,4.8334,9.08264,False
forest_motion_forest_anomaly,warmup,post_window_recurring,accept,accepted,29,59.1178,65.44109999999999,68.301964,68.8924,58.06721379310345,0.9125172413793103,0.9086586206896552,0.0,0.0,0.0038586206896551725,0.1345896551724138,1.2306586206896553,0.0,0.0,0.0,0.0,9.3804,16.70307999999999,False
forest_motion_forest_anomaly,warmup,pre_tag_quality_refusal,reject,data_quality_failure,29,1.7188,2.5248999999999997,2.663908,2.693,1.7783931034482758,0.0007551724137931035,0.0007551724137931035,0.0,0.0,0.0,0.0,0.0,0.0,0.0,0.0,0.0,0.1625,0.9492399999999996,False
forest_motion_forest_anomaly,warmup,valid_receiver_after_bad_tag,accept,accepted,29,37.3289,48.08254,53.73644399999999,55.9205,39.47201379310345,0.031144827586206895,0.03100344827586207,0.0,0.0,0.0001413793103448276,0.0342448275862069,0.0,0.0,0.0,0.0,0.0,3.1267,17.101759999999995,False
logistic_motion_forest_anomaly,condition_first_use,bad_tag_receiver,reject,invalid_tag,1,2.2683,2.2683,2.2683,2.2683,2.2467,0.0216,0.0216,0.0,0.0,0.0,0.0169,0.0,0.0,0.0,0.0,0.0,0.4773,0.4773,False
logistic_motion_forest_anomaly,condition_first_use,exact_replay_receiver,reject,duplicate_sequence,1,5.5827,5.5827,5.5827,5.5827,5.5827,0.0,0.0,0.0,0.0,0.0,0.0,0.0,0.0,0.0,0.0,0.0,-1.1546,-1.1546,False
logistic_motion_forest_anomaly,condition_first_use,fresh_to_first_window,accept,accepted,1,3735.7236,3735.7236,3735.7236,3735.7236,3728.3754,7.3482,7.3066,0.0,0.0,0.0416,1.4587,277.1067,1.7079,0.0,0.0,0.0,844.7882,844.7882,False
logistic_motion_forest_anomaly,condition_first_use,malformed_json_receiver,reject,malformed_message,1,0.1387,0.1387,0.1387,0.1387,0.1387,0.0,0.0,0.0,0.0,0.0,0.0,0.0,0.0,0.0,0.0,0.0,-0.0094,-0.0094,False
logistic_motion_forest_anomaly,condition_first_use,post_window_after_refusals,accept,accepted,1,22.2226,22.2226,22.2226,22.2226,22.1707,0.0519,0.0519,0.0,0.0,0.0,0.0,0.0733,0.0,0.0,0.0,0.0,1.8475,1.8475,False
logistic_motion_forest_anomaly,condition_first_use,post_window_recurring,accept,accepted,1,31.4932,31.4932,31.4932,31.4932,31.3923,0.1009,0.1009,0.0,0.0,0.0,0.0,0.2423,0.0,0.0,0.0,0.0,9.015,9.015,False
logistic_motion_forest_anomaly,condition_first_use,pre_tag_quality_refusal,reject,data_quality_failure,1,1.5309,1.5309,1.5309,1.5309,1.5309,0.0,0.0,0.0,0.0,0.0,0.0,0.0,0.0,0.0,0.0,0.0,-0.5784,-0.5784,False
logistic_motion_forest_anomaly,condition_first_use,valid_receiver_after_bad_tag,accept,accepted,1,20.5193,20.5193,20.5193,20.5193,20.4486,0.0707,0.0707,0.0,0.0,0.0,0.0,0.1646,0.0,0.0,0.0,0.0,4.7459,4.7459,False
logistic_motion_forest_anomaly,measured,bad_tag_receiver,reject,invalid_tag,60,2.27775,2.571045,2.609859,2.6452,2.2403416666666667,0.025631666666666667,0.02555333333333333,0.0,0.0,7.833333333333333e-05,0.0,0.0,0.0,0.0,0.0,0.0,0.2896,0.63993,False
logistic_motion_forest_anomaly,measured,exact_replay_receiver,reject,duplicate_sequence,60,8.66565,9.60374,9.670299,9.708,8.590606666666666,0.007951666666666668,0.00793,0.0,0.0,2.1666666666666667e-05,0.0008866666666666667,0.2648833333333333,0.0,0.0,0.0,0.0,0.8634,2.038,False
logistic_motion_forest_anomaly,measured,fresh_to_first_window,accept,accepted,60,52.25345,56.7536,61.06950899999997,65.6744,42.35201833333333,8.556643333333334,8.554103333333334,0.0,0.0,0.00254,0.01842833333333333,1.1918766666666667,0.0,0.0,0.0,0.0,12.6777,16.95332,False
logistic_motion_forest_anomaly,measured,malformed_json_receiver,reject,malformed_message,60,0.21225,0.25492,0.27861199999999986,0.3041,0.21422833333333335,0.0,0.0,0.0,0.0,0.0,0.0,0.0,0.0,0.0,0.0,0.0,0.039,0.08761999999999999,False
logistic_motion_forest_anomaly,measured,post_window_after_refusals,accept,accepted,60,33.253,35.77732,36.764913,36.8943,32.75738166666667,0.03736333333333334,0.037121666666666664,0.0,0.0,0.00024166666666666667,0.0036766666666666666,0.17855166666666666,0.0,0.0,0.0,0.0,4.35115,7.742634999999999,False
logistic_motion_forest_anomaly,measured,post_window_recurring,accept,accepted,60,35.6255,38.63723,211.11713199999858,458.165,42.121505,0.5656766666666666,0.56335,0.0,0.0,0.0023266666666666666,0.013145,7.45803,0.0,0.0,0.0,0.0,5.51275,8.745934999999998,False
logistic_motion_forest_anomaly,measured,pre_tag_quality_refusal,reject,data_quality_failure,60,2.46065,2.68628,2.735282,2.7413,2.4239483333333336,0.00022,0.00022,0.0,0.0,0.0,0.0,0.0,0.0,0.0,0.0,0.0,0.31505,0.56422,False
logistic_motion_forest_anomaly,measured,valid_receiver_after_bad_tag,accept,accepted,60,25.4481,27.718285,28.403128,28.5688,25.118906666666668,0.2701033333333333,0.26961666666666667,0.0,0.0,0.00048666666666666666,0.009168333333333334,0.004708333333333333,0.0,0.0,0.0,0.0,3.45255,5.648594999999999,False
logistic_motion_forest_anomaly,warmup,bad_tag_receiver,reject,invalid_tag,29,2.3451,2.8301199999999995,2.896776,2.8977,2.292889655172414,0.06592068965517242,0.06551724137931035,0.0,0.0,0.00040344827586206896,0.009889655172413794,0.0,0.0,0.0,0.0,0.0,0.4152,0.84594,False
logistic_motion_forest_anomaly,warmup,exact_replay_receiver,reject,duplicate_sequence,29,8.2212,9.63062,9.68466,9.6988,8.063389655172415,0.04268965517241379,0.04268965517241379,0.0,0.0,0.0,0.06088965517241379,0.20689655172413796,0.0,0.0,0.0,0.0,0.5111,2.0189799999999996,False
logistic_motion_forest_anomaly,warmup,fresh_to_first_window,accept,accepted,29,53.2557,58.42244,62.07874399999999,63.3759,47.38133103448276,5.756627586206896,5.547055172413794,0.0,0.0,0.20957241379310346,0.09225517241379311,1.0827793103448276,0.0,0.0,0.0,0.0,14.0499,17.74216,False
logistic_motion_forest_anomaly,warmup,malformed_json_receiver,reject,malformed_message,29,0.1946,0.2610199999999999,0.282428,0.2859,0.1911896551724138,2.4137931034482758e-05,2.4137931034482758e-05,0.0,0.0,0.0,0.0021413793103448276,0.0,0.0,0.0,0.0,0.0,0.0177,0.06639999999999995,False
logistic_motion_forest_anomaly,warmup,post_window_after_refusals,accept,accepted,29,29.6554,35.41238,35.946508,36.0582,30.02029655172414,0.10659310344827586,0.10576896551724138,0.0,0.0,0.0008241379310344828,0.06872413793103448,0.14333793103448275,0.0,0.0,0.0,0.0,3.2875,6.98236,False
logistic_motion_forest_anomaly,warmup,post_window_recurring,accept,accepted,29,37.4138,41.25738,42.263844,42.6391,36.66680689655172,0.9668137931034483,0.9632275862068965,0.0,0.0,0.003586206896551724,0.14623793103448277,0.22242758620689654,0.0,0.0,0.0,0.0,6.887,10.859099999999998,False
logistic_motion_forest_anomaly,warmup,pre_tag_quality_refusal,reject,data_quality_failure,29,2.2953,2.8730999999999995,3.1109319999999996,3.1846,2.2568724137931033,0.010513793103448275,0.010513793103448275,0.0,0.0,0.0,0.006148275862068966,0.0,0.0,0.0,0.0,0.0,0.1948,0.9388399999999993,False
logistic_motion_forest_anomaly,warmup,valid_receiver_after_bad_tag,accept,accepted,29,24.1149,27.2671,27.356876,27.39,23.954975862068967,0.4082793103448276,0.40692758620689656,0.0,0.0,0.0013517241379310343,0.1690896551724138,0.008689655172413794,0.0,0.0,0.0,0.0,2.3101,5.41552,False
logistic_motion_logistic_anomaly,condition_first_use,bad_tag_receiver,reject,invalid_tag,1,2.2089,2.2089,2.2089,2.2089,2.2089,0.0,0.0,0.0,0.0,0.0,0.0,0.0,0.0,0.0,0.0,0.0,0.2891,0.2891,False
logistic_motion_logistic_anomaly,condition_first_use,exact_replay_receiver,reject,duplicate_sequence,1,9.0406,9.0406,9.0406,9.0406,8.9559,0.0847,0.0847,0.0,0.0,0.0,0.0,0.1864,0.0,0.0,0.0,0.0,1.2855,1.2855,False
logistic_motion_logistic_anomaly,condition_first_use,fresh_to_first_window,accept,accepted,1,41.2579,41.2579,41.2579,41.2579,37.7601,3.4978,2.416,0.0,0.0,1.0818,0.5611,0.2912,0.0,0.0,0.0,0.0,10.2695,10.2695,False
logistic_motion_logistic_anomaly,condition_first_use,malformed_json_receiver,reject,malformed_message,1,0.1908,0.1908,0.1908,0.1908,0.1908,0.0,0.0,0.0,0.0,0.0,0.0,0.0,0.0,0.0,0.0,0.0,0.0212,0.0212,False
logistic_motion_logistic_anomaly,condition_first_use,post_window_after_refusals,accept,accepted,1,21.4361,21.4361,21.4361,21.4361,21.4012,0.0349,0.0349,0.0,0.0,0.0,0.0,2.4907,0.0,0.0,0.0,0.0,-2.6373,-2.6373,False
logistic_motion_logistic_anomaly,condition_first_use,post_window_recurring,accept,accepted,1,25.8609,25.8609,25.8609,25.8609,25.6013,0.2596,0.2596,0.0,0.0,0.0,0.0077,0.3998,0.0,0.0,0.0,0.0,3.6102,3.6102,False
logistic_motion_logistic_anomaly,condition_first_use,pre_tag_quality_refusal,reject,data_quality_failure,1,2.486,2.486,2.486,2.486,2.486,0.0,0.0,0.0,0.0,0.0,0.0,0.0,0.0,0.0,0.0,0.0,0.3087,0.3087,False
logistic_motion_logistic_anomaly,condition_first_use,valid_receiver_after_bad_tag,accept,accepted,1,16.299,16.299,16.299,16.299,16.1532,0.1458,0.1458,0.0,0.0,0.0,0.0,0.0,0.0,0.0,0.0,0.0,2.0249,2.0249,False
logistic_motion_logistic_anomaly,measured,bad_tag_receiver,reject,invalid_tag,60,2.41545,3.2787949999999997,3.6597029999999977,4.0599,2.5019633333333333,0.02405166666666667,0.02372833333333333,0.0,0.0,0.0003233333333333333,0.021641666666666667,0.0,0.0,0.0,0.0,0.0,0.41425,1.26612,False
logistic_motion_logistic_anomaly,measured,exact_replay_receiver,reject,duplicate_sequence,60,9.14365,11.018435,11.436925,11.4561,9.149465,0.08425166666666667,0.08356166666666667,0.0,0.0,0.00069,0.09602833333333333,0.226645,0.0,0.0,0.0,0.0,1.37345,3.3022949999999995,False
logistic_motion_logistic_anomaly,measured,fresh_to_first_window,accept,accepted,60,41.531,50.603465,54.52380099999998,57.914,39.54949833333333,2.048348333333333,1.41075,0.0,0.0,0.6375983333333334,0.33255,1.3755266666666668,0.0,0.0,0.0,0.0,9.89815,16.975589999999993,False
logistic_motion_logistic_anomaly,measured,malformed_json_receiver,reject,malformed_message,60,0.2017,0.3155399999999999,0.46940099999999957,0.5379,0.21603333333333335,0.0014066666666666667,0.0014066666666666667,0.0,0.0,0.0,0.00102,0.0,0.0,0.0,0.0,0.0,0.02785,0.15223999999999988,False
logistic_motion_logistic_anomaly,measured,post_window_after_refusals,accept,accepted,60,19.4092,25.565019999999993,32.17101499999999,33.5643,20.621941666666668,0.079815,0.07919166666666667,0.0,0.0,0.0006233333333333334,0.10263166666666668,0.15874,0.0,0.0,0.0,0.0,-2.90175,3.356014999999993,False
logistic_motion_logistic_anomaly,measured,post_window_recurring,accept,accepted,60,27.05055,34.350255,38.029141999999986,41.1421,27.900493333333333,0.29601833333333333,0.2921366666666667,0.0,0.0,0.0038816666666666665,0.165575,0.218735,0.0,0.0,0.0,0.0,4.71145,12.04447,False
logistic_motion_logistic_anomaly,measured,pre_tag_quality_refusal,reject,data_quality_failure,60,2.3282,3.089169999999999,3.668286999999998,4.0286,2.3465133333333337,0.011755,0.01139,0.0,0.0,0.000365,0.008725,0.0,0.0,0.0,0.0,0.0,0.1565,0.8672249999999999,False
logistic_motion_logistic_anomaly,measured,valid_receiver_after_bad_tag,accept,accepted,60,17.3423,20.85236,21.676650999999996,22.2083,17.426858333333332,0.18630666666666665,0.18467166666666665,0.0,0.0,0.001635,0.125965,0.0,0.0,0.0,0.0,0.0,3.0124,6.234744999999998,False
logistic_motion_logistic_anomaly,warmup,bad_tag_receiver,reject,invalid_tag,29,2.443,3.1656399999999993,3.296984,3.3284,2.499686206896552,0.02013103448275862,0.019455172413793104,0.0,0.0,0.0006758620689655172,0.004,0.0,0.0,0.0,0.0,0.0,0.5002,1.2576,False
logistic_motion_logistic_anomaly,warmup,exact_replay_receiver,reject,duplicate_sequence,29,9.2452,10.88016,12.181975999999999,12.64,9.15745172413793,0.05426206896551724,0.05406206896551724,0.0,0.0,0.0002,0.04329310344827586,0.23283793103448275,0.0,0.0,0.0,0.0,1.5046,3.551439999999998,False
logistic_motion_logistic_anomaly,warmup,fresh_to_first_window,accept,accepted,29,43.3234,55.39505999999999,294.3318119999996,386.1479,52.0179724137931,3.043679310344827,2.2972103448275862,0.0,0.0,0.7464689655172414,0.41997586206896553,12.306255172413792,0.0,0.0,0.0,0.0,12.9835,24.467579999999984,False
logistic_motion_logistic_anomaly,warmup,malformed_json_receiver,reject,malformed_message,29,0.2021,0.32651999999999987,0.3782479999999999,0.3876,0.21733103448275862,0.001382758620689655,0.001382758620689655,0.0,0.0,0.0,0.0,0.0,0.0,0.0,0.0,0.0,0.0378,0.1569799999999999,False
logistic_motion_logistic_anomaly,warmup,post_window_after_refusals,accept,accepted,29,20.9106,30.854019999999995,33.976003999999996,34.9996,22.4854275862069,0.11597931034482759,0.11587241379310345,0.0,0.0,0.00010689655172413793,0.0833,1.0592413793103448,0.0,0.0,0.0,0.0,-1.9762,7.390939999999994,False
logistic_motion_logistic_anomaly,warmup,post_window_recurring,accept,accepted,29,27.5427,35.93544,36.836984,36.9188,28.153206896551726,0.22274827586206897,0.2179689655172414,0.0,0.0,0.004779310344827586,0.12491379310344827,0.2611241379310345,0.0,0.0,0.0,0.0,5.0997,13.213619999999999,False
logistic_motion_logistic_anomaly,warmup,pre_tag_quality_refusal,reject,data_quality_failure,29,2.495,3.0873799999999996,3.779195999999999,4.0114,2.388393103448276,0.016331034482758622,0.016182758620689654,0.0,0.0,0.00014827586206896551,0.00030344827586206897,0.0,0.0,0.0,0.0,0.0,0.3303,0.8393799999999996,False
logistic_motion_logistic_anomaly,warmup,valid_receiver_after_bad_tag,accept,accepted,29,16.7898,19.629379999999998,20.264996,20.2914,16.813593103448277,0.1120344827586207,0.11021034482758621,0.0,0.0,0.0018241379310344828,0.05212758620689655,0.0,0.0,0.0,0.0,0.0,3.1073,5.924619999999999,False
snn32_seed17_forest_anomaly,condition_first_use,bad_tag_receiver,reject,invalid_tag,1,1.475,1.475,1.475,1.475,1.475,0.0,0.0,0.0,0.0,0.0,0.0,0.0,0.0,0.0,0.0,0.0,-0.2727,-0.2727,False
snn32_seed17_forest_anomaly,condition_first_use,exact_replay_receiver,reject,duplicate_sequence,1,8.2346,8.2346,8.2346,8.2346,8.2346,0.0,0.0,0.0,0.0,0.0,0.0,2.3592,0.0,0.0,0.0,0.0,-1.7023,-1.7023,False
snn32_seed17_forest_anomaly,condition_first_use,fresh_to_first_window,accept,accepted,1,61.835,61.835,61.835,61.835,60.1847,1.6503,1.1381,0.0,0.0,0.5122,0.1017,0.2862,0.0,0.0,0.0,0.0,5.1632,5.1632,False
snn32_seed17_forest_anomaly,condition_first_use,malformed_json_receiver,reject,malformed_message,1,0.1521,0.1521,0.1521,0.1521,0.1521,0.0,0.0,0.0,0.0,0.0,0.0,0.0,0.0,0.0,0.0,0.0,-0.0129,-0.0129,False
snn32_seed17_forest_anomaly,condition_first_use,post_window_after_refusals,accept,accepted,1,33.31,33.31,33.31,33.31,33.31,0.0,0.0,0.0,0.0,0.0,0.0,0.1258,0.0,0.0,0.0,0.0,-8.9771,-8.9771,False
snn32_seed17_forest_anomaly,condition_first_use,post_window_recurring,accept,accepted,1,50.3332,50.3332,50.3332,50.3332,50.1676,0.1656,0.1485,0.0,0.0,0.0171,0.0508,0.1749,0.0,0.0,0.0,0.0,1.9748,1.9748,False
snn32_seed17_forest_anomaly,condition_first_use,pre_tag_quality_refusal,reject,data_quality_failure,1,1.59,1.59,1.59,1.59,1.59,0.0,0.0,0.0,0.0,0.0,0.0,0.0,0.0,0.0,0.0,0.0,-0.5166,-0.5166,False
snn32_seed17_forest_anomaly,condition_first_use,valid_receiver_after_bad_tag,accept,accepted,1,27.7114,27.7114,27.7114,27.7114,27.4763,0.2351,0.2351,0.0,0.0,0.0,0.0,0.0,0.0,0.0,0.0,0.0,-7.3153,-7.3153,False
snn32_seed17_forest_anomaly,measured,bad_tag_receiver,reject,invalid_tag,60,1.68005,2.04783,2.2369439999999985,2.4661,1.6881066666666666,0.015976666666666667,0.015806666666666667,0.0,0.0,0.00017,0.01256,0.0,0.0,0.0,0.0,0.0,-0.12695,0.2899349999999999,False
snn32_seed17_forest_anomaly,measured,exact_replay_receiver,reject,duplicate_sequence,60,5.19275,9.61565,11.844507999999994,12.9412,6.026018333333333,0.032525,0.032525,0.0,0.0,0.0,0.012741666666666667,0.9598883333333333,0.0,0.0,0.0,0.0,-0.58465,1.9198049999999978,False
snn32_seed17_forest_anomaly,measured,fresh_to_first_window,accept,accepted,60,47.1426,65.44708999999999,69.155698,69.6146,47.253251666666664,1.559645,1.2194216666666668,0.0,0.0,0.3402233333333333,0.39458333333333334,0.271045,0.0,0.0,0.0,0.0,0.41255,17.933109999999992,False
snn32_seed17_forest_anomaly,measured,malformed_json_receiver,reject,malformed_message,60,0.1263,0.1883199999999999,0.26034299999999994,0.2735,0.13492833333333334,2e-05,2e-05,0.0,0.0,0.0,0.0,0.0,0.0,0.0,0.0,0.0,-0.0074,0.05668999999999999,False
snn32_seed17_forest_anomaly,measured,post_window_after_refusals,accept,accepted,60,27.1424,38.695894999999986,155.50755399999912,310.7126,32.795305,0.19991166666666665,0.19982833333333333,0.0,0.0,8.333333333333333e-05,0.043436666666666665,4.9413133333333334,0.0,0.0,0.0,0.0,-3.72655,5.781604999999995,False
snn32_seed17_forest_anomaly,measured,post_window_recurring,accept,accepted,60,39.31895,51.857769999999995,53.250931,53.3212,40.39237,0.373165,0.368615,0.0,0.0,0.00455,0.19725333333333334,0.18953333333333333,0.0,0.0,0.0,0.0,-1.3578,11.300665,False
snn32_seed17_forest_anomaly,measured,pre_tag_quality_refusal,reject,data_quality_failure,60,1.32445,2.0967249999999984,2.881765999999999,3.0131,1.4488466666666668,0.007155,0.007155,0.0,0.0,0.0,0.002925,0.0,0.0,0.0,0.0,0.0,-0.1959,0.33629499999999907,False
snn32_seed17_forest_anomaly,measured,valid_receiver_after_bad_tag,accept,accepted,60,27.39435,31.612724999999976,42.148306999999974,45.5719,27.30826,0.18307833333333334,0.18190666666666666,0.0,0.0,0.0011716666666666668,0.16978833333333335,0.0026516666666666663,0.0,0.0,0.0,0.0,-0.83285,4.396224999999981,False
snn32_seed17_forest_anomaly,warmup,bad_tag_receiver,reject,invalid_tag,29,1.5967,2.8366199999999995,2.994404,3.0366,1.8129758620689655,0.01666206896551724,0.01666206896551724,0.0,0.0,0.0,0.0006655172413793103,0.0,0.0,0.0,0.0,0.0,-0.0879,1.0371199999999996,False
snn32_seed17_forest_anomaly,warmup,exact_replay_receiver,reject,duplicate_sequence,29,6.8738,9.8616,10.908015999999998,11.3106,7.3213448275862065,0.09306896551724138,0.09306896551724138,0.0,0.0,0.0,0.013344827586206897,1.034348275862069,0.0,0.0,0.0,0.0,0.8341,1.5985799999999997,False
snn32_seed17_forest_anomaly,warmup,fresh_to_first_window,accept,accepted,29,64.3134,74.67738,86.23797199999998,90.697,63.61123793103448,2.3408793103448273,1.7107551724137933,0.0,0.0,0.6301241379310344,0.5241586206896552,0.2941241379310345,0.0,0.0,0.0,0.0,18.1125,29.79911999999998,False
snn32_seed17_forest_anomaly,warmup,malformed_json_receiver,reject,malformed_message,29,0.153,0.18362,0.187668,0.1889,0.15801724137931034,0.0,0.0,0.0,0.0,0.0,0.0,0.0,0.0,0.0,0.0,0.0,0.0124,0.06043999999999997,False
snn32_seed17_forest_anomaly,warmup,post_window_after_refusals,accept,accepted,29,36.6932,49.32309999999999,54.275203999999995,55.4283,37.89787931034483,0.5171241379310345,0.516896551724138,0.0,0.0,0.0002275862068965517,0.14018275862068966,0.1604103448275862,0.0,0.0,0.0,0.0,4.2353,18.74485999999999,False
snn32_seed17_forest_anomaly,warmup,post_window_recurring,accept,accepted,29,51.0369,56.24386,57.675436,58.2295,51.23164137931035,0.4868862068965517,0.4832068965517241,0.0,0.0,0.003679310344827586,0.19337931034482758,0.2515551724137931,0.0,0.0,0.0,0.0,6.3407,19.114379999999997,False
snn32_seed17_forest_anomaly,warmup,pre_tag_quality_refusal,reject,data_quality_failure,29,1.7064,2.965059999999999,3.3509319999999994,3.4267,1.891296551724138,0.04776551724137931,0.04776551724137931,0.0,0.0,0.0,0.0,0.0,0.0,0.0,0.0,0.0,0.1009,1.2766399999999998,False
snn32_seed17_forest_anomaly,warmup,valid_receiver_after_bad_tag,accept,accepted,29,30.8506,38.16251999999999,42.570792,43.1724,30.869524137931034,0.4355241379310345,0.4349310344827586,0.0,0.0,0.0005931034482758621,0.04977586206896552,0.0,0.0,0.0,0.0,0.0,0.1991,7.169739999999999,False
snn32_seed27_forest_anomaly,condition_first_use,bad_tag_receiver,reject,invalid_tag,1,1.6642,1.6642,1.6642,1.6642,1.6251,0.0391,0.0391,0.0,0.0,0.0,0.0,0.0,0.0,0.0,0.0,0.0,-0.0025,-0.0025,False
snn32_seed27_forest_anomaly,condition_first_use,exact_replay_receiver,reject,duplicate_sequence,1,4.6692,4.6692,4.6692,4.6692,4.6692,0.0,0.0,0.0,0.0,0.0,0.0,0.1688,0.0,0.0,0.0,0.0,-0.7965,-0.7965,False
snn32_seed27_forest_anomaly,condition_first_use,fresh_to_first_window,accept,accepted,1,43.1027,43.1027,43.1027,43.1027,41.2877,1.815,1.6869,0.0,0.0,0.1281,0.0413,0.2392,0.0,0.0,0.0,0.0,-1.2089,-1.2089,False
snn32_seed27_forest_anomaly,condition_first_use,malformed_json_receiver,reject,malformed_message,1,0.1202,0.1202,0.1202,0.1202,0.1202,0.0,0.0,0.0,0.0,0.0,0.0,0.0,0.0,0.0,0.0,0.0,-0.0602,-0.0602,False
snn32_seed27_forest_anomaly,condition_first_use,post_window_after_refusals,accept,accepted,1,29.5943,29.5943,29.5943,29.5943,29.5628,0.0315,0.0315,0.0,0.0,0.0,0.0416,2.7994,0.0,0.0,0.0,0.0,-3.4238,-3.4238,False
snn32_seed27_forest_anomaly,condition_first_use,post_window_recurring,accept,accepted,1,38.1217,38.1217,38.1217,38.1217,37.6753,0.4464,0.4404,0.0,0.0,0.006,0.0752,0.1653,0.0,0.0,0.0,0.0,-0.548,-0.548,False
snn32_seed27_forest_anomaly,condition_first_use,pre_tag_quality_refusal,reject,data_quality_failure,1,1.4143,1.4143,1.4143,1.4143,1.4143,0.0,0.0,0.0,0.0,0.0,0.0316,0.0,0.0,0.0,0.0,0.0,-0.1343,-0.1343,False
snn32_seed27_forest_anomaly,condition_first_use,valid_receiver_after_bad_tag,accept,accepted,1,29.2345,29.2345,29.2345,29.2345,28.986,0.2485,0.2485,0.0,0.0,0.0,0.0455,0.0,0.0,0.0,0.0,0.0,4.1871,4.1871,False
snn32_seed27_forest_anomaly,measured,bad_tag_receiver,reject,invalid_tag,60,1.8567,2.998635,3.044479,3.0515,1.94844,0.044796666666666665,0.044623333333333334,0.0,0.0,0.00017333333333333334,0.004828333333333333,0.0,0.0,0.0,0.0,0.0,0.02105,1.1630799999999997,False
snn32_seed27_forest_anomaly,measured,exact_replay_receiver,reject,duplicate_sequence,60,7.24475,11.341085,14.30055899999999,16.2416,7.653493333333333,0.20547333333333334,0.20534166666666664,0.0,0.0,0.00013166666666666665,0.011185,0.2823366666666667,0.0,0.0,0.0,0.0,0.1007,4.382325,False
snn32_seed27_forest_anomaly,measured,fresh_to_first_window,accept,accepted,60,66.21495,97.9011,103.97924299999998,106.8539,65.92066,3.44419,2.962285,0.0,0.0,0.481905,0.4235816666666667,0.35087666666666667,0.0,0.0,0.0,0.0,11.3328,40.72747499999999,False
snn32_seed27_forest_anomaly,measured,malformed_json_receiver,reject,malformed_message,60,0.1722,0.3392549999999999,0.43849499999999986,0.4618,0.196835,0.00234,0.00234,0.0,0.0,0.0,0.0,0.0,0.0,0.0,0.0,0.0,0.01315,0.17313999999999996,False
snn32_seed27_forest_anomaly,measured,post_window_after_refusals,accept,accepted,60,41.19415,71.189795,73.31408399999998,74.8849,45.062961666666666,0.64854,0.6480033333333334,0.0,0.0,0.0005366666666666666,0.11692666666666666,1.254545,0.0,0.0,0.0,0.0,-1.3433,29.76611,False
snn32_seed27_forest_anomaly,measured,post_window_recurring,accept,accepted,60,51.21165,66.78773999999999,78.31545299999999,79.639,52.458995,0.7569683333333334,0.751685,0.0,0.0,0.0052833333333333335,0.2563916666666667,0.27220833333333333,0.0,0.0,0.0,0.0,2.7727,17.852034999999983,False
snn32_seed27_forest_anomaly,measured,pre_tag_quality_refusal,reject,data_quality_failure,60,1.90965,3.471625,3.8396719999999975,4.2227,2.1184933333333333,0.03909833333333334,0.03909833333333334,0.0,0.0,0.0,0.0011133333333333334,0.0,0.0,0.0,0.0,0.0,-0.06475,1.5012249999999998,False
snn32_seed27_forest_anomaly,measured,valid_receiver_after_bad_tag,accept,accepted,60,33.20825,50.33454499999998,60.66606599999999,62.9391,35.86331,0.57104,0.5705733333333334,0.0,0.0,0.00046666666666666666,0.03840166666666667,0.0,0.0,0.0,0.0,0.0,-1.7113,15.64809499999998,False
snn32_seed27_forest_anomaly,warmup,bad_tag_receiver,reject,invalid_tag,29,1.6585,2.5428799999999994,2.8108079999999998,2.8791,1.7926103448275863,0.0276,0.027451724137931035,0.0,0.0,0.00014827586206896551,0.011079310344827587,0.0,0.0,0.0,0.0,0.0,-0.2611,0.59336,False
snn32_seed27_forest_anomaly,warmup,exact_replay_receiver,reject,duplicate_sequence,29,6.8267,7.82714,8.853907999999999,9.2456,6.760951724137931,0.10104482758620689,0.10104482758620689,0.0,0.0,0.0,0.0070413793103448275,0.2640724137931034,0.0,0.0,0.0,0.0,0.2721,1.3192999999999997,False
snn32_seed27_forest_anomaly,warmup,fresh_to_first_window,accept,accepted,29,64.1107,82.36531999999995,92.565568,93.6658,62.4814275862069,2.266813793103448,1.8257655172413791,0.0,0.0,0.44104827586206896,0.6149137931034482,0.35646206896551724,0.0,0.0,0.0,0.0,15.8247,35.318579999999955,False
snn32_seed27_forest_anomaly,warmup,malformed_json_receiver,reject,malformed_message,29,0.1556,0.22977999999999985,0.3993159999999998,0.454,0.1679241379310345,0.003303448275862069,0.003303448275862069,0.0,0.0,0.0,0.0,0.0,0.0,0.0,0.0,0.0,0.0086,0.08487999999999987,False
snn32_seed27_forest_anomaly,warmup,post_window_after_refusals,accept,accepted,29,39.665,47.850219999999986,65.98849199999998,72.1481,39.8014,0.6372241379310344,0.6371689655172413,0.0,0.0,5.5172413793103446e-05,0.0752344827586207,1.2136103448275863,0.0,0.0,0.0,0.0,3.5386,12.918539999999993,False
snn32_seed27_forest_anomaly,warmup,post_window_recurring,accept,accepted,29,49.1061,55.03086,55.861556,56.0785,49.049951724137934,0.4376793103448276,0.4317275862068966,0.0,0.0,0.005951724137931034,0.25800689655172415,0.24494137931034485,0.0,0.0,0.0,0.0,4.6738,13.025339999999993,False
snn32_seed27_forest_anomaly,warmup,pre_tag_quality_refusal,reject,data_quality_failure,29,1.6696,2.1239999999999997,2.912519999999999,3.2005,1.7859448275862069,0.0269,0.0269,0.0,0.0,0.0,0.001103448275862069,0.0,0.0,0.0,0.0,0.0,-0.0628,0.6546799999999998,False
snn32_seed27_forest_anomaly,warmup,valid_receiver_after_bad_tag,accept,accepted,29,31.1411,36.9409,53.28280399999997,59.4794,31.820575862068967,0.4018344827586207,0.4016,0.0,0.0,0.00023448275862068965,0.05600689655172414,0.0,0.0,0.0,0.0,0.0,-2.1603,7.052599999999994,False
snn32_seed7_forest_anomaly,condition_first_use,bad_tag_receiver,reject,invalid_tag,1,1.4011,1.4011,1.4011,1.4011,1.4011,0.0,0.0,0.0,0.0,0.0,0.0,0.0,0.0,0.0,0.0,0.0,-0.4544,-0.4544,False
snn32_seed7_forest_anomaly,condition_first_use,exact_replay_receiver,reject,duplicate_sequence,1,5.7136,5.7136,5.7136,5.7136,5.6347,0.0789,0.0789,0.0,0.0,0.0,0.0029,0.1606,0.0,0.0,0.0,0.0,0.0558,0.0558,False
snn32_seed7_forest_anomaly,condition_first_use,fresh_to_first_window,accept,accepted,1,71.2337,71.2337,71.2337,71.2337,67.7653,3.4684,3.4684,0.0,0.0,0.0,0.0783,0.279,0.0,0.0,0.0,0.0,23.6889,23.6889,False
snn32_seed7_forest_anomaly,condition_first_use,malformed_json_receiver,reject,malformed_message,1,0.1901,0.1901,0.1901,0.1901,0.1901,0.0,0.0,0.0,0.0,0.0,0.0,0.0,0.0,0.0,0.0,0.0,0.0415,0.0415,False
snn32_seed7_forest_anomaly,condition_first_use,post_window_after_refusals,accept,accepted,1,36.0748,36.0748,36.0748,36.0748,35.8597,0.2151,0.2151,0.0,0.0,0.0,0.0,0.1141,0.0,0.0,0.0,0.0,5.5238,5.5238,False
snn32_seed7_forest_anomaly,condition_first_use,post_window_recurring,accept,accepted,1,59.9612,59.9612,59.9612,59.9612,59.2261,0.7351,0.7351,0.0,0.0,0.0,0.2202,3.2178,0.0,0.0,0.0,0.0,16.1572,16.1572,False
snn32_seed7_forest_anomaly,condition_first_use,pre_tag_quality_refusal,reject,data_quality_failure,1,1.4673,1.4673,1.4673,1.4673,1.4673,0.0,0.0,0.0,0.0,0.0,0.0,0.0,0.0,0.0,0.0,0.0,-0.0462,-0.0462,False
snn32_seed7_forest_anomaly,condition_first_use,valid_receiver_after_bad_tag,accept,accepted,1,27.1898,27.1898,27.1898,27.1898,27.1244,0.0654,0.0654,0.0,0.0,0.0,0.0192,0.0,0.0,0.0,0.0,0.0,-0.2924,-0.2924,False
snn32_seed7_forest_anomaly,measured,bad_tag_receiver,reject,invalid_tag,60,2.1991,2.575225,2.681173,2.702,2.1845166666666667,0.002021666666666667,0.002021666666666667,0.0,0.0,0.0,0.0,0.0,0.0,0.0,0.0,0.0,0.30855,0.7852149999999998,False
snn32_seed7_forest_anomaly,measured,exact_replay_receiver,reject,duplicate_sequence,60,9.00305,13.794204999999994,148.9091399999989,340.3783,14.626665,0.044651666666666666,0.04427,0.0,0.0,0.0003816666666666667,0.007868333333333333,6.765958333333333,0.0,0.0,0.0,0.0,1.50195,4.272864999999996,False
snn32_seed7_forest_anomaly,measured,fresh_to_first_window,accept,accepted,60,70.95535,86.50880999999997,96.921185,97.646,62.0075,9.220343333333334,9.169098333333334,0.0,0.0,0.051245,0.24223166666666665,0.355885,0.0,0.0,0.0,0.0,19.8569,37.995104999999995,False
snn32_seed7_forest_anomaly,measured,malformed_json_receiver,reject,malformed_message,60,0.20315,0.26265,0.278453,0.2804,0.20178833333333335,0.0,0.0,0.0,0.0,0.0,0.00011,0.0,0.0,0.0,0.0,0.0,0.0445,0.10685499999999998,False
snn32_seed7_forest_anomaly,measured,post_window_after_refusals,accept,accepted,60,44.6585,60.975255,64.67954099999997,68.0662,45.019625,0.06535333333333333,0.06525166666666667,0.0,0.0,0.00010166666666666667,0.009238333333333335,0.18667833333333334,0.0,0.0,0.0,0.0,7.6156,24.839654999999997,False
snn32_seed7_forest_anomaly,measured,post_window_recurring,accept,accepted,60,57.52705,65.28977,68.78180399999998,72.2123,56.593795,0.7607666666666666,0.7565866666666666,0.0,0.0,0.00418,0.04688,0.48974666666666666,0.0,0.0,0.0,0.0,11.6114,20.760554999999997,False
snn32_seed7_forest_anomaly,measured,pre_tag_quality_refusal,reject,data_quality_failure,60,2.4192,2.914165,3.063648,3.0889,2.3138733333333334,0.004846666666666667,0.004846666666666667,0.0,0.0,0.0,0.0005466666666666667,0.0,0.0,0.0,0.0,0.0,0.41465,1.155145,False
snn32_seed7_forest_anomaly,measured,valid_receiver_after_bad_tag,accept,accepted,60,43.87315,50.83673,57.724402,58.0148,43.35152,0.1479,0.14776666666666666,0.0,0.0,0.00013333333333333334,0.013018333333333333,0.006436666666666667,0.0,0.0,0.0,0.0,9.4678,22.451694999999994,False
snn32_seed7_forest_anomaly,warmup,bad_tag_receiver,reject,invalid_tag,29,1.7493,2.6073199999999996,2.73408,2.7352,1.9441586206896553,0.010279310344827586,0.009972413793103447,0.0,0.0,0.0003068965517241379,0.013437931034482759,0.0,0.0,0.0,0.0,0.0,-0.0657,0.7860999999999991,False
snn32_seed7_forest_anomaly,warmup,exact_replay_receiver,reject,duplicate_sequence,29,6.6117,8.862059999999998,9.354572,9.3686,6.869568965517241,0.023803448275862067,0.023803448275862067,0.0,0.0,0.0,0.0497448275862069,0.21754482758620688,0.0,0.0,0.0,0.0,1.0842,3.3426399999999985,False
snn32_seed7_forest_anomaly,warmup,fresh_to_first_window,accept,accepted,29,69.3356,74.58596,79.751632,81.2932,63.28398965517241,6.177803448275863,5.996713793103448,0.0,0.0,0.1810896551724138,0.1820448275862069,0.2900655172413793,0.0,0.0,0.0,0.0,22.3138,27.8795,False
snn32_seed7_forest_anomaly,warmup,malformed_json_receiver,reject,malformed_message,29,0.1703,0.25254,0.27898799999999996,0.2875,0.17885862068965516,0.0005931034482758621,0.0005931034482758621,0.0,0.0,0.0,0.0004965517241379311,0.0,0.0,0.0,0.0,0.0,0.0381,0.12299999999999998,False
snn32_seed7_forest_anomaly,warmup,post_window_after_refusals,accept,accepted,29,36.0138,42.18028,44.621328,45.5691,36.6716,0.07973793103448275,0.0794551724137931,0.0,0.0,0.0002827586206896552,0.07739310344827585,0.13871724137931035,0.0,0.0,0.0,0.0,4.7837,9.81377999999999,False
snn32_seed7_forest_anomaly,warmup,post_window_recurring,accept,accepted,29,56.0313,61.77616,62.3798,62.4785,55.03257586206897,1.247493103448276,1.2431379310344828,0.0,0.0,0.004355172413793103,0.1817896551724138,1.1987103448275864,0.0,0.0,0.0,0.0,14.0301,19.48596,False
snn32_seed7_forest_anomaly,warmup,pre_tag_quality_refusal,reject,data_quality_failure,29,1.7575,2.2249799999999995,2.5427959999999996,2.6455,1.8177551724137933,0.0006517241379310346,0.0006517241379310346,0.0,0.0,0.0,0.0003620689655172414,0.0,0.0,0.0,0.0,0.0,0.2657,0.5375399999999999,False
snn32_seed7_forest_anomaly,warmup,valid_receiver_after_bad_tag,accept,accepted,29,32.7011,47.22136,47.889096,48.0163,35.342441379310344,0.11056551724137931,0.10986896551724137,0.0,0.0,0.000696551724137931,0.10336206896551725,0.0,0.0,0.0,0.0,0.0,6.1227,21.038319999999995,False
